Log Time;Windspeed (ref);RPM;Voltage In;Voltage L1;Voltage L2;Current out;Power out;Power reg;T1;T2;T3;Event count;Last event code;Turbine status;Grid status;System status
2022:08:16:00:05:42,537;0;0;22.9;131.0;132.3;0.16;0;0;20.2;19.9;18.2;13317;107;1;0;0
2022:08:16:00:06:03,861;0;0;22.9;130.8;132.3;0.16;0;0;20.2;19.9;18.2;13317;107;1;0;0
2022:08:16:00:12:20,154;0;0;22.9;131.0;132.1;0.16;0;0;20.1;19.8;18.1;13317;107;1;0;0
2022:08:16:00:14:53,495;0;0;23.0;131.2;132.4;0.16;0;0;20.0;19.8;18.1;13317;107;1;0;0
2022:08:16:00:15:01,317;0;0;23.0;131.2;132.9;0.16;0;0;20.0;19.8;18.1;13317;107;1;0;0
2022:08:16:00:18:52,170;0;0;23.0;131.2;132.9;0.16;0;0;20.0;19.7;18.0;13317;107;1;0;0
2022:08:16:00:19:47,738;0;0;23.0;131.2;132.4;0.16;0;0;20.0;19.7;18.0;13317;107;1;0;0
2022:08:16:00:20:00,340;0;0;23.0;131.2;132.4;0.14;0;0;20.0;19.7;18.0;13317;107;1;0;0
2022:08:16:00:21:12,371;0;0;23.0;131.5;132.7;0.16;0;0;20.0;19.7;18.0;13317;107;1;0;0
2022:08:16:00:22:01,237;0;0;23.0;131.5;132.9;0.16;0;0;20.0;19.7;18.0;13317;107;1;0;0
2022:08:16:00:23:26,849;0;0;23.0;131.5;132.7;0.16;0;0;19.9;19.6;17.9;13317;107;1;0;0
2022:08:16:00:24:08,255;0;0;23.0;131.5;132.9;0.16;0;0;19.9;19.6;17.9;13317;107;1;0;0
2022:08:16:00:25:22,925;0;0;23.0;131.7;133.3;0.16;0;0;19.9;19.6;17.9;13317;107;1;0;0
2022:08:16:00:26:04,253;0;0;23.0;131.5;132.9;0.16;0;0;19.9;19.6;17.9;13317;107;1;0;0
2022:08:16:00:27:00,480;0;0;23.0;131.5;132.7;0.16;0;0;19.9;19.6;17.9;13317;107;1;0;0
2022:08:16:00:35:59,489;0;0;23.0;131.5;132.7;0.16;0;0;19.8;19.5;17.8;13317;107;1;0;0
2022:08:16:00:36:01,830;0;0;23.0;131.5;132.9;0.16;0;0;19.8;19.5;17.8;13317;107;1;0;0
2022:08:16:00:37:19,289;0;0;23.0;131.5;133.2;0.16;0;0;19.7;19.5;17.8;13317;107;1;0;0
2022:08:16:00:38:01,779;0;0;23.0;131.7;133.0;0.16;0;0;19.7;19.4;17.8;13317;107;1;0;0
2022:08:16:00:39:01,754;0;0;23.0;131.7;133.0;0.16;0;0;19.7;19.4;17.8;13317;107;1;0;0
2022:08:16:00:40:42,947;0;0;23.0;131.7;133.0;0.14;0;0;19.7;19.4;17.7;13317;107;1;0;0
2022:08:16:00:41:01,010;0;0;23.0;131.7;133.3;0.14;0;0;19.7;19.4;17.7;13317;107;1;0;0
2022:08:16:00:42:34,743;0;0;23.0;131.9;133.3;0.16;0;0;19.7;19.4;17.7;13317;107;1;0;0
2022:08:16:00:43:05,468;0;0;23.0;131.7;133.3;0.14;0;0;19.7;19.4;17.7;13317;107;1;0;0
2022:08:16:00:44:09,016;0;0;23.0;131.7;133.0;0.16;0;0;19.7;19.4;17.7;13317;107;1;0;0
2022:08:16:00:45:01,224;0;0;23.0;131.7;133.3;0.16;0;0;19.6;19.4;17.7;13317;107;1;0;0
2022:08:16:00:47:31,106;0;0;23.0;131.9;133.1;0.16;0;0;19.6;19.4;17.6;13317;107;1;0;0
2022:08:16:00:48:07,091;0;0;23.0;131.9;133.1;0.16;0;0;19.6;19.4;17.6;13317;107;1;0;0
2022:08:16:00:49:08,679;0;0;23.0;131.9;133.3;0.16;0;0;19.6;19.4;17.6;13317;107;1;0;0
2022:08:16:00:50:02,567;0;0;23.0;131.9;133.3;0.16;0;0;19.6;19.4;17.6;13317;107;1;0;0
2022:08:16:00:51:39,160;0;0;23.0;132.1;133.6;0.16;0;0;19.5;19.3;17.5;13317;107;1;0;0
2022:08:16:00:52:00,744;0;0;23.0;132.1;133.6;0.16;0;0;19.5;19.3;17.5;13317;107;1;0;0
2022:08:16:00:53:01,053;0;0;23.0;132.1;133.9;0.16;0;0;19.5;19.3;17.5;13317;107;1;0;0
2022:08:16:00:54:01,701;0;0;23.0;130.6;131.7;0.16;0;0;19.5;19.3;17.5;13317;107;1;0;0
2022:08:16:00:55:00,910;0;0;22.8;130.6;131.9;0.16;0;0;19.5;19.3;17.5;13317;107;1;0;0
2022:08:16:00:56:00,158;0;0;22.8;130.6;131.7;0.16;0;0;19.5;19.3;17.5;13317;107;1;0;0
2022:08:16:00:57:03,507;0;0;22.8;130.6;131.9;0.16;0;0;19.5;19.3;17.5;13317;107;1;0;0
2022:08:16:00:58:01,176;0;0;22.8;130.4;131.7;0.16;0;0;19.5;19.3;17.5;13317;107;1;0;0
2022:08:16:00:59:00,804;0;0;22.8;130.6;131.9;0.16;0;0;19.5;19.3;17.4;13317;107;1;0;0
2022:08:16:01:00:08,793;0;0;22.8;130.6;131.9;0.16;0;0;19.4;19.3;17.4;13317;107;1;0;0
2022:08:16:01:01:00,361;0;0;22.8;130.8;132.3;0.16;0;0;19.4;19.3;17.4;13317;107;1;0;0
2022:08:16:01:02:03,230;0;0;22.8;130.6;131.7;0.16;0;0;19.4;19.2;17.4;13317;107;1;0;0
2022:08:16:01:03:01,478;0;0;22.8;130.4;131.7;0.16;0;0;19.4;19.2;17.4;13317;107;1;0;0
2022:08:16:01:04:01,947;0;0;22.8;130.6;131.9;0.16;0;0;19.4;19.2;17.4;13317;107;1;0;0
2022:08:16:01:05:01,195;0;0;22.8;130.6;131.9;0.16;0;0;19.4;19.2;17.3;13317;107;1;0;0
2022:08:16:01:06:00,084;0;0;22.8;130.8;132.1;0.16;0;0;19.4;19.2;17.3;13317;107;1;0;0
2022:08:16:01:07:27,638;0;0;22.8;130.6;131.9;0.16;0;0;19.4;19.1;17.3;13317;107;1;0;0
2022:08:16:01:08:00,761;0;0;22.8;130.8;131.7;0.16;0;0;19.4;19.1;17.3;13317;107;1;0;0
2022:08:16:01:09:02,990;0;0;22.8;130.8;132.1;0.17;0;0;19.4;19.1;17.3;13317;107;1;0;0
2022:08:16:01:10:28,762;0;0;22.8;130.8;132.1;0.16;0;0;19.4;19.1;17.3;13317;107;1;0;0
2022:08:16:01:11:00,527;0;0;22.8;130.8;132.1;0.16;0;0;19.3;19.1;17.3;13317;107;1;0;0
2022:08:16:01:12:14,237;0;0;22.8;130.8;131.7;0.16;0;0;19.3;19.1;17.2;13317;107;1;0;0
2022:08:16:01:13:32,332;0;0;22.8;130.8;132.3;0.16;0;0;19.3;19.0;17.2;13317;107;1;0;0
2022:08:16:01:14:14,895;0;0;22.8;130.8;132.1;0.16;0;0;19.3;19.0;17.2;13317;107;1;0;0
2022:08:16:01:16:14,191;0;0;22.8;130.6;131.7;0.16;0;0;19.3;19.0;17.2;13317;107;1;0;0
2022:08:16:01:17:00,038;0;0;22.8;130.6;131.9;0.16;0;0;19.3;19.0;17.2;13317;107;1;0;0
2022:08:16:01:19:13,917;0;0;22.8;130.8;132.3;0.16;0;0;19.2;18.9;17.2;13317;107;1;0;0
2022:08:16:01:27:34,269;0;0;22.9;131.0;132.3;0.16;0;0;19.1;18.8;17.2;13317;107;1;0;0
2022:08:16:01:28:01,473;0;0;22.9;131.0;132.3;0.16;0;0;19.1;18.8;17.2;13317;107;1;0;0
2022:08:16:01:30:25,193;0;0;22.9;131.0;132.1;0.16;0;0;19.1;18.8;17.2;13317;107;1;0;0
2022:08:16:01:31:31,723;0;0;22.8;130.8;132.3;0.16;0;0;19.1;18.8;17.1;13317;107;1;0;0
2022:08:16:01:32:43,132;0;0;22.8;130.8;132.1;0.16;0;0;19.1;18.8;17.1;13317;107;1;0;0
2022:08:16:01:33:22,358;0;0;22.8;130.8;132.3;0.17;0;0;19.1;18.8;17.1;13317;107;1;0;0
2022:08:16:01:34:01,804;0;0;22.8;130.8;132.1;0.16;0;0;19.0;18.8;17.1;13317;107;1;0;0
2022:08:16:01:35:36,898;0;0;22.8;131.0;132.3;0.16;0;0;19.0;18.8;17.1;13317;107;1;0;0
2022:08:16:01:36:01,461;0;0;22.9;131.0;132.3;0.17;0;0;19.0;18.8;17.1;13317;107;1;0;0
2022:08:16:01:37:07,590;0;0;22.8;130.8;132.3;0.16;0;0;19.0;18.8;17.1;13317;107;1;0;0
2022:08:16:01:38:00,639;0;0;22.9;131.0;132.3;0.16;0;0;19.0;18.7;17.1;13317;107;1;0;0
2022:08:16:01:39:00,587;0;0;22.9;130.8;132.1;0.16;0;0;19.0;18.7;17.1;13317;107;1;0;0
2022:08:16:01:40:00,755;0;0;22.9;131.0;132.6;0.16;0;0;19.0;18.7;17.1;13317;107;1;0;0
2022:08:16:01:41:20,587;0;0;22.9;130.8;132.1;0.16;0;0;19.0;18.8;17.2;13317;107;1;0;0
2022:08:16:01:42:01,233;0;0;22.9;131.0;132.1;0.16;0;0;19.0;18.8;17.1;13317;107;1;0;0
2022:08:16:01:43:00,701;0;0;22.9;131.0;132.3;0.16;0;0;19.0;18.8;17.2;13317;107;1;0;0
2022:08:16:01:44:00,610;0;0;22.9;131.0;132.3;0.16;0;0;19.0;18.8;17.2;13317;107;1;0;0
2022:08:16:01:45:02,058;0;0;22.9;130.8;132.1;0.16;0;0;19.0;18.8;17.2;13317;107;1;0;0
2022:08:16:01:46:01,667;0;0;22.9;130.8;132.3;0.16;0;0;19.0;18.8;17.2;13317;107;1;0;0
2022:08:16:01:47:37,463;0;0;22.8;130.8;132.1;0.16;0;0;19.0;18.8;17.2;13317;107;1;0;0
2022:08:16:01:48:46,590;0;0;22.8;130.8;132.1;0.16;0;0;19.0;18.8;17.2;13317;107;1;0;0
2022:08:16:01:49:00,152;0;0;22.8;130.8;132.3;0.16;0;0;19.0;18.8;17.2;13317;107;1;0;0
2022:08:16:01:50:08,422;0;0;22.8;130.8;132.1;0.16;0;0;19.0;18.8;17.2;13317;107;1;0;0
2022:08:16:01:51:00,690;0;0;22.8;130.8;132.3;0.16;0;0;19.0;18.8;17.2;13317;107;1;0;0
2022:08:16:01:52:00,077;0;0;22.9;130.8;132.3;0.16;0;0;19.0;18.8;17.2;13317;107;1;0;0
2022:08:16:01:53:00,947;0;0;22.9;130.8;132.3;0.16;0;0;19.0;18.8;17.2;13317;107;1;0;0
2022:08:16:01:54:13,597;0;0;22.9;131.0;132.3;0.16;0;0;19.0;18.8;17.2;13317;107;1;0;0
2022:08:16:01:55:00,183;0;0;22.9;131.0;132.1;0.16;0;0;19.0;18.8;17.2;13317;107;1;0;0
2022:08:16:01:56:50,139;0;0;22.9;130.8;132.1;0.16;0;0;19.0;18.7;17.2;13317;107;1;0;0
2022:08:16:01:57:13,182;0;0;22.9;130.8;132.3;0.16;0;0;19.0;18.7;17.2;13317;107;1;0;0
2022:08:16:01:58:25,573;0;0;22.9;130.8;132.1;0.16;0;0;19.0;18.7;17.2;13317;107;1;0;0
2022:08:16:01:59:07,399;0;0;22.9;130.8;131.7;0.16;0;0;19.0;18.7;17.2;13317;107;1;0;0
2022:08:16:02:00:01,267;0;0;22.9;131.0;132.3;0.16;0;0;19.0;18.7;17.2;13317;107;1;0;0
2022:08:16:02:01:49,862;0;0;22.9;130.8;131.7;0.16;0;0;19.0;18.7;17.2;13317;107;1;0;0
2022:08:16:02:02:00,644;0;0;22.9;130.8;132.3;0.16;0;0;19.0;18.7;17.2;13317;107;1;0;0
2022:08:16:02:03:00,753;0;0;22.9;131.0;132.6;0.16;0;0;18.9;18.7;17.1;13317;107;1;0;0
2022:08:16:02:04:20,125;0;0;22.9;131.0;132.1;0.17;0;0;18.9;18.7;17.1;13317;107;1;0;0
2022:08:16:02:05:07,610;0;0;22.9;130.8;132.3;0.16;0;0;18.9;18.7;17.1;13317;107;1;0;0
2022:08:16:02:06:20,400;0;0;22.8;131.0;132.3;0.17;0;0;18.9;18.6;17.1;13317;107;1;0;0
2022:08:16:02:07:19,829;0;0;22.8;130.8;131.7;0.16;0;0;18.9;18.6;17.1;13317;107;1;0;0
2022:08:16:02:08:27,219;0;0;22.8;130.8;132.3;0.17;0;0;18.9;18.6;17.1;13317;107;1;0;0
2022:08:16:02:09:51,111;0;0;22.8;130.8;132.1;0.16;0;0;18.9;18.6;17.1;13317;107;1;0;0
2022:08:16:02:10:01,613;0;0;22.8;130.8;132.3;0.16;0;0;18.9;18.6;17.1;13317;107;1;0;0
2022:08:16:02:11:57,569;0;0;22.8;130.8;132.1;0.17;0;0;18.9;18.6;17.0;13317;107;1;0;0
2022:08:16:02:14:18,750;0;0;22.8;130.8;132.1;0.16;0;0;18.8;18.6;17.0;13317;107;1;0;0
2022:08:16:02:15:24,158;0;0;22.8;130.8;132.3;0.16;0;0;18.8;18.6;17.0;13317;107;1;0;0
2022:08:16:02:16:01,204;0;0;22.8;130.8;132.3;0.16;0;0;18.8;18.5;16.9;13317;107;1;0;0
2022:08:16:02:17:11,754;0;0;22.8;130.8;132.3;0.16;0;0;18.8;18.5;16.9;13317;107;1;0;0
2022:08:16:02:18:00,841;0;0;22.9;130.8;132.3;0.16;0;0;18.8;18.5;16.9;13317;107;1;0;0
2022:08:16:02:19:19,192;0;0;22.9;130.8;132.3;0.17;0;0;18.8;18.5;16.9;13317;107;1;0;0
2022:08:16:02:20:00,557;0;0;22.8;130.8;131.7;0.16;0;0;18.8;18.5;16.9;13317;107;1;0;0
2022:08:16:02:21:00,687;0;0;22.8;130.8;132.1;0.16;0;0;18.8;18.5;16.9;13317;107;1;0;0
2022:08:16:02:22:00,975;0;0;22.8;130.8;132.1;0.17;0;0;18.8;18.5;16.9;13317;107;1;0;0
2022:08:16:02:23:00,523;0;0;22.8;130.8;132.5;0.16;0;0;18.8;18.5;16.9;13317;107;1;0;0
2022:08:16:02:24:03,432;0;0;22.9;130.8;132.1;0.16;0;0;18.8;18.5;16.9;13317;107;1;0;0
2022:08:16:02:25:00,660;0;0;22.9;130.8;132.1;0.16;0;0;18.7;18.5;16.9;13317;107;1;0;0
2022:08:16:02:26:03,589;0;0;22.8;131.0;132.1;0.16;0;0;18.7;18.5;16.9;13317;107;1;0;0
2022:08:16:02:27:00,978;0;0;22.9;131.0;132.6;0.17;0;0;18.7;18.5;16.9;13317;107;1;0;0
2022:08:16:02:28:28,170;0;0;22.9;130.8;132.1;0.16;0;0;18.7;18.5;16.9;13317;107;1;0;0
2022:08:16:02:29:00,034;0;0;22.9;130.8;132.3;0.16;0;0;18.7;18.5;16.9;13317;107;1;0;0
2022:08:16:02:30:01,104;0;0;22.8;130.8;132.1;0.16;0;0;18.7;18.5;16.9;13317;107;1;0;0
2022:08:16:02:31:00,992;0;0;22.8;130.8;132.5;0.16;0;0;18.7;18.5;16.9;13317;107;1;0;0
2022:08:16:02:32:26,405;0;0;22.8;130.8;132.1;0.16;0;0;18.7;18.4;16.8;13317;107;1;0;0
2022:08:16:02:33:00,930;0;0;22.8;130.8;131.7;0.16;0;0;18.7;18.4;16.8;13317;107;1;0;0
2022:08:16:02:34:01,978;0;0;22.8;131.0;132.3;0.16;0;0;18.7;18.4;16.8;13317;107;1;0;0
2022:08:16:02:35:01,627;0;0;22.8;130.8;132.3;0.16;0;0;18.7;18.4;16.8;13317;107;1;0;0
2022:08:16:02:36:00,294;0;0;22.9;130.8;132.1;0.17;0;0;18.7;18.4;16.8;13317;107;1;0;0
2022:08:16:02:37:00,723;0;0;22.9;130.8;132.3;0.17;0;0;18.6;18.4;16.8;13317;107;1;0;0
2022:08:16:02:38:09,753;0;0;22.9;130.8;132.1;0.16;0;0;18.6;18.4;16.8;13317;107;1;0;0
2022:08:16:02:39:00,840;0;0;22.9;131.0;132.3;0.16;0;0;18.6;18.4;16.8;13317;107;1;0;0
2022:08:16:02:40:00,329;0;0;22.8;131.0;132.3;0.17;0;0;18.6;18.4;16.8;13317;107;1;0;0
2022:08:16:02:41:00,417;0;0;22.9;131.0;132.6;0.17;0;0;18.6;18.4;16.8;13317;107;1;0;0
2022:08:16:02:42:00,506;0;0;22.8;131.0;132.3;0.16;0;0;18.6;18.4;16.8;13317;107;1;0;0
2022:08:16:02:43:01,415;0;0;22.9;131.0;132.3;0.14;0;0;18.6;18.4;16.8;13317;107;1;0;0
2022:08:16:02:44:20,406;0;0;22.8;130.8;131.7;0.17;0;0;18.6;18.4;16.8;13317;107;1;0;0
2022:08:16:02:45:58,784;0;0;22.9;131.0;132.3;0.16;0;0;18.6;18.4;16.8;13317;107;1;0;0
2022:08:16:02:46:01,244;0;0;22.9;131.0;132.1;0.17;0;0;18.6;18.4;16.8;13317;107;1;0;0
2022:08:16:02:47:07,980;0;0;22.9;131.0;132.1;0.16;0;0;18.6;18.4;16.8;13317;107;1;0;0
2022:08:16:02:48:14,916;0;0;22.9;131.0;132.1;0.17;0;0;18.6;18.4;16.8;13317;107;1;0;0
2022:08:16:02:49:10,011;0;0;22.9;131.0;132.3;0.16;0;0;18.6;18.4;16.8;13317;107;1;0;0
2022:08:16:02:50:28,349;0;0;22.9;131.0;132.3;0.17;0;0;18.6;18.4;16.8;13317;107;1;0;0
2022:08:16:02:51:00,234;0;0;22.9;131.2;132.1;0.17;0;0;18.6;18.4;16.8;13317;107;1;0;0
2022:08:16:02:52:02,742;0;0;22.9;131.2;132.7;0.16;0;0;18.6;18.4;16.8;13317;107;1;0;0
2022:08:16:02:53:01,471;0;0;22.9;131.0;132.6;0.17;0;0;18.6;18.4;16.8;13317;107;1;0;0
2022:08:16:02:54:02,379;0;0;22.9;131.2;132.7;0.16;0;0;18.6;18.4;16.8;13317;107;1;0;0
2022:08:16:02:55:01,288;0;0;22.9;131.2;132.7;0.16;0;0;18.6;18.4;16.8;13317;107;1;0;0
2022:08:16:02:56:00,736;0;0;22.9;131.2;132.4;0.16;0;0;18.6;18.4;16.8;13317;107;1;0;0
2022:08:16:02:57:00,964;0;0;22.9;131.2;132.7;0.16;0;0;18.6;18.4;16.8;13317;107;1;0;0
2022:08:16:02:58:07,894;0;0;22.9;131.2;132.7;0.16;0;0;18.6;18.4;16.8;13317;107;1;0;0
2022:08:16:03:00:30,694;0;0;22.9;131.0;132.3;0.16;0;0;18.6;18.4;16.9;13317;107;1;0;0
2022:08:16:03:01:01,058;0;0;22.9;131.0;132.6;0.16;0;0;18.6;18.4;16.9;13317;107;1;0;0
2022:08:16:03:02:00,627;0;0;22.9;131.0;132.1;0.16;0;0;18.6;18.4;16.9;13317;107;1;0;0
2022:08:16:03:03:41,962;0;0;22.9;131.2;132.7;0.17;0;0;18.6;18.4;16.9;13317;107;1;0;0
2022:08:16:03:04:10,006;0;0;22.9;131.2;132.4;0.17;0;0;18.6;18.4;16.9;13317;107;1;0;0
2022:08:16:03:05:23,376;0;0;22.9;131.0;132.1;0.17;0;0;18.6;18.4;16.9;13317;107;1;0;0
2022:08:16:03:06:00,481;0;0;22.9;131.0;132.3;0.16;0;0;18.6;18.4;16.9;13317;107;1;0;0
2022:08:16:03:07:05,851;0;0;22.9;131.2;132.4;0.17;0;0;18.6;18.4;16.9;13317;107;1;0;0
2022:08:16:03:08:00,218;0;0;22.9;131.0;132.3;0.17;0;0;18.6;18.4;16.9;13317;107;1;0;0
2022:08:16:03:09:09,929;0;0;22.9;131.0;132.3;0.17;0;0;18.6;18.4;16.9;13317;107;1;0;0
2022:08:16:03:10:00,816;0;0;22.9;131.0;132.3;0.16;0;0;18.6;18.4;16.9;13317;107;1;0;0
2022:08:16:03:11:00,364;0;0;22.9;131.0;132.3;0.16;0;0;18.6;18.4;16.9;13317;107;1;0;0
2022:08:16:03:12:00,853;0;0;22.9;131.2;132.7;0.17;0;0;18.6;18.4;16.9;13317;107;1;0;0
2022:08:16:03:13:00,381;0;0;22.9;131.0;132.6;0.17;0;0;18.6;18.4;16.9;13317;107;1;0;0
2022:08:16:03:14:00,090;0;0;22.9;131.2;132.7;0.17;0;0;18.5;18.4;16.9;13317;107;1;0;0
2022:08:16:03:15:00,298;0;0;22.9;131.0;132.1;0.16;0;0;18.5;18.4;16.9;13317;107;1;0;0
2022:08:16:03:16:01,468;0;0;22.9;131.0;132.3;0.16;0;0;18.5;18.4;16.9;13317;107;1;0;0
2022:08:16:03:17:00,976;0;0;22.9;131.0;132.6;0.16;0;0;18.5;18.4;16.9;13317;107;1;0;0
2022:08:16:03:18:01,204;0;0;22.9;131.0;132.1;0.16;0;0;18.5;18.4;16.9;13317;107;1;0;0
2022:08:16:03:19:00,373;0;0;22.9;131.2;132.4;0.16;0;0;18.5;18.4;16.9;13317;107;1;0;0
2022:08:16:03:20:37,427;0;0;22.9;131.2;132.7;0.17;0;0;18.5;18.4;16.9;13317;107;1;0;0
2022:08:16:03:21:02,252;0;0;22.9;131.2;132.4;0.16;0;0;18.5;18.4;16.9;13317;107;1;0;0
2022:08:16:03:22:00,078;0;0;22.9;131.2;132.7;0.16;0;0;18.5;18.4;16.9;13317;107;1;0;0
2022:08:16:03:23:02,028;0;0;22.9;131.0;132.3;0.16;0;0;18.5;18.4;16.9;13317;107;1;0;0
2022:08:16:03:24:07,037;0;0;22.9;131.0;132.6;0.17;0;0;18.5;18.4;16.9;13317;107;1;0;0
2022:08:16:03:25:00,164;0;0;22.9;131.0;132.6;0.16;0;0;18.5;18.4;16.9;13317;107;1;0;0
2022:08:16:03:26:00,293;0;0;22.9;131.2;132.1;0.16;0;0;18.5;18.4;16.9;13317;107;1;0;0
2022:08:16:03:27:06,322;0;0;22.9;131.2;132.4;0.16;0;0;18.5;18.4;16.9;13317;107;1;0;0
2022:08:16:03:28:00,290;0;0;22.9;131.0;132.6;0.16;0;0;18.5;18.4;16.9;13317;107;1;0;0
2022:08:16:03:29:01,058;0;0;22.9;131.0;132.3;0.16;0;0;18.5;18.4;16.9;13317;107;1;0;0
2022:08:16:03:30:00,667;0;0;22.9;131.0;132.3;0.16;0;0;18.5;18.4;16.9;13317;107;1;0;0
2022:08:16:03:31:28,040;0;0;22.9;131.2;132.7;0.17;0;0;18.5;18.4;16.9;13317;107;1;0;0
2022:08:16:03:32:00,284;0;0;22.9;131.2;132.4;0.17;0;0;18.5;18.4;16.9;13317;107;1;0;0
2022:08:16:03:33:00,333;0;0;22.9;131.2;132.7;0.17;0;0;18.5;18.4;16.9;13317;107;1;0;0
2022:08:16:03:34:00,081;0;0;22.9;131.2;132.9;0.16;0;0;18.5;18.4;16.9;13317;107;1;0;0
2022:08:16:03:36:12,381;0;0;23.0;131.2;132.7;0.16;0;0;18.5;18.4;16.9;13317;107;1;0;0
2022:08:16:03:37:00,667;0;0;23.0;131.2;132.4;0.16;0;0;18.5;18.4;16.9;13317;107;1;0;0
2022:08:16:03:38:00,656;0;0;22.9;131.2;132.9;0.17;0;0;18.5;18.4;16.9;13317;107;1;0;0
2022:08:16:03:39:08,766;0;0;22.9;131.2;132.7;0.16;0;0;18.5;18.4;16.9;13317;107;1;0;0
2022:08:16:03:40:08,394;0;0;22.9;131.2;132.7;0.17;0;0;18.5;18.4;16.9;13317;107;1;0;0
2022:08:16:03:41:01,802;0;0;22.9;131.2;132.7;0.16;0;0;18.5;18.4;16.9;13317;107;1;0;0
2022:08:16:03:42:00,470;0;0;22.9;131.2;132.7;0.17;0;0;18.5;18.4;16.9;13317;107;1;0;0
2022:08:16:03:43:15,022;0;0;22.9;131.2;132.7;0.16;0;0;18.5;18.4;16.9;13317;107;1;0;0
2022:08:16:03:44:01,687;0;0;22.9;131.5;132.7;0.16;0;0;18.5;18.4;16.9;13317;107;1;0;0
2022:08:16:03:45:00,975;0;0;23.0;131.2;132.4;0.14;0;0;18.5;18.4;16.9;13317;107;1;0;0
2022:08:16:03:46:01,004;0;0;23.0;131.2;132.7;0.17;0;0;18.5;18.4;16.9;13317;107;1;0;0
2022:08:16:03:47:00,873;0;0;23.0;131.2;132.7;0.16;0;0;18.5;18.4;17.0;13317;107;1;0;0
2022:08:16:03:48:02,222;0;0;22.9;131.2;132.4;0.16;0;0;18.6;18.4;17.0;13317;107;1;0;0
2022:08:16:03:49:01,090;0;0;23.0;131.5;132.5;0.16;0;0;18.6;18.4;17.0;13317;107;1;0;0
2022:08:16:03:50:02,219;0;0;23.0;131.2;132.4;0.16;0;0;18.6;18.4;17.0;13317;107;1;0;0
2022:08:16:03:51:00,127;0;0;23.0;131.5;132.7;0.16;0;0;18.6;18.4;17.0;13317;107;1;0;0
2022:08:16:03:52:01,836;0;0;23.0;131.2;132.7;0.16;0;0;18.6;18.4;17.0;13317;107;1;0;0
2022:08:16:03:53:01,144;0;0;23.0;131.2;132.9;0.16;0;0;18.6;18.4;17.0;13317;107;1;0;0
2022:08:16:03:54:00,773;0;0;22.9;131.2;132.7;0.16;0;0;18.6;18.4;17.0;13317;107;1;0;0
2022:08:16:03:55:01,181;0;0;22.9;131.2;132.7;0.17;0;0;18.6;18.4;17.0;13317;107;1;0;0
2022:08:16:03:56:14,532;0;0;22.9;131.2;132.4;0.16;0;0;18.6;18.4;17.0;13317;107;1;0;0
2022:08:16:03:57:00,218;0;0;22.9;131.2;132.1;0.16;0;0;18.6;18.4;17.0;13317;107;1;0;0
2022:08:16:03:58:02,188;0;0;22.9;131.2;132.7;0.17;0;0;18.6;18.4;17.0;13317;107;1;0;0
2022:08:16:03:59:20,118;0;0;23.0;131.2;132.4;0.16;0;0;18.6;18.4;17.0;13317;107;1;0;0
2022:08:16:04:00:04,186;0;0;23.0;131.2;132.7;0.16;0;0;18.6;18.4;17.0;13317;107;1;0;0
2022:08:16:04:01:00,253;0;0;23.0;131.2;132.7;0.16;0;0;18.6;18.4;17.0;13317;107;1;0;0
2022:08:16:04:02:01,141;0;0;22.9;131.2;132.7;0.17;0;0;18.6;18.4;17.0;13317;107;1;0;0
2022:08:16:04:03:00,690;0;0;22.9;131.2;132.4;0.16;0;0;18.6;18.4;17.0;13317;107;1;0;0
2022:08:16:04:04:17,981;0;0;22.9;131.2;132.7;0.16;0;0;18.6;18.4;16.9;13317;107;1;0;0
2022:08:16:04:05:01,367;0;0;22.9;131.0;132.1;0.16;0;0;18.6;18.4;16.9;13317;107;1;0;0
2022:08:16:04:06:02,336;0;0;22.9;131.0;132.3;0.16;0;0;18.6;18.4;16.9;13317;107;1;0;0
2022:08:16:04:07:02,605;0;0;22.9;131.2;132.4;0.16;0;0;18.6;18.4;16.9;13317;107;1;0;0
2022:08:16:04:08:00,513;0;0;23.0;131.2;132.7;0.16;0;0;18.6;18.4;16.9;13317;107;1;0;0
2022:08:16:04:09:00,981;0;0;22.9;131.2;132.7;0.16;0;0;18.6;18.4;16.9;13317;107;1;0;0
2022:08:16:04:10:01,410;0;0;22.9;131.0;132.3;0.16;0;0;18.6;18.4;16.9;13317;107;1;0;0
2022:08:16:04:11:00,518;0;0;22.9;131.2;132.7;0.16;0;0;18.6;18.4;16.9;13317;107;1;0;0
2022:08:16:04:12:00,727;0;0;22.8;131.0;132.1;0.16;0;0;18.6;18.4;16.9;13317;107;1;0;0
2022:08:16:04:13:00,395;0;0;22.9;131.0;132.3;0.12;0;0;18.6;18.4;16.8;13317;107;1;0;0
2022:08:16:04:14:00,084;0;0;22.9;131.2;132.4;0.16;0;0;18.5;18.4;16.8;13317;107;1;0;0
2022:08:16:04:15:26,818;0;0;22.9;131.2;132.7;0.16;0;0;18.5;18.3;16.8;13317;107;1;0;0
2022:08:16:04:16:00,701;0;0;22.9;131.2;132.1;0.16;0;0;18.5;18.3;16.8;13317;107;1;0;0
2022:08:16:04:17:00,530;0;0;23.0;131.5;132.5;0.17;0;0;18.5;18.3;16.8;13317;107;1;0;0
2022:08:16:04:18:00,858;0;0;23.0;131.2;132.7;0.17;0;0;18.5;18.3;16.8;13317;107;1;0;0
2022:08:16:04:19:02,128;0;0;22.9;131.2;132.4;0.16;0;0;18.5;18.3;16.7;13317;107;1;0;0
2022:08:16:04:20:00,116;0;0;22.9;131.0;132.3;0.16;0;0;18.5;18.3;16.7;13317;107;1;0;0
2022:08:16:04:21:01,044;0;0;22.9;131.0;132.3;0.16;0;0;18.5;18.3;16.7;13317;107;1;0;0
2022:08:16:04:22:00,273;0;0;22.9;130.8;132.1;0.16;0;0;18.5;18.3;16.7;13317;107;1;0;0
2022:08:16:04:23:00,821;0;0;22.9;130.8;132.1;0.16;0;0;18.5;18.3;16.7;13317;107;1;0;0
2022:08:16:04:24:00,930;0;0;22.9;130.8;132.1;0.17;0;0;18.5;18.3;16.6;13317;107;1;0;0
2022:08:16:04:25:00,438;0;0;22.9;131.0;132.1;0.16;0;0;18.5;18.3;16.6;13317;107;1;0;0
2022:08:16:04:26:05,888;0;0;22.9;130.8;132.5;0.17;0;0;18.4;18.3;16.6;13317;107;1;0;0
2022:08:16:04:27:01,755;0;0;22.9;131.0;132.3;0.16;0;0;18.4;18.2;16.6;13317;107;1;0;0
2022:08:16:04:29:14,075;0;0;22.9;131.0;132.3;0.14;0;0;18.4;18.2;16.5;13317;107;1;0;0
2022:08:16:04:30:04,942;0;0;22.9;131.2;132.4;0.17;0;0;18.4;18.2;16.5;13317;107;1;0;0
2022:08:16:04:31:00,590;0;0;22.9;131.0;132.6;0.17;0;0;18.4;18.2;16.5;13317;107;1;0;0
2022:08:16:04:32:01,858;0;0;22.9;131.0;132.3;0.16;0;0;18.4;18.1;16.4;13318;111;1;0;0
2022:08:16:04:33:00,207;0;0;22.9;131.0;132.1;0.16;0;0;18.4;18.1;16.4;13318;111;1;0;0
2022:08:16:04:34:07,296;0;0;22.9;130.8;132.3;0.17;0;0;18.4;18.1;16.4;13318;111;1;0;0
2022:08:16:04:35:00,824;0;0;22.9;131.2;132.4;0.16;0;0;18.4;18.1;16.3;13318;111;1;0;0
2022:08:16:04:36:01,477;0;0;22.9;131.0;132.3;0.17;0;0;18.3;18.0;16.3;13318;111;1;0;0
2022:08:16:04:37:00,541;0;0;22.9;131.0;132.3;0.17;0;0;18.3;18.0;16.3;13318;111;1;0;0
2022:08:16:04:38:00,550;0;0;22.8;131.0;132.1;0.17;0;0;18.3;18.0;16.3;13318;111;1;0;0
2022:08:16:04:39:00,078;0;0;22.9;131.0;132.1;0.16;0;0;18.3;18.0;16.3;13318;111;1;0;0
2022:08:16:04:40:01,167;0;0;22.8;130.8;132.3;0.16;0;0;18.3;18.0;16.3;13318;111;1;0;0
2022:08:16:04:41:00,875;0;0;22.8;130.8;132.3;0.17;0;0;18.2;17.9;16.3;13318;111;1;0;0
2022:08:16:04:42:00,964;0;0;22.8;131.0;132.3;0.17;0;0;18.2;17.9;16.2;13318;111;1;0;0
2022:08:16:04:43:52,461;0;0;22.8;130.8;132.1;0.16;0;0;18.2;17.9;16.2;13318;111;1;0;0
2022:08:16:04:44:01,061;0;0;22.8;130.8;131.7;0.17;0;0;18.2;17.9;16.1;13318;111;1;0;0
2022:08:16:04:45:00,730;0;0;22.8;130.6;131.7;0.17;0;0;18.1;17.8;16.1;13318;111;1;0;0
2022:08:16:04:46:00,418;0;0;22.8;130.6;131.7;0.17;0;0;18.1;17.8;16.1;13318;111;1;0;0
2022:08:16:04:47:02,067;0;0;22.8;130.6;131.9;0.17;0;0;18.1;17.8;16.0;13318;111;1;0;0
2022:08:16:04:48:21,538;0;0;22.8;130.8;132.3;0.17;0;0;18.1;17.8;16.0;13318;111;1;0;0
2022:08:16:04:49:01,024;0;0;22.8;130.6;131.9;0.16;0;0;18.1;17.7;16.0;13318;111;1;0;0
2022:08:16:04:50:01,012;0;0;22.8;130.6;131.5;0.16;0;0;18.0;17.7;16.0;13318;111;1;0;0
2022:08:16:04:51:00,361;0;0;22.8;130.6;131.7;0.16;0;0;18.0;17.7;16.0;13318;111;1;0;0
2022:08:16:04:54:19,230;0;0;22.8;130.8;132.3;0.16;0;0;18.0;17.7;15.9;13318;111;1;0;0
2022:08:16:04:55:01,095;0;0;22.8;130.6;131.7;0.17;0;0;17.9;17.6;15.9;13318;111;1;0;0
2022:08:16:04:56:00,224;0;0;22.8;130.8;132.1;0.17;0;0;17.9;17.6;15.9;13318;111;1;0;0
2022:08:16:04:57:00,932;0;0;22.8;130.8;132.3;0.17;0;0;17.9;17.6;15.9;13318;111;1;0;0
2022:08:16:04:58:12,783;0;0;22.8;130.8;132.1;0.17;0;0;17.9;17.6;15.9;13318;111;1;0;0
2022:08:16:04:59:01,190;0;0;22.8;130.8;132.1;0.16;0;0;17.9;17.6;15.8;13318;111;1;0;0
2022:08:16:05:00:06,239;0;0;22.8;130.6;131.9;0.17;0;0;17.9;17.6;15.8;13318;111;1;0;0
2022:08:16:05:01:01,587;0;0;22.7;130.6;131.7;0.16;0;0;17.9;17.6;15.8;13318;111;1;0;0
2022:08:16:05:04:23,550;0;0;22.7;130.6;131.9;0.17;0;0;17.8;17.6;15.8;13318;111;1;0;0
2022:08:16:05:05:02,120;0;0;22.7;130.6;131.9;0.16;0;0;17.8;17.6;15.8;13318;111;1;0;0
2022:08:16:05:06:01,135;0;0;22.7;130.1;131.2;0.16;0;0;17.8;17.6;15.8;13318;111;1;0;0
2022:08:16:05:08:59,085;0;0;22.7;130.4;131.4;0.17;0;0;17.8;17.5;15.8;13318;111;1;0;0
2022:08:16:05:09:01,565;0;0;22.7;130.4;131.4;0.17;0;0;17.8;17.5;15.8;13318;111;1;0;0
2022:08:16:05:10:01,954;0;0;22.7;130.6;131.7;0.16;0;0;17.8;17.5;15.8;13318;111;1;0;0
2022:08:16:05:11:00,262;0;0;22.6;130.4;131.7;0.17;0;0;17.8;17.5;15.8;13318;111;1;0;0
2022:08:16:05:12:13,293;0;0;22.6;130.4;131.1;0.18;0;0;17.8;17.5;15.8;13318;111;1;0;0
2022:08:16:05:13:05,800;0;0;22.6;130.4;131.4;0.17;0;0;17.8;17.5;15.8;13318;111;1;0;0
2022:08:16:05:14:05,609;0;0;22.6;130.4;131.4;0.16;0;0;17.8;17.5;15.8;13318;111;1;0;0
2022:08:16:05:15:00,917;0;0;22.6;130.4;131.4;0.17;0;0;17.8;17.5;15.8;13318;111;1;0;0
2022:08:16:05:16:04,306;0;0;22.7;130.4;131.4;0.16;0;0;17.8;17.5;15.8;13318;111;1;0;0
2022:08:16:05:17:00,694;0;0;22.6;130.6;131.7;0.16;0;0;17.8;17.5;15.8;13318;111;1;0;0
2022:08:16:05:18:00,903;0;0;22.6;130.1;131.8;0.17;0;0;17.8;17.5;15.8;13318;111;1;0;0
2022:08:16:05:19:05,192;0;0;22.6;130.4;131.7;0.17;0;0;17.8;17.5;15.8;13318;111;1;0;0
2022:08:16:05:20:00,800;0;0;22.6;130.1;131.8;0.16;0;0;17.8;17.5;15.8;13318;111;1;0;0
2022:08:16:05:21:57,596;0;0;22.6;130.1;131.4;0.17;0;0;17.7;17.5;15.8;13318;111;1;0;0
2022:08:16:05:22:02,537;0;0;22.6;130.1;131.4;0.17;0;0;17.7;17.5;15.8;13318;111;1;0;0
2022:08:16:05:23:00,825;0;0;22.6;130.4;131.4;0.17;0;0;17.7;17.5;15.7;13318;111;1;0;0
2022:08:16:05:24:00,794;0;0;22.6;130.4;131.7;0.17;0;0;17.7;17.5;15.7;13318;111;1;0;0
2022:08:16:05:25:25,486;0;0;22.6;130.1;131.2;0.16;0;0;17.7;17.5;15.7;13318;111;1;0;0
2022:08:16:05:32:11,756;0;0;22.6;130.1;131.8;0.17;0;0;17.6;17.5;15.6;13318;111;1;0;0
2022:08:16:05:33:01,671;0;0;22.6;130.1;131.4;0.17;0;0;17.6;17.5;15.6;13318;111;1;0;0
2022:08:16:05:34:01,339;0;0;22.6;129.9;131.2;0.17;0;0;17.6;17.5;15.7;13318;111;1;0;0
2022:08:16:05:35:02,028;0;0;22.6;129.9;131.6;0.17;0;0;17.6;17.5;15.7;13318;111;1;0;0
2022:08:16:05:36:02,157;0;0;22.6;129.7;131.1;0.17;0;0;17.6;17.5;15.7;13318;111;1;0;0
2022:08:16:05:39:25,246;0;0;22.6;129.7;131.1;0.16;0;0;17.6;17.5;15.7;13318;111;1;0;0
2022:08:16:05:41:20,962;0;0;22.6;129.9;131.4;0.17;0;0;17.6;17.5;15.7;13318;111;1;0;0
2022:08:16:05:42:42,174;0;0;22.6;129.5;130.8;0.17;0;0;17.6;17.5;15.6;13318;111;1;0;0
2022:08:16:05:51:40,671;0;0;22.5;129.5;130.8;0.17;0;0;17.5;17.4;15.6;13318;111;1;0;0
2022:08:16:05:53:19,525;0;0;22.5;129.2;131.0;0.17;0;0;17.5;17.3;15.6;13318;111;1;0;0
2022:08:16:05:54:00,471;0;0;22.5;129.2;130.6;0.17;0;0;17.5;17.3;15.6;13318;111;1;0;0
2022:08:16:05:55:00,299;0;0;22.5;129.2;130.6;0.17;0;0;17.5;17.3;15.6;13318;111;1;0;0
2022:08:16:05:56:00,088;0;0;22.5;129.2;130.6;0.17;0;0;17.5;17.3;15.6;13318;111;1;0;0
2022:08:16:05:57:00,777;0;0;22.5;129.2;130.8;0.17;0;0;17.5;17.3;15.6;13318;111;1;0;0
2022:08:16:05:59:32,378;0;0;22.5;129.0;130.2;0.17;0;0;17.5;17.3;15.5;13318;111;1;0;0
2022:08:16:06:00:01,002;0;0;22.5;129.0;130.4;0.16;0;0;17.5;17.3;15.5;13318;111;1;0;0
2022:08:16:06:05:10,627;0;0;22.6;130.1;131.8;0.17;0;0;17.5;17.3;15.5;13318;111;1;0;0
2022:08:16:06:06:05,094;0;0;22.6;129.9;130.9;0.17;0;0;17.5;17.3;15.5;13318;111;1;0;0
2022:08:16:06:07:18,905;0;0;22.6;129.9;131.4;0.17;0;0;17.5;17.3;15.5;13318;111;1;0;0
2022:08:16:06:17:27,371;0;0;22.6;130.1;131.4;0.17;0;0;17.5;17.2;15.5;13318;111;1;0;0
2022:08:16:06:18:34,602;0;0;22.6;130.1;131.2;0.17;0;0;17.5;17.2;15.5;13318;111;1;0;0
2022:08:16:06:19:00,125;0;0;22.6;130.1;131.8;0.17;0;0;17.5;17.2;15.5;13318;111;1;0;0
2022:08:16:06:20:00,174;0;0;22.6;130.1;131.8;0.17;0;0;17.5;17.3;15.5;13318;111;1;0;0
2022:08:16:06:21:01,882;0;0;22.6;130.1;131.8;0.17;0;0;17.5;17.3;15.5;13318;111;1;0;0
2022:08:16:06:22:00,291;0;5;24.9;130.4;131.7;0.17;0;0;17.5;17.3;15.5;13318;111;1;0;0
2022:08:16:06:23:00,259;0;5;27.5;130.4;131.4;0.17;0;0;17.5;17.3;15.6;13318;111;1;0;0
2022:08:16:06:24:00,248;1;37;34.3;130.4;131.1;0.17;0;0;17.5;17.3;15.6;13318;111;1;0;0
2022:08:16:06:25:00,297;2;74;69.3;130.4;131.7;0.17;0;0;17.5;17.4;15.6;13318;111;1;0;0
2022:08:16:06:26:00,305;4;149;128.5;130.8;132.3;0.82;165;164;17.5;17.4;15.7;13318;111;0;0;256
2022:08:16:06:27:00,294;4;137;117.6;130.6;131.9;0.66;115;121;17.8;17.4;15.7;13318;111;0;0;256
2022:08:16:06:28:00,402;3;99;86.3;130.4;131.4;0.55;14;17;18.1;17.9;15.7;13318;111;0;0;256
2022:08:16:06:29:00,391;3;97;81.3;130.8;131.7;0.55;18;15;18.2;18.2;15.7;13318;111;0;0;256
2022:08:16:06:30:00,439;4;123;106.9;130.8;131.5;0.58;72;73;18.3;18.0;15.8;13318;111;0;0;256
2022:08:16:06:31:00,488;3;114;99.1;130.8;131.7;0.56;44;47;18.4;18.0;15.8;13318;111;0;0;256
2022:08:16:06:32:00,855;4;143;122.8;130.6;131.5;0.71;136;141;18.4;18.4;15.9;13318;111;0;0;256
2022:08:16:06:33:00,585;4;151;130.3;130.4;131.7;0.82;167;171;18.4;18.5;15.9;13318;111;0;0;256
2022:08:16:06:34:00,654;4;137;118.6;130.1;131.4;0.67;120;121;18.5;18.3;15.9;13318;111;0;0;256
2022:08:16:06:35:00,702;3;138;120.5;130.4;131.4;0.56;57;57;18.5;18.4;15.9;13318;111;8;0;256
2022:08:16:06:36:00,731;3;97;87.7;130.1;131.2;0.56;5;6;18.6;18.7;16.0;13318;111;8;0;256
2022:08:16:06:37:00,759;2;64;55.8;130.4;131.4;0.57;0;0;18.7;18.4;16.0;13318;111;8;0;256
2022:08:16:06:38:00,828;3;111;97.4;129.9;131.2;0.55;16;17;18.6;18.3;16.0;13318;111;8;0;256
2022:08:16:06:39:00,856;3;120;105.5;130.1;131.2;0.55;28;29;18.7;18.7;16.1;13318;111;8;0;256
2022:08:16:06:40:01,025;3;113;95.6;130.4;131.7;0.55;28;19;18.7;18.7;16.1;13318;111;8;0;256
2022:08:16:06:41:01,154;3;101;85.3;130.1;131.4;0.56;12;9;18.8;18.6;16.2;13318;111;8;0;256
2022:08:16:06:42:01,222;3;106;95.6;130.1;131.8;0.56;10;13;18.8;18.4;16.3;13318;111;8;0;256
2022:08:16:06:43:01,291;3;108;94.7;130.1;131.4;0.56;14;13;18.8;18.8;16.3;13318;111;8;0;256
2022:08:16:06:44:01,379;1;45;48.5;129.9;131.2;0.17;0;0;18.9;18.8;16.3;13318;111;1;0;0
2022:08:16:06:45:01,488;1;28;39.3;130.1;131.4;0.18;0;0;18.7;18.6;16.4;13318;111;1;0;0
2022:08:16:06:46:01,556;1;34;34.8;129.9;131.4;0.17;0;0;18.5;18.4;16.5;13318;111;1;0;0
2022:08:16:06:47:00,005;1;26;35.2;129.9;131.4;0.17;0;0;18.4;18.4;16.6;13318;111;1;0;0
2022:08:16:06:48:00,134;0;0;29.3;129.9;131.2;0.17;0;0;18.4;18.4;16.7;13318;111;1;0;0
2022:08:16:06:49:01,482;0;0;25.2;130.1;131.4;0.17;0;0;18.4;18.4;16.8;13318;111;1;0;0
2022:08:16:06:50:01,491;0;0;23.5;130.1;131.4;0.17;0;0;18.4;18.4;16.9;13318;111;1;0;0
2022:08:16:06:51:01,499;0;0;23.0;130.1;131.2;0.17;0;0;18.4;18.4;16.9;13318;111;1;0;0
2022:08:16:06:52:01,528;0;0;22.8;129.9;131.2;0.17;0;0;18.4;18.4;17.0;13318;111;1;0;0
2022:08:16:06:53:00,756;0;0;22.6;130.1;131.2;0.17;0;0;18.4;18.4;17.1;13318;111;1;0;0
2022:08:16:06:54:01,405;0;0;22.6;130.1;131.2;0.17;0;0;18.4;18.4;17.2;13318;111;1;0;0
2022:08:16:06:55:01,394;0;0;22.6;130.1;131.8;0.17;0;0;18.5;18.4;17.3;13318;111;1;0;0
2022:08:16:06:56:01,342;0;0;22.6;129.9;131.6;0.17;0;0;18.5;18.4;17.3;13318;111;1;0;0
2022:08:16:06:57:01,331;0;0;22.6;129.7;130.8;0.17;0;0;18.5;18.4;17.4;13318;111;1;0;0
2022:08:16:06:58:01,279;0;0;22.6;129.9;131.4;0.17;0;0;18.6;18.4;17.4;13318;111;1;0;0
2022:08:16:06:59:01,268;0;0;22.6;129.7;130.8;0.16;0;0;18.6;18.5;17.4;13318;111;1;0;0
2022:08:16:07:00:01,256;0;0;22.7;131.2;132.4;0.17;0;0;18.6;18.5;17.4;13318;111;1;0;0
2022:08:16:07:01:01,325;0;0;22.8;131.0;132.1;0.17;0;0;18.7;18.5;17.5;13318;111;1;0;0
2022:08:16:07:02:01,194;0;0;22.8;130.8;132.1;0.16;0;0;18.7;18.5;17.6;13318;111;1;0;0
2022:08:16:07:03:01,182;0;0;22.8;130.8;132.1;0.17;0;0;18.7;18.6;17.6;13318;111;1;0;0
2022:08:16:07:04:01,191;0;0;22.7;130.6;131.9;0.16;0;0;18.8;18.6;17.7;13318;111;1;0;0
2022:08:16:07:05:01,219;0;0;22.7;130.8;131.5;0.16;0;0;18.8;18.7;17.8;13318;111;1;0;0
2022:08:16:07:06:01,168;0;0;22.7;130.4;131.7;0.17;0;0;18.9;18.7;17.9;13318;111;1;0;0
2022:08:16:07:07:01,156;0;0;22.7;130.6;131.7;0.16;0;0;18.9;18.8;18.0;13318;111;1;0;0
2022:08:16:07:08:01,185;0;0;22.7;130.6;131.5;0.16;0;0;19.0;18.8;18.1;13318;111;1;0;0
2022:08:16:07:09:00,294;0;0;23.5;130.4;131.4;0.16;0;0;19.0;18.9;18.2;13318;111;1;0;0
2022:08:16:07:10:01,222;0;0;24.3;130.4;131.4;0.16;0;0;19.1;18.9;18.3;13318;111;1;0;0
2022:08:16:07:11:00,831;0;0;23.3;130.4;131.4;0.16;0;0;19.1;19.0;18.5;13318;111;1;0;0
2022:08:16:07:12:00,139;0;0;22.9;130.4;131.9;0.16;0;0;19.2;19.0;18.6;13318;111;1;0;0
2022:08:16:07:13:01,428;0;0;22.8;130.1;131.4;0.16;0;0;19.2;19.1;18.7;13318;111;1;0;0
2022:08:16:07:14:00,556;0;0;23.2;130.4;131.4;0.17;0;0;19.3;19.1;18.7;13318;111;1;0;0
2022:08:16:07:15:01,225;0;0;23.9;130.1;131.4;0.17;0;0;19.3;19.2;18.8;13318;111;1;0;0
2022:08:16:07:16:01,033;0;0;23.0;130.4;131.7;0.16;0;0;19.4;19.2;18.9;13318;111;1;0;0
2022:08:16:07:17:00,462;0;0;22.9;130.6;131.7;0.16;0;0;19.4;19.3;19.0;13318;111;1;0;0
2022:08:16:07:18:00,991;0;0;25.6;130.6;131.9;0.16;0;0;19.4;19.3;19.0;13318;111;1;0;0
2022:08:16:07:19:02,979;0;0;26.6;131.0;132.3;0.17;0;0;19.4;19.4;19.0;13318;111;1;0;0
2022:08:16:07:20:00,448;0;0;25.4;131.0;132.3;0.16;0;0;19.4;19.4;19.0;13318;111;1;0;0
2022:08:16:07:21:00,756;0;0;24.2;131.2;132.7;0.16;0;0;19.4;19.4;19.0;13318;111;1;0;0
2022:08:16:07:22:01,405;0;0;23.8;131.0;132.6;0.16;0;0;19.5;19.4;19.0;13318;111;1;0;0
2022:08:16:07:23:00,174;0;5;26.6;131.2;132.4;0.17;0;0;19.5;19.4;19.0;13318;111;1;0;0
2022:08:16:07:24:00,302;0;0;25.2;131.0;132.6;0.16;0;0;19.5;19.4;19.0;13318;111;1;0;0
2022:08:16:07:25:00,151;0;0;23.5;131.2;132.4;0.16;0;0;19.5;19.4;19.1;13318;111;1;0;0
2022:08:16:07:26:00,159;0;0;23.1;131.2;132.4;0.16;0;0;19.6;19.5;19.2;13318;111;1;0;0
2022:08:16:07:27:00,208;0;0;23.4;131.0;132.1;0.16;0;0;19.7;19.5;19.3;13318;111;1;0;0
2022:08:16:07:28:00,096;0;0;23.4;131.2;132.9;0.16;0;0;19.7;19.6;19.5;13318;111;1;0;0
2022:08:16:07:29:00,185;0;0;23.9;131.2;132.7;0.16;0;0;19.8;19.7;19.7;13318;111;1;0;0
2022:08:16:07:30:00,793;0;0;23.3;131.2;132.7;0.16;0;0;19.9;19.8;19.9;13318;111;1;0;0
2022:08:16:07:31:01,222;0;0;23.0;130.8;132.3;0.16;0;0;20.0;19.9;20.1;13318;111;1;0;0
2022:08:16:07:32:00,111;0;0;22.9;130.8;132.1;0.16;0;0;20.2;20.0;20.2;13318;111;1;0;0
2022:08:16:07:33:01,079;0;0;22.9;131.0;132.6;0.16;0;0;20.3;20.2;20.4;13318;111;1;0;0
2022:08:16:07:34:00,868;0;0;22.9;131.0;132.1;0.16;0;0;20.4;20.3;20.6;13318;111;1;0;0
2022:08:16:07:35:01,476;0;0;22.9;131.2;132.7;0.16;0;0;20.4;20.4;20.8;13318;111;1;0;0
2022:08:16:07:36:00,365;0;0;22.9;131.0;132.6;0.16;0;0;20.6;20.5;21.0;13318;111;1;0;0
2022:08:16:07:37:01,393;0;0;22.8;131.2;132.7;0.16;0;0;20.7;20.6;21.1;13318;111;1;0;0
2022:08:16:07:38:02,662;0;0;22.8;131.0;132.6;0.16;0;0;20.9;20.8;21.3;13318;111;1;0;0
2022:08:16:07:39:00,131;0;0;22.8;131.0;132.3;0.14;0;0;21.0;20.9;21.4;13318;111;1;0;0
2022:08:16:07:40:00,979;0;0;22.8;130.8;132.3;0.16;0;0;21.1;21.0;21.5;13318;111;1;0;0
2022:08:16:07:41:00,828;0;0;22.8;131.2;132.9;0.16;0;0;21.2;21.2;21.6;13318;111;1;0;0
2022:08:16:07:42:00,176;0;0;22.9;131.2;132.7;0.16;0;0;21.3;21.3;21.7;13318;111;1;0;0
2022:08:16:07:43:00,045;0;0;22.8;131.0;132.1;0.16;0;0;21.4;21.3;21.8;13318;111;1;0;0
2022:08:16:07:44:00,213;0;0;22.8;131.0;132.3;0.16;0;0;21.4;21.4;21.8;13318;111;1;0;0
2022:08:16:07:45:06,803;0;0;22.8;130.8;132.3;0.16;0;0;21.5;21.4;21.9;13318;111;1;0;0
2022:08:16:07:46:00,711;0;0;22.8;130.8;132.3;0.14;0;0;21.6;21.5;21.9;13318;111;1;0;0
2022:08:16:07:47:00,139;0;0;22.7;131.0;132.3;0.16;0;0;21.7;21.6;21.9;13318;111;1;0;0
2022:08:16:07:48:00,288;0;0;22.8;131.0;132.3;0.16;0;0;21.7;21.6;21.8;13318;111;1;0;0
2022:08:16:07:49:00,736;0;0;22.8;130.8;132.3;0.16;0;0;21.8;21.7;21.8;13318;111;1;0;0
2022:08:16:07:50:00,165;0;0;22.8;130.8;132.1;0.14;0;0;21.8;21.7;21.7;13318;111;1;0;0
2022:08:16:07:51:00,753;0;0;22.7;130.6;131.9;0.16;0;0;21.8;21.7;21.6;13318;111;1;0;0
2022:08:16:07:52:00,022;0;0;22.8;130.8;132.3;0.14;0;0;21.8;21.7;21.6;13318;111;1;0;0
2022:08:16:07:53:00,751;0;0;22.8;130.8;132.3;0.16;0;0;21.9;21.8;21.5;13318;111;1;0;0
2022:08:16:07:54:00,599;0;0;22.8;130.6;131.9;0.16;0;0;21.9;21.8;21.5;13318;111;1;0;0
2022:08:16:07:55:00,008;0;0;22.8;130.8;132.3;0.14;0;0;21.9;21.8;21.4;13318;111;1;0;0
2022:08:16:07:56:00,316;0;0;22.8;130.8;131.7;0.16;0;0;21.9;21.7;21.3;13318;111;1;0;0
2022:08:16:07:57:00,285;0;0;22.8;130.8;132.1;0.16;0;0;21.9;21.7;21.3;13318;111;1;0;0
2022:08:16:07:58:00,073;0;0;22.8;130.8;132.3;0.16;0;0;21.9;21.7;21.3;13318;111;1;0;0
2022:08:16:07:59:01,462;0;0;22.7;130.4;131.4;0.14;0;0;21.9;21.7;21.2;13318;111;1;0;0
2022:08:16:08:00:00,831;0;0;22.6;130.8;132.1;0.16;0;0;21.9;21.7;21.2;13318;111;1;0;0
2022:08:16:08:01:01,079;0;0;22.7;130.4;131.7;0.16;0;0;21.9;21.7;21.1;13318;111;1;0;0
2022:08:16:08:02:00,808;0;0;22.6;130.4;131.7;0.16;0;0;21.9;21.7;21.0;13318;111;1;0;0
2022:08:16:08:03:01,096;0;0;22.6;130.1;131.2;0.16;0;0;21.9;21.7;21.0;13318;111;1;0;0
2022:08:16:08:04:00,805;0;0;22.6;130.4;131.7;0.16;0;0;21.9;21.7;21.0;13318;111;1;0;0
2022:08:16:08:05:01,553;0;0;22.6;130.4;131.7;0.16;0;0;21.9;21.7;21.0;13318;111;1;0;0
2022:08:16:08:06:01,442;0;0;22.6;130.4;131.7;0.16;0;0;21.9;21.7;21.0;13318;111;1;0;0
2022:08:16:08:07:01,170;0;0;22.6;130.1;131.4;0.16;0;0;22.0;21.8;21.1;13318;111;1;0;0
2022:08:16:08:08:00,879;0;0;22.6;130.1;131.0;0.16;0;0;22.0;21.8;21.2;13318;111;1;0;0
2022:08:16:08:09:00,668;0;0;22.6;130.4;131.4;0.16;0;0;22.1;21.9;21.2;13318;111;1;0;0
2022:08:16:08:10:00,436;0;0;22.6;130.4;131.1;0.16;0;0;22.1;21.9;21.1;13318;111;1;0;0
2022:08:16:08:11:01,425;0;0;22.6;130.1;131.4;0.16;0;0;22.1;22.0;21.1;13318;111;1;0;0
2022:08:16:08:12:00,193;0;0;22.6;130.4;131.7;0.16;0;0;22.1;22.0;21.1;13318;111;1;0;0
2022:08:16:08:13:00,942;0;0;22.6;130.1;131.2;0.16;0;0;22.2;22.0;21.1;13318;111;1;0;0
2022:08:16:08:14:00,391;0;0;22.6;130.1;131.8;0.16;0;0;22.2;22.1;21.2;13318;111;1;0;0
2022:08:16:08:15:00,059;0;0;22.6;130.1;131.4;0.16;0;0;22.3;22.1;21.2;13318;111;1;0;0
2022:08:16:08:16:01,028;0;0;22.6;130.1;131.8;0.16;0;0;22.3;22.1;21.2;13318;111;1;0;0
2022:08:16:08:17:00,396;0;0;22.6;130.1;131.2;0.16;0;0;22.3;22.2;21.2;13318;111;1;0;0
2022:08:16:08:18:00,225;0;0;22.6;129.7;130.8;0.14;0;0;22.4;22.2;21.2;13318;111;1;0;0
2022:08:16:08:19:01,093;0;0;22.6;129.9;131.2;0.16;0;0;22.4;22.3;21.2;13318;111;1;0;0
2022:08:16:08:20:00,102;0;0;22.6;129.9;131.4;0.16;0;0;22.4;22.3;21.2;13318;111;1;0;0
2022:08:16:08:21:00,770;0;0;22.6;129.9;130.9;0.16;0;0;22.4;22.4;21.2;13318;111;1;0;0
2022:08:16:08:22:01,179;0;0;22.6;129.7;131.4;0.14;0;0;22.5;22.4;21.3;13318;111;1;0;0
2022:08:16:08:23:01,008;0;0;22.5;129.9;131.4;0.16;0;0;22.5;22.4;21.3;13318;111;1;0;0
2022:08:16:08:24:00,896;0;0;22.5;129.9;131.4;0.16;0;0;22.5;22.4;21.3;13318;111;1;0;0
2022:08:16:08:25:00,165;0;0;22.6;129.9;130.9;0.16;0;0;22.5;22.5;21.3;13318;111;1;0;0
2022:08:16:08:26:01,393;0;0;22.6;129.9;131.2;0.18;0;0;22.6;22.5;21.3;13318;111;1;0;0
2022:08:16:08:27:01,462;0;0;22.6;130.1;131.8;0.14;0;0;22.6;22.5;21.4;13318;111;1;0;0
2022:08:16:08:28:00,730;0;0;22.6;129.9;131.4;0.16;0;0;22.7;22.6;21.5;13318;111;1;0;0
2022:08:16:08:29:01,659;0;0;22.6;129.7;131.1;0.16;0;0;22.8;22.6;21.6;13318;111;1;0;0
2022:08:16:08:30:00,468;0;0;22.6;129.9;131.2;0.14;0;0;22.8;22.7;21.8;13318;111;1;0;0
2022:08:16:08:31:00,876;0;0;22.6;130.1;131.8;0.16;0;0;22.9;22.8;22.0;13318;111;1;0;0
2022:08:16:08:32:00,425;0;0;22.6;130.1;131.2;0.14;0;0;23.0;22.9;22.1;13318;111;1;0;0
2022:08:16:08:33:01,453;0;0;22.6;130.4;131.4;0.16;0;0;23.1;23.0;22.3;13318;111;1;0;0
2022:08:16:08:34:01,062;0;0;22.6;129.9;130.9;0.16;0;0;23.2;23.1;22.4;13318;111;1;0;0
2022:08:16:08:35:01,250;0;0;22.6;131.2;132.7;0.16;0;0;23.3;23.2;22.5;13318;111;1;0;0
2022:08:16:08:36:00,799;0;0;22.8;131.5;132.7;0.14;0;0;23.4;23.3;22.6;13318;111;1;0;0
2022:08:16:08:37:00,788;0;0;22.9;131.0;132.3;0.14;0;0;23.5;23.4;22.8;13318;111;1;0;0
2022:08:16:08:38:00,255;0;0;22.9;131.5;132.7;0.14;0;0;23.5;23.5;22.9;13318;111;1;0;0
2022:08:16:08:39:00,845;0;0;22.9;131.0;132.6;0.14;0;0;23.6;23.5;23.0;13318;111;1;0;0
2022:08:16:08:40:01,153;0;0;22.8;131.2;132.4;0.14;0;0;23.7;23.6;23.1;13318;111;1;0;0
2022:08:16:08:41:00,942;0;0;22.8;131.2;132.7;0.16;0;0;23.8;23.7;23.2;13318;111;1;0;0
2022:08:16:08:42:00,770;0;0;22.8;131.2;132.7;0.14;0;0;23.8;23.8;23.3;13318;111;1;0;0
2022:08:16:08:43:00,779;0;0;23.0;131.0;132.3;0.14;0;0;23.9;23.9;23.4;13318;111;1;0;0
2022:08:16:08:44:00,508;0;0;22.9;130.8;132.3;0.14;0;0;24.0;24.0;23.5;13318;111;1;0;0
2022:08:16:08:45:02,996;0;0;22.8;131.0;132.3;0.14;0;0;24.1;24.1;23.6;13318;111;1;0;0
2022:08:16:08:46:00,765;0;0;22.9;131.2;132.4;0.16;0;0;24.2;24.2;23.8;13318;111;1;0;0
2022:08:16:08:47:01,193;0;0;22.8;131.0;132.6;0.14;0;0;24.4;24.4;23.9;13318;111;1;0;0
2022:08:16:08:48:01,142;0;0;22.9;131.2;132.7;0.14;0;0;24.5;24.5;24.1;13318;111;1;0;0
2022:08:16:08:49:00,790;0;0;22.8;131.2;132.4;0.14;0;0;24.5;24.5;24.2;13318;111;1;0;0
2022:08:16:08:50:01,239;0;0;22.8;131.0;132.6;0.14;0;0;24.6;24.7;24.3;13318;111;1;0;0
2022:08:16:08:51:01,407;0;0;22.8;131.0;132.3;0.14;0;0;24.7;24.8;24.4;13318;111;1;0;0
2022:08:16:08:52:01,356;0;0;22.8;131.2;132.7;0.14;0;0;24.8;24.9;24.5;13318;111;1;0;0
2022:08:16:08:53:02,365;0;0;22.8;131.0;132.6;0.14;0;0;25.0;25.0;24.5;13318;111;1;0;0
2022:08:16:08:54:01,073;0;0;22.8;131.0;132.9;0.14;0;0;25.0;25.1;24.6;13318;111;1;0;0
2022:08:16:08:55:00,041;0;0;22.8;131.0;132.3;0.14;0;0;25.1;25.2;24.7;13318;111;1;0;0
2022:08:16:08:56:00,349;0;0;22.9;131.2;132.7;0.14;0;0;25.2;25.3;24.8;13318;111;1;0;0
2022:08:16:08:57:00,579;0;0;22.9;131.2;132.7;0.14;0;0;25.3;25.4;24.9;13318;111;1;0;0
2022:08:16:08:58:00,808;0;0;22.8;131.0;132.3;0.14;0;0;25.4;25.5;24.9;13318;111;1;0;0
2022:08:16:08:59:00,756;0;0;22.8;131.0;132.1;0.14;0;0;25.5;25.6;25.0;13318;111;1;0;0
2022:08:16:09:00:00,084;0;0;22.7;131.0;132.6;0.14;0;0;25.6;25.6;25.0;13318;111;1;0;0
2022:08:16:09:01:01,353;0;0;22.8;131.0;132.1;0.14;0;0;25.6;25.7;25.0;13318;111;1;0;0
2022:08:16:09:02:01,422;0;0;22.8;130.8;132.3;0.14;0;0;25.7;25.8;25.1;13318;111;1;0;0
2022:08:16:09:03:00,269;0;0;22.8;130.6;131.9;0.14;0;0;25.8;25.9;25.1;13318;111;1;0;0
2022:08:16:09:04:00,558;0;0;22.8;130.8;131.7;0.14;0;0;25.9;25.9;25.2;13318;111;1;0;0
2022:08:16:09:05:00,547;0;0;22.8;130.6;131.7;0.14;0;0;25.9;26.0;25.4;13318;111;1;0;0
2022:08:16:09:06:01,356;0;0;22.8;131.0;132.1;0.14;0;0;26.0;26.0;25.6;13318;111;1;0;0
2022:08:16:09:07:01,365;0;0;22.8;131.0;132.3;0.16;0;0;26.1;26.2;25.8;13318;111;1;0;0
2022:08:16:09:08:00,733;0;0;22.8;131.0;131.9;0.14;0;0;26.2;26.3;25.9;13318;111;1;0;0
2022:08:16:09:09:00,461;0;0;22.7;131.0;132.1;0.14;0;0;26.3;26.4;26.0;13318;111;1;0;0
2022:08:16:09:10:00,589;0;0;22.8;131.0;131.9;0.14;0;0;26.4;26.5;26.0;13318;111;1;0;0
2022:08:16:09:11:01,459;0;0;22.9;130.8;131.7;0.14;0;0;26.5;26.6;26.0;13318;111;1;0;0
2022:08:16:09:12:00,707;0;0;22.8;131.0;132.3;0.14;0;0;26.5;26.6;26.0;13318;111;1;0;0
2022:08:16:09:13:00,696;0;0;22.8;130.6;131.9;0.14;0;0;26.5;26.7;26.0;13318;111;1;0;0
2022:08:16:09:14:00,024;0;0;22.8;130.8;132.1;0.16;0;0;26.6;26.7;26.0;13318;111;1;0;0
2022:08:16:09:15:01,473;0;0;22.8;131.0;132.1;0.16;0;0;26.6;26.7;25.9;13318;111;1;0;0
2022:08:16:09:16:01,102;0;0;22.8;130.6;131.9;0.16;0;0;26.6;26.7;25.9;13318;111;1;0;0
2022:08:16:09:17:00,349;0;0;22.8;131.2;132.4;0.14;0;0;26.5;26.6;25.9;13318;111;1;0;0
2022:08:16:09:18:00,278;0;0;22.9;131.2;132.4;0.14;0;0;26.5;26.6;25.9;13318;111;1;0;0
2022:08:16:09:19:00,907;0;0;22.9;130.6;131.9;0.14;0;0;26.5;26.6;25.9;13318;111;1;0;0
2022:08:16:09:20:01,496;0;0;22.8;131.0;132.1;0.14;0;0;26.4;26.5;26.0;13318;111;1;0;0
2022:08:16:09:21:01,645;0;0;22.9;131.0;132.3;0.14;0;0;26.4;26.5;26.0;13318;111;1;0;0
2022:08:16:09:22:00,432;0;0;22.9;131.2;132.7;0.14;0;0;26.5;26.5;26.0;13318;111;1;0;0
2022:08:16:09:23:00,581;0;0;23.0;131.9;133.1;0.16;0;0;26.5;26.6;26.0;13318;111;1;0;0
2022:08:16:09:24:00,689;0;0;23.0;131.5;132.9;0.14;0;0;26.6;26.6;26.0;13318;111;1;0;0
2022:08:16:09:25:01,479;0;0;23.0;131.5;132.7;0.14;0;0;26.7;26.7;26.0;13318;111;1;0;0
2022:08:16:09:26:00,326;0;0;23.0;131.5;132.7;0.14;0;0;26.8;26.8;26.0;13318;111;1;0;0
2022:08:16:09:27:00,795;0;0;23.0;131.5;132.7;0.14;0;0;26.9;26.9;26.1;13318;111;1;0;0
2022:08:16:09:28:01,065;0;0;23.0;131.5;132.7;0.14;0;0;27.0;27.0;26.2;13318;111;1;0;0
2022:08:16:09:29:00,552;0;0;23.0;131.2;132.7;0.14;0;0;27.0;27.1;26.3;13318;111;1;0;0
2022:08:16:09:30:00,461;0;0;23.0;131.7;133.3;0.14;0;0;27.0;27.1;26.4;13318;111;1;0;0
2022:08:16:09:31:00,269;0;0;23.0;131.7;133.0;0.14;0;0;27.0;27.1;26.4;13318;111;1;0;0
2022:08:16:09:32:00,398;0;0;23.0;131.2;132.1;0.14;0;0;26.9;27.0;26.4;13318;111;1;0;0
2022:08:16:09:33:00,486;0;0;23.0;131.2;132.4;0.14;0;0;26.9;27.0;26.4;13318;111;1;0;0
2022:08:16:09:34:00,895;0;0;22.9;131.5;132.7;0.14;0;0;26.9;27.0;26.4;13318;111;1;0;0
2022:08:16:09:35:01,005;0;0;22.9;131.2;132.4;0.14;0;0;27.0;27.1;26.4;13318;111;1;0;0
2022:08:16:09:36:01,199;0;0;23.0;131.2;132.7;0.14;0;0;27.0;27.1;26.4;13318;111;1;0;0
2022:08:16:09:37:01,334;0;0;23.0;131.5;132.9;0.14;0;0;27.1;27.1;26.4;13318;111;1;0;0
2022:08:16:09:38:00,067;0;0;23.0;131.2;132.4;0.14;0;0;27.1;27.2;26.5;13318;111;1;0;0
2022:08:16:09:39:00,082;0;0;23.0;131.2;132.4;0.14;0;0;27.2;27.2;26.5;13318;111;1;0;0
2022:08:16:09:40:01,377;0;0;23.0;131.0;132.3;0.14;0;0;27.2;27.3;26.6;13318;111;1;0;0
2022:08:16:09:41:00,085;0;0;22.9;131.5;132.7;0.14;0;0;27.3;27.3;26.6;13318;111;1;0;0
2022:08:16:09:42:01,534;0;0;23.0;131.5;132.7;0.14;0;0;27.4;27.4;26.6;13318;111;1;0;0
2022:08:16:09:43:00,322;0;0;23.0;131.5;132.7;0.14;0;0;27.4;27.5;26.7;13318;111;1;0;0
2022:08:16:09:44:00,371;0;0;23.0;131.5;132.7;0.13;0;0;27.5;27.6;26.7;13318;111;1;0;0
2022:08:16:09:45:00,119;0;0;23.0;131.5;132.9;0.14;0;0;27.6;27.6;26.7;13318;111;1;0;0
2022:08:16:09:46:00,188;0;0;23.0;131.0;132.1;0.14;0;0;27.6;27.7;26.7;13318;111;1;0;0
2022:08:16:09:47:01,016;0;0;23.0;131.0;132.3;0.14;0;0;27.7;27.7;26.7;13318;111;1;0;0
2022:08:16:09:48:00,185;0;0;23.0;131.2;132.7;0.14;0;0;27.7;27.8;26.7;13318;111;1;0;0
2022:08:16:09:49:00,754;0;0;23.0;131.2;132.4;0.16;0;0;27.8;27.8;26.8;13318;111;1;0;0
2022:08:16:09:50:01,683;0;0;23.0;131.5;132.9;0.14;0;0;27.8;27.8;27.0;13318;111;1;0;0
2022:08:16:09:51:00,411;0;0;23.0;131.0;132.1;0.16;0;0;27.9;27.9;27.1;13318;111;1;0;0
2022:08:16:09:52:00,719;0;0;22.9;131.2;132.7;0.16;0;0;28.0;28.1;27.3;13318;111;1;0;0
2022:08:16:09:53:00,048;0;0;22.9;131.5;132.9;0.14;0;0;28.1;28.2;27.5;13318;111;1;0;0
2022:08:16:09:54:01,016;0;0;22.9;131.5;132.7;0.14;0;0;28.3;28.4;27.8;13318;111;1;0;0
2022:08:16:09:55:01,145;0;0;22.9;131.0;132.3;0.16;0;0;28.4;28.5;28.0;13318;111;1;0;0
2022:08:16:09:56:01,454;0;0;22.9;131.0;132.1;0.14;0;0;28.6;28.7;28.2;13318;111;1;0;0
2022:08:16:09:57:00,502;0;0;22.9;131.2;132.7;0.14;0;0;28.8;29.0;28.5;13318;111;1;0;0
2022:08:16:09:58:01,011;0;0;22.9;131.0;132.3;0.14;0;0;29.0;29.2;28.7;13318;111;1;0;0
2022:08:16:09:59:00,739;0;0;22.9;131.2;132.7;0.14;0;0;29.2;29.4;28.9;13318;111;1;0;0
2022:08:16:10:00:00,988;0;0;22.9;131.0;132.3;0.14;0;0;29.4;29.6;29.2;13318;111;1;0;0
2022:08:16:10:01:00,276;0;0;22.9;131.0;132.1;0.16;0;0;29.6;29.7;29.4;13318;111;1;0;0
2022:08:16:10:02:00,405;0;0;23.0;131.0;132.1;0.14;0;0;29.6;29.8;29.5;13318;111;1;0;0
2022:08:16:10:03:00,513;0;0;22.9;130.8;132.1;0.14;0;0;29.7;30.0;29.6;13318;111;1;0;0
2022:08:16:10:04:00,542;0;0;22.9;131.0;132.3;0.14;0;0;29.8;30.1;29.7;13318;111;1;0;0
2022:08:16:10:05:00,451;0;0;22.9;130.6;131.7;0.14;0;0;29.9;30.1;29.7;13318;111;1;0;0
2022:08:16:10:06:00,839;0;0;23.0;131.0;132.3;0.14;0;0;30.0;30.2;29.7;13318;111;1;0;0
2022:08:16:10:07:00,128;0;0;23.0;130.8;132.1;0.14;0;0;30.0;30.2;29.7;13318;111;1;0;0
2022:08:16:10:08:01,156;0;0;22.9;130.8;131.7;0.14;0;0;30.1;30.3;29.8;13318;111;1;0;0
2022:08:16:10:09:00,025;0;0;22.9;130.8;131.7;0.14;0;0;30.2;30.4;30.0;13318;111;1;0;0
2022:08:16:10:10:00,733;0;0;22.8;130.8;132.1;0.14;0;0;30.3;30.5;30.1;13318;111;1;0;0
2022:08:16:10:11:01,042;0;0;22.8;130.8;131.7;0.14;0;0;30.4;30.6;30.3;13318;111;1;0;0
2022:08:16:10:12:01,331;0;0;22.8;130.6;132.3;0.14;0;0;30.5;30.8;30.4;13319;12;1;0;0
2022:08:16:10:13:00,019;0;0;22.8;130.1;131.2;0.14;0;0;30.6;30.8;30.3;13319;12;1;0;0
2022:08:16:10:14:00,048;0;0;22.7;130.1;131.4;0.14;0;0;30.6;30.9;30.4;13319;12;1;0;0
2022:08:16:10:15:00,256;0;0;22.8;130.8;132.3;0.14;0;0;30.7;30.9;30.4;13319;12;1;0;0
2022:08:16:10:16:00,685;0;0;22.8;131.0;132.6;0.14;0;0;30.7;30.9;30.3;13319;12;1;0;0
2022:08:16:10:17:00,353;0;0;22.9;130.8;132.1;0.14;0;0;30.7;30.9;30.4;13319;12;1;0;0
2022:08:16:10:18:00,922;0;0;22.9;130.8;131.7;0.14;0;0;30.8;31.0;30.4;13319;12;1;0;0
2022:08:16:10:19:01,251;0;0;22.9;130.6;131.7;0.14;0;0;30.9;31.0;30.3;13319;12;1;0;0
2022:08:16:10:20:01,159;0;0;22.9;130.8;132.3;0.14;0;0;30.9;31.0;30.3;13319;12;1;0;0
2022:08:16:10:21:01,388;0;0;22.9;130.8;132.1;0.14;0;0;30.9;31.0;30.2;13319;12;1;0;0
2022:08:16:10:22:01,436;0;0;22.9;130.4;132.1;0.14;0;0;30.8;31.0;30.2;13319;12;1;0;0
2022:08:16:10:23:00,545;0;0;22.9;130.4;131.9;0.14;0;0;30.8;30.9;30.0;13319;12;1;0;0
2022:08:16:10:24:00,433;0;0;22.9;130.4;131.4;0.14;0;0;30.7;30.8;29.9;13319;12;1;0;0
2022:08:16:10:25:00,562;0;0;22.9;130.6;132.3;0.14;0;0;30.6;30.6;29.8;13319;12;1;0;0
2022:08:16:10:26:00,851;0;0;22.9;130.4;131.9;0.14;0;0;30.5;30.4;29.6;13319;12;1;0;0
2022:08:16:10:27:00,759;0;0;22.9;130.6;131.9;0.14;0;0;30.4;30.3;29.5;13319;12;1;0;0
2022:08:16:10:28:00,908;0;0;22.8;130.4;131.9;0.14;0;0;30.3;30.2;29.3;13319;12;1;0;0
2022:08:16:10:29:00,956;0;0;22.9;130.6;132.3;0.14;0;0;30.3;30.2;29.2;13319;12;1;0;0
2022:08:16:10:30:01,025;0;0;22.8;130.6;131.5;0.14;0;0;30.3;30.2;29.2;13319;12;1;0;0
2022:08:16:10:31:01,093;0;0;22.9;130.6;131.7;0.14;0;0;30.2;30.2;29.1;13319;12;1;0;0
2022:08:16:10:32:00,082;0;0;22.9;129.9;131.4;0.14;0;0;30.3;30.2;29.1;13319;12;1;0;0
2022:08:16:10:33:00,171;0;0;22.7;130.1;132.0;0.14;0;0;30.3;30.2;29.0;13319;12;1;0;0
2022:08:16:10:34:00,159;0;0;22.7;129.9;131.4;0.14;0;0;30.3;30.3;29.0;13319;12;1;0;0
2022:08:16:10:35:01,168;0;0;22.7;130.1;131.4;0.14;0;0;30.3;30.3;29.0;13319;12;1;0;0
2022:08:16:10:36:01,176;0;0;22.6;129.9;131.6;0.14;0;0;30.3;30.3;29.0;13319;12;1;0;0
2022:08:16:10:37:01,145;0;0;22.6;129.9;131.2;0.14;0;0;30.4;30.3;29.0;13319;12;1;0;0
2022:08:16:10:38:01,253;0;0;22.7;129.9;131.6;0.14;0;0;30.4;30.4;29.0;13319;12;1;0;0
2022:08:16:10:39:01,022;0;0;22.6;129.9;131.2;0.14;0;0;30.4;30.4;29.0;13319;12;1;0;0
2022:08:16:10:40:01,310;0;0;22.6;130.4;131.7;0.14;0;0;30.4;30.4;28.9;13319;12;1;0;0
2022:08:16:10:41:00,379;0;0;22.6;130.1;131.8;0.14;0;0;30.4;30.3;28.8;13319;12;1;0;0
2022:08:16:10:42:02,189;0;0;22.7;130.1;131.8;0.14;0;0;30.3;30.3;28.8;13319;12;1;0;0
2022:08:16:10:43:00,836;0;0;22.7;130.4;131.9;0.14;0;0;30.3;30.3;28.7;13319;12;1;0;0
2022:08:16:10:44:00,225;0;0;22.7;129.9;131.4;0.14;0;0;30.3;30.3;28.6;13319;12;1;0;0
2022:08:16:10:45:00,213;0;0;22.7;130.4;131.9;0.14;0;0;30.3;30.2;28.6;13319;12;1;0;0
2022:08:16:10:46:00,982;0;0;22.8;130.1;131.8;0.14;0;0;30.3;30.2;28.5;13319;12;1;0;0
2022:08:16:10:47:00,311;0;0;22.8;130.1;131.8;0.14;0;0;30.3;30.2;28.5;13319;12;1;0;0
2022:08:16:10:48:00,739;0;0;22.8;130.4;131.9;0.14;0;0;30.3;30.2;28.5;13319;12;1;0;0
2022:08:16:10:49:01,208;0;0;22.8;130.1;132.0;0.14;0;0;30.3;30.3;28.6;13319;12;1;0;0
2022:08:16:10:50:00,076;1;51;47.1;130.4;131.9;0.14;0;0;30.3;30.3;28.6;13319;12;1;0;0
2022:08:16:10:51:00,705;0;5;51.4;130.1;131.4;0.14;0;0;30.3;30.3;28.6;13319;12;1;0;0
2022:08:16:10:52:00,553;0;0;32.3;130.1;131.2;0.14;0;0;30.3;30.3;28.5;13319;12;1;0;0
2022:08:16:10:53:00,342;0;0;25.7;130.4;131.4;0.14;0;0;30.3;30.3;28.5;13319;12;1;0;0
2022:08:16:10:54:12,193;0;0;23.5;130.4;131.7;0.14;0;0;30.3;30.3;28.5;13319;12;1;0;0
2022:08:16:10:55:01,139;0;0;23.0;129.9;131.4;0.16;0;0;30.4;30.4;28.6;13319;12;1;0;0
2022:08:16:10:56:00,268;0;0;23.0;130.4;131.4;0.14;0;0;30.4;30.4;28.6;13319;12;1;0;0
2022:08:16:10:57:01,176;0;0;23.0;130.1;131.4;0.14;0;0;30.5;30.4;28.6;13319;12;1;0;0
2022:08:16:10:58:00,465;0;0;23.9;130.1;131.8;0.14;0;0;30.5;30.5;28.6;13319;12;1;0;0
2022:08:16:10:59:01,073;0;0;23.4;130.1;131.8;0.14;0;0;30.5;30.5;28.6;13319;12;1;0;0
2022:08:16:11:00:01,162;0;0;22.9;129.9;131.4;0.14;0;0;30.6;30.5;28.7;13319;12;1;0;0
2022:08:16:11:01:01,110;0;0;22.8;130.6;131.7;0.14;0;0;30.6;30.6;28.8;13319;12;1;0;0
2022:08:16:11:02:01,199;0;0;22.8;130.1;131.2;0.14;0;0;30.7;30.7;28.9;13319;12;1;0;0
2022:08:16:11:03:00,128;0;0;22.7;130.4;131.4;0.14;0;0;30.8;30.8;29.0;13319;12;1;0;0
2022:08:16:11:04:00,356;0;0;22.7;129.7;131.1;0.13;0;0;30.9;30.9;29.1;13319;12;1;0;0
2022:08:16:11:05:01,545;1;25;26.6;130.6;131.5;0.13;0;0;30.9;31.0;29.2;13319;12;1;0;0
2022:08:16:11:06:00,893;5;181;151.7;130.6;132.5;1.3;282;283;30.9;31.3;29.3;13319;12;0;0;256
2022:08:16:11:07:00,102;4;151;127.3;129.9;131.4;0.79;156;162;31.3;31.4;29.3;13319;12;0;0;256
2022:08:16:11:08:01,270;5;159;132.6;130.1;132.0;0.91;190;192;31.8;32.2;29.3;13319;12;0;0;256
2022:08:16:11:09:00,459;2;75;65.2;130.1;131.2;0.56;0;0;31.9;31.9;29.2;13319;12;8;0;256
2022:08:16:11:10:00,728;5;190;161.7;130.1;132.2;1.26;272;271;31.7;31.8;29.3;13319;12;0;0;256
2022:08:16:11:11:01,236;5;157;132.5;130.4;131.9;0.89;186;184;31.9;32.0;29.4;13319;12;0;0;256
2022:08:16:11:12:01,405;4;141;119.2;130.1;131.4;0.67;123;127;32.0;32.0;29.4;13319;12;0;0;256
2022:08:16:11:13:00,553;4;156;130.4;130.6;131.9;0.87;180;184;32.0;32.1;29.5;13319;12;0;0;256
2022:08:16:11:14:01,342;4;138;117.4;130.6;131.9;0.66;121;121;32.1;32.2;29.5;13319;12;0;0;256
2022:08:16:11:15:00,350;7;245;201.5;131.2;133.4;3.23;724;725;32.4;32.8;29.5;13319;12;0;0;256
2022:08:16:11:16:01,279;3;94;81.3;130.4;131.4;0.55;9;11;32.7;32.7;29.5;13319;12;0;0;256
2022:08:16:11:17:00,628;4;150;126.7;130.4;131.7;0.8;162;162;32.7;33.0;29.7;13319;12;0;0;256
2022:08:16:11:18:02,237;5;171;144.3;130.6;132.5;1.1;238;240;32.6;32.8;29.8;13319;12;0;0;256
2022:08:16:11:19:00,685;3;113;97.7;130.1;131.4;0.53;39;41;32.6;32.9;29.9;13319;12;0;0;256
2022:08:16:11:20:01,353;3;103;88.8;129.7;130.8;0.56;20;22;32.7;33.0;30.0;13319;12;0;0;256
2022:08:16:11:21:02,122;3;118;100.7;130.1;131.8;0.55;54;55;32.8;33.2;30.1;13319;12;0;0;256
2022:08:16:11:22:00,730;4;133;111.6;129.9;131.4;0.62;101;99;32.9;33.3;30.3;13319;12;0;0;256
2022:08:16:11:23:01,139;4;124;105.9;130.1;131.8;0.57;74;73;33.1;33.4;30.5;13319;12;0;0;256
2022:08:16:11:24:01,108;4;156;131.8;130.4;132.1;0.86;174;177;33.2;33.6;30.6;13319;12;0;0;256
2022:08:16:11:25:00,876;4;122;103.5;130.1;131.2;0.56;64;64;33.3;33.4;30.7;13319;12;0;0;256
2022:08:16:11:26:00,785;5;165;138.1;130.4;132.5;1.03;218;215;33.3;33.9;30.8;13319;12;0;0;256
2022:08:16:11:27:01,013;3;85;72.1;130.1;131.4;0.55;4;4;33.5;33.9;30.9;13319;12;0;0;256
2022:08:16:11:28:00,542;0;5;41.5;130.1;131.8;0.14;0;0;33.5;33.8;31.0;13319;12;1;0;0
2022:08:16:11:29:00,150;0;0;30.4;129.9;131.2;0.14;0;0;33.4;33.8;31.3;13319;12;1;0;0
2022:08:16:11:30:02,520;2;71;65.0;130.1;131.8;0.14;0;0;33.4;33.8;31.4;13319;12;1;0;0
2022:08:16:11:31:00,428;0;0;51.4;129.9;131.4;0.14;0;0;33.4;33.8;31.5;13319;12;1;0;0
2022:08:16:11:32:00,056;0;0;33.5;129.7;131.1;0.14;0;0;33.4;33.8;31.6;13319;12;1;0;0
2022:08:16:11:33:00,525;0;0;26.2;129.7;131.1;0.14;0;0;33.5;33.8;31.7;13319;12;1;0;0
2022:08:16:11:34:00,793;0;0;23.9;129.7;131.4;0.14;0;0;33.5;33.8;31.8;13319;12;1;0;0
2022:08:16:11:35:03,303;0;0;23.1;129.7;131.4;0.14;0;0;33.6;33.9;31.9;13319;12;1;0;0
2022:08:16:11:36:00,830;0;5;24.4;129.7;131.4;0.14;0;0;33.7;34.0;32.0;13319;12;1;0;0
2022:08:16:11:37:00,599;1;49;45.5;129.7;131.4;0.14;0;0;33.7;34.0;32.0;13319;12;1;0;0
2022:08:16:11:38:00,148;5;158;134.5;129.7;131.1;0.9;187;191;33.8;34.0;32.0;13319;12;0;0;256
2022:08:16:11:39:00,636;5;165;139.8;129.9;131.6;1.01;216;213;34.1;34.6;32.1;13319;12;0;0;256
2022:08:16:11:40:01,305;1;43;47.2;129.5;131.3;0.14;0;0;34.3;34.6;32.0;13319;12;1;0;0
2022:08:16:11:41:01,493;1;46;42.6;129.7;131.1;0.14;0;0;34.2;34.5;32.1;13319;12;1;0;0
2022:08:16:11:42:00,662;4;145;123.1;129.9;131.6;0.72;141;144;34.1;34.6;32.3;13319;12;0;0;256
2022:08:16:11:43:00,790;6;203;167.4;130.4;132.5;1.83;403;408;34.4;35.0;32.4;13319;12;0;0;256
2022:08:16:11:44:00,659;5;187;155.0;130.1;132.0;1.42;310;311;34.9;35.5;32.4;13319;12;0;0;256
2022:08:16:11:45:00,487;4;129;109.4;129.5;131.3;0.58;83;87;35.0;35.1;32.4;13319;12;0;0;256
2022:08:16:11:46:01,396;3;115;97.5;129.7;131.1;0.53;47;48;35.0;35.3;32.4;13319;12;0;0;256
2022:08:16:11:47:02,846;6;202;166.7;130.1;132.5;1.83;405;408;35.0;35.3;32.4;13319;12;0;0;256
2022:08:16:11:48:00,433;6;202;167.4;130.6;132.7;1.84;407;408;35.1;35.3;32.4;13319;12;0;0;256
2022:08:16:11:49:00,822;3;90;77.2;129.9;131.4;0.55;4;5;35.2;35.3;32.3;13319;12;0;0;256
2022:08:16:11:50:00,630;4;134;114.0;129.9;131.6;0.6;96;94;35.1;35.5;32.3;13319;12;0;0;256
2022:08:16:11:51:00,779;3;105;90.8;130.1;131.0;0.53;22;22;35.1;35.2;32.2;13319;12;0;0;256
2022:08:16:11:52:00,008;4;149;125.8;130.1;131.8;0.69;132;135;35.1;35.4;32.3;13319;12;0;0;256
2022:08:16:11:53:01,356;5;177;149.4;130.1;132.5;1.1;236;236;35.0;35.4;32.3;13319;12;0;0;256
2022:08:16:11:54:00,225;3;127;109.7;130.4;131.4;0.56;71;73;35.1;35.4;32.3;13319;12;0;0;256
2022:08:16:11:55:01,033;3;111;95.0;130.4;131.4;0.53;31;32;35.0;35.1;32.2;13319;12;0;0;256
2022:08:16:11:56:00,562;2;71;66.6;130.1;131.8;0.14;0;0;34.9;35.2;32.2;13319;12;1;0;0
2022:08:16:11:57:01,230;0;0;40.2;130.4;131.7;0.14;0;0;34.6;34.9;32.2;13319;12;1;0;0
2022:08:16:11:58:01,079;0;0;28.4;130.4;131.7;0.14;0;0;34.5;34.7;32.1;13319;12;1;0;0
2022:08:16:11:59:01,287;0;0;24.7;130.6;131.9;0.14;0;0;34.4;34.6;32.1;13319;12;1;0;0
2022:08:16:12:00:00,896;0;0;24.1;130.4;131.7;0.14;0;0;34.4;34.5;32.0;13319;12;1;0;0
2022:08:16:12:01:01,325;0;0;23.3;130.1;132.0;0.14;0;0;34.4;34.5;32.0;13319;12;1;0;0
2022:08:16:12:02:01,293;0;0;23.9;129.9;131.6;0.14;0;0;34.3;34.4;31.9;13319;12;1;0;0
2022:08:16:12:03:01,362;0;0;23.1;130.1;131.2;0.14;0;0;34.3;34.3;31.8;13319;12;1;0;0
2022:08:16:12:04:00,330;0;0;23.0;130.1;131.8;0.14;0;0;34.3;34.3;31.8;13319;12;1;0;0
2022:08:16:12:05:00,619;1;22;26.1;130.1;131.8;0.13;0;0;34.3;34.3;31.8;13319;12;1;0;0
2022:08:16:12:06:01,427;5;180;149.3;130.6;132.5;1.28;278;281;34.1;34.0;31.8;13319;12;0;0;256
2022:08:16:12:07:00,657;4;157;132.8;130.6;132.3;0.87;181;182;34.3;34.5;31.7;13319;12;0;0;256
2022:08:16:12:08:01,465;4;132;111.8;130.4;131.7;0.6;95;98;34.4;34.5;31.5;13319;12;0;0;256
2022:08:16:12:09:00,573;5;191;157.6;130.8;132.5;1.5;331;332;34.3;34.3;31.4;13319;12;0;0;256
2022:08:16:12:10:01,802;3;125;108.3;130.4;131.7;0.55;30;33;34.3;34.5;31.3;13319;12;8;0;256
2022:08:16:12:11:00,070;4;159;136.2;130.6;132.3;0.68;124;130;34.2;34.4;31.2;13319;12;0;0;256
2022:08:16:12:12:00,419;6;200;165.4;131.0;133.1;1.72;381;385;34.3;34.5;31.1;13319;12;0;0;256
2022:08:16:12:13:01,087;4;133;112.6;130.6;131.9;0.61;99;102;34.4;34.2;31.1;13319;12;0;0;256
2022:08:16:12:14:00,896;1;44;51.2;130.4;132.1;0.14;0;0;34.3;34.3;31.0;13319;12;1;0;0
2022:08:16:12:15:00,405;1;6;37.4;130.4;131.7;0.14;0;0;34.0;34.1;31.0;13319;12;1;0;0
2022:08:16:12:16:01,253;2;71;73.5;130.6;131.9;0.14;0;0;33.8;33.9;31.1;13319;12;1;0;0
2022:08:16:12:17:00,102;5;188;159.0;131.0;132.9;1.43;314;313;33.7;33.8;31.1;13319;12;0;0;256
2022:08:16:12:18:01,410;2;76;65.1;130.6;131.7;0.55;0;0;34.1;34.0;31.0;13319;12;8;0;256
2022:08:16:12:19:04,181;3;129;110.7;130.6;131.9;0.56;57;59;34.1;33.9;31.0;13319;12;0;0;256
2022:08:16:12:20:00,587;2;85;72.7;130.6;131.5;0.55;4;4;34.4;34.6;31.0;13319;12;0;0;256
2022:08:16:12:21:01,016;6;215;177.2;131.2;133.4;2.2;491;487;34.3;34.3;31.0;13319;12;0;0;256
2022:08:16:12:22:01,364;8;266;214.4;131.7;134.8;4.2;946;950;35.7;35.6;30.9;13319;12;0;0;256
2022:08:16:12:23:01,533;5;160;133.0;130.8;132.5;0.97;204;208;35.7;35.7;30.9;13319;12;0;0;256
2022:08:16:12:24:00,782;5;180;148.3;131.0;132.9;1.3;283;283;35.1;35.2;30.8;13319;12;0;0;256
2022:08:16:12:25:01,630;3;109;92.7;130.8;132.3;0.53;32;32;34.8;34.9;30.8;13319;12;0;0;256
2022:08:16:12:26:00,359;3;105;91.0;131.0;132.6;0.55;12;11;34.5;34.7;30.8;13319;12;8;0;256
2022:08:16:12:27:00,667;2;73;65.1;130.8;132.3;0.55;0;0;34.4;34.3;30.9;13319;12;8;0;256
2022:08:16:12:28:01,036;3;126;107.7;131.0;132.3;0.53;36;36;34.4;34.3;30.9;13319;12;8;0;256
2022:08:16:12:29:00,165;3;140;120.5;131.0;132.1;0.55;52;56;34.4;34.4;31.0;13319;12;8;0;256
2022:08:16:12:30:01,073;4;141;120.3;131.0;132.9;0.62;105;106;34.5;34.8;31.1;13319;12;0;0;256
2022:08:16:12:31:01,062;4;133;112.8;131.0;132.9;0.61;102;104;34.6;34.6;31.1;13319;12;0;0;256
2022:08:16:12:32:01,270;4;129;109.6;131.0;132.6;0.58;85;87;34.6;34.5;31.2;13319;12;0;0;256
2022:08:16:12:33:01,779;4;143;119.6;131.2;133.2;0.71;134;133;34.5;34.7;31.2;13319;12;0;0;256
2022:08:16:12:34:00,987;3;120;101.9;131.0;132.3;0.55;58;61;34.5;34.9;31.3;13319;12;0;0;256
2022:08:16:12:35:00,236;4;156;130.7;131.0;132.6;0.86;177;179;34.5;34.8;31.4;13319;12;0;0;256
2022:08:16:12:36:00,085;3;115;99.7;131.0;132.1;0.53;17;20;34.5;34.6;31.4;13319;12;8;0;256
2022:08:16:12:37:00,613;5;207;172.5;131.5;134.0;1.66;370;372;34.5;34.6;31.5;13319;12;0;0;256
2022:08:16:12:38:00,602;6;190;157.5;131.2;134.0;1.48;328;322;34.9;35.2;31.5;13319;12;0;0;256
2022:08:16:12:39:00,950;7;248;203.7;132.1;135.2;3.22;729;742;35.0;35.3;31.4;13319;12;0;0;256
2022:08:16:12:40:00,539;8;290;234.3;132.6;136.3;5.05;1147;1148;35.2;35.4;31.4;13319;12;0;0;256
2022:08:16:12:41:01,247;5;184;154.6;131.5;134.0;1.29;286;289;35.4;35.4;31.3;13319;12;0;0;256
2022:08:16:12:42:00,516;8;277;224.8;132.1;136.0;4.36;989;998;35.2;35.5;31.2;13319;12;0;0;256
2022:08:16:12:43:01,184;7;235;191.7;131.7;134.3;2.81;632;638;35.6;35.8;31.1;13319;12;0;0;256
2022:08:16:12:44:00,473;6;205;168.7;131.7;133.8;1.85;414;420;35.4;35.6;31.1;13319;12;0;0;256
2022:08:16:12:45:00,962;5;165;138.2;131.2;132.9;1.01;218;213;35.2;35.1;31.0;13319;12;0;0;256
2022:08:16:12:46:00,390;5;174;146.8;131.2;133.2;1.16;251;251;35.4;35.3;31.0;13319;12;0;0;256
2022:08:16:12:47:00,919;5;169;142.6;131.2;133.2;1.06;228;227;35.1;35.2;31.0;13319;12;0;0;256
2022:08:16:12:48:01,387;3;92;79.2;130.8;132.1;0.55;6;8;34.9;35.0;31.0;13319;12;0;0;256
2022:08:16:12:49:00,636;4;147;123.9;131.0;132.6;0.74;146;148;34.7;34.9;31.0;13319;12;0;0;256
2022:08:16:12:50:01,124;4;123;103.8;130.8;132.3;0.57;69;69;34.6;34.5;31.1;13319;12;0;0;256
2022:08:16:12:51:01,373;4;133;111.9;131.0;132.6;0.61;98;102;34.5;34.7;31.1;13319;12;0;0;256
2022:08:16:12:52:00,522;4;141;117.6;131.0;132.9;0.69;128;126;34.6;34.8;31.2;13319;12;0;0;256
2022:08:16:12:53:01,030;5;177;148.4;131.2;133.2;1.17;257;263;34.6;34.8;31.3;13319;12;0;0;256
2022:08:16:12:54:01,059;6;228;186.2;132.1;135.0;2.56;578;581;35.2;35.1;31.3;13319;12;0;0;256
2022:08:16:12:55:01,347;5;166;139.2;131.5;133.7;1.0;215;218;35.4;35.5;31.4;13319;12;0;0;256
2022:08:16:12:56:00,136;5;164;139.8;131.0;133.1;0.99;210;209;35.3;35.5;31.4;13319;12;0;0;256
2022:08:16:12:57:00,484;6;194;159.9;131.5;134.0;1.59;353;357;35.3;35.6;31.4;13319;12;0;0;256
2022:08:16:12:58:01,373;3;113;95.7;130.6;131.9;0.55;41;41;35.4;35.2;31.4;13319;12;0;0;256
2022:08:16:12:59:00,082;5;172;142.6;131.0;132.9;1.13;242;242;35.0;35.0;31.4;13319;12;0;0;256
2022:08:16:13:00:01,270;3;87;75.2;130.6;131.9;0.55;4;4;35.2;35.4;31.4;13319;12;0;0;256
2022:08:16:13:01:00,679;5;187;157.7;131.0;133.1;1.4;310;310;35.1;35.3;31.4;13319;12;0;0;256
2022:08:16:13:02:00,467;4;143;120.0;130.8;132.3;0.69;131;133;35.2;35.1;31.4;13319;12;0;0;256
2022:08:16:13:03:01,156;3;121;102.5;130.1;131.8;0.56;61;64;35.1;35.2;31.3;13319;12;0;0;256
2022:08:16:13:04:00,424;5;203;166.7;130.8;132.8;1.79;397;408;35.1;35.6;31.3;13319;12;0;0;256
2022:08:16:13:05:00,853;4;123;104.3;130.6;131.9;0.56;68;69;35.2;35.2;31.4;13319;12;0;0;256
2022:08:16:13:06:00,022;4;140;118.9;130.1;131.8;0.67;121;123;35.1;35.0;31.4;13319;12;0;0;256
2022:08:16:13:07:00,390;4;140;117.6;130.1;132.2;0.68;124;123;35.1;35.2;31.5;13319;12;0;0;256
2022:08:16:13:08:00,699;7;242;197.0;131.0;133.9;3.09;690;693;35.1;35.5;31.5;13319;12;0;0;256
2022:08:16:13:09:00,887;5;172;146.0;130.6;132.5;1.1;236;241;35.6;35.6;31.5;13319;12;0;0;256
2022:08:16:13:10:00,216;3;90;77.8;130.4;131.7;0.55;1;2;35.5;35.3;31.5;13319;12;8;0;256
2022:08:16:13:11:00,584;6;205;169.6;130.8;132.8;1.91;424;419;35.4;35.7;31.5;13319;12;0;0;256
2022:08:16:13:12:00,233;3;113;95.0;130.1;131.2;0.53;42;41;35.6;35.8;31.5;13319;12;0;0;256
2022:08:16:13:13:00,322;4;169;144.5;130.1;131.8;0.62;102;103;35.2;35.2;31.4;13319;12;8;0;256
2022:08:16:13:14:00,890;4;163;138.1;130.4;131.9;0.8;163;166;35.1;35.3;31.4;13319;12;0;0;256
2022:08:16:13:15:01,299;4;156;131.0;130.1;131.8;0.86;177;179;35.2;35.3;31.4;13319;12;0;0;256
2022:08:16:13:16:01,827;4;127;105.5;129.9;131.2;0.58;83;79;35.6;35.4;31.4;13319;12;0;0;256
2022:08:16:13:17:00,376;6;219;180.4;130.4;132.9;2.3;511;511;35.4;35.3;31.4;13319;12;0;0;256
2022:08:16:13:18:00,744;4;124;106.4;129.9;131.4;0.56;73;72;35.6;35.8;31.4;13319;12;0;0;256
2022:08:16:13:19:00,473;5;158;133.3;130.1;132.0;0.9;187;190;35.5;35.7;31.3;13319;12;0;0;256
2022:08:16:13:20:00,222;4;154;129.9;130.6;132.3;0.85;174;176;35.4;35.4;31.3;13319;12;0;0;256
2022:08:16:13:21:01,230;4;156;130.8;130.6;132.5;0.82;170;176;35.3;35.5;31.3;13319;12;0;0;256
2022:08:16:13:22:00,279;6;230;188.8;131.2;133.7;2.6;581;582;35.1;35.4;31.3;13319;12;0;0;256
2022:08:16:13:23:00,327;6;215;176.8;130.6;133.5;2.17;484;482;35.8;36.0;31.3;13319;12;0;0;256
2022:08:16:13:24:00,856;6;222;181.2;131.0;133.6;2.39;534;536;35.7;35.6;31.3;13319;12;0;0;256
2022:08:16:13:25:01,204;4;121;101.5;130.1;131.4;0.56;61;64;35.8;35.9;31.3;13319;12;0;0;256
2022:08:16:13:26:00,373;4;153;128.6;130.4;131.9;0.8;163;165;35.6;35.8;31.3;13319;12;0;0;256
2022:08:16:13:27:03,601;6;205;169.2;131.0;133.1;1.87;416;419;35.7;35.9;31.4;13319;12;0;0;256
2022:08:16:13:28:01,470;3;108;92.3;130.1;131.4;0.55;29;31;35.8;35.7;31.4;13319;12;0;0;256
2022:08:16:13:29:00,719;2;65;54.8;130.4;130.9;0.55;0;0;35.6;35.6;31.5;13319;12;8;0;256
2022:08:16:13:30:01,047;1;48;44.2;130.1;131.4;0.12;0;0;35.2;35.4;31.6;13319;12;1;4096;0
2022:08:16:13:31:00,056;6;204;168.1;130.6;133.0;1.85;409;410;35.1;35.3;31.7;13319;12;0;0;256
2022:08:16:13:32:00,384;3;108;92.9;130.4;131.7;0.52;31;31;35.4;35.4;31.9;13319;12;0;0;256
2022:08:16:13:33:00,373;3;113;96.0;129.7;131.4;0.55;38;41;35.5;35.7;32.1;13319;12;0;0;256
2022:08:16:13:34:00,601;4;179;154.1;130.6;131.9;0.66;120;122;35.4;35.4;32.4;13319;12;8;0;256
2022:08:16:13:35:00,930;3;125;106.1;130.6;131.5;0.53;39;39;35.6;35.9;32.6;13319;12;0;0;256
2022:08:16:13:36:01,599;0;5;42.9;130.4;131.7;0.14;0;0;35.6;35.8;32.8;13319;12;1;0;0
2022:08:16:13:37:00,687;0;0;29.6;129.9;131.4;0.14;0;0;35.5;35.7;32.9;13319;12;1;0;0
2022:08:16:13:38:01,036;0;13;26.7;130.1;131.4;0.14;0;0;35.4;35.6;33.0;13319;12;1;0;0
2022:08:16:13:39:00,764;1;20;28.4;130.1;131.8;0.14;0;0;35.3;35.6;33.1;13319;12;1;0;0
2022:08:16:13:40:02,476;3;105;96.8;130.1;131.4;0.14;0;25;35.2;35.6;33.0;13319;12;1;0;0
2022:08:16:13:41:00,341;5;182;154.1;130.6;132.3;1.26;274;284;35.3;35.6;33.0;13319;12;0;0;256
2022:08:16:13:42:01,470;7;246;200.8;131.2;134.0;3.25;729;734;35.7;36.1;32.9;13319;12;0;0;256
2022:08:16:13:43:00,179;3;98;84.6;130.4;131.4;0.53;12;16;36.6;36.6;32.8;13319;12;0;0;256
2022:08:16:13:44:00,567;5;188;157.3;130.8;132.8;1.4;309;315;36.3;36.5;32.7;13319;12;0;0;256
2022:08:16:13:45:01,516;5;157;130.5;130.6;132.5;0.86;177;179;36.1;36.2;32.6;13319;12;0;0;256
2022:08:16:13:46:00,704;3;102;87.7;130.6;131.7;0.55;19;19;36.0;35.9;32.5;13319;12;0;0;256
2022:08:16:13:47:01,413;2;78;66.4;130.4;131.4;0.55;0;0;35.8;36.0;32.5;13319;12;8;0;256
2022:08:16:13:48:00,001;6;195;160.6;130.8;132.8;1.66;367;361;35.8;36.0;32.6;13319;12;0;0;256
2022:08:16:13:49:00,070;3;108;92.5;130.6;131.7;0.53;28;31;35.9;35.8;32.6;13319;12;0;0;256
2022:08:16:13:50:01,579;5;187;156.0;130.6;132.7;1.35;298;311;35.9;36.1;32.7;13319;12;0;0;256
2022:08:16:13:51:00,927;4;124;104.6;130.1;131.4;0.56;75;72;36.5;36.4;32.8;13319;12;0;0;256
2022:08:16:13:52:00,256;8;275;221.7;131.5;135.3;4.63;1043;1047;37.4;37.7;32.9;13319;12;0;0;256
2022:08:16:13:53:01,124;5;154;128.2;130.6;132.3;0.93;194;183;37.6;37.5;32.9;13319;12;0;0;256
2022:08:16:13:54:01,073;4;153;140.1;129.9;131.4;0.12;0;165;36.9;36.9;32.9;13319;12;0;0;0
2022:08:16:13:55:02,221;4;155;130.9;130.4;132.5;0.85;174;175;36.6;36.6;32.9;13319;12;0;0;256
2022:08:16:13:56:01,150;6;243;199.4;131.0;133.9;2.71;607;604;36.3;36.4;32.9;13319;12;0;0;256
2022:08:16:13:57:00,519;4;129;109.7;130.1;131.4;0.58;86;87;36.7;36.9;32.9;13319;12;0;0;256
2022:08:16:13:58:00,727;8;289;233.0;131.5;135.6;5.03;1130;1139;36.3;36.6;32.9;13319;12;0;0;256
2022:08:16:13:59:00,116;5;195;160.8;130.6;132.5;1.6;355;357;37.1;37.2;32.8;13319;12;0;0;256
2022:08:16:14:00:00,144;4;137;115.4;129.9;131.6;0.62;108;113;37.0;37.2;32.8;13319;12;0;0;256
2022:08:16:14:01:00,093;4;229;196.0;130.6;133.0;1.21;266;273;36.5;36.5;32.8;13319;12;0;0;256
2022:08:16:14:02:01,241;8;297;237.9;131.7;135.6;5.38;1215;1218;37.1;37.5;32.8;13319;12;0;0;256
2022:08:16:14:03:01,230;4;151;126.4;129.9;131.6;0.81;165;165;37.4;37.2;32.8;13319;12;0;0;256
2022:08:16:14:04:00,559;6;209;171.9;130.4;133.2;2.02;449;445;37.2;37.4;32.7;13319;12;0;0;256
2022:08:16:14:05:01,447;5;171;139.9;130.1;132.2;1.11;239;239;37.0;37.0;32.7;13319;12;0;0;256
2022:08:16:14:06:00,676;3;113;96.0;129.9;131.4;0.53;44;44;36.7;36.6;32.6;13319;12;0;0;256
2022:08:16:14:07:00,884;4;128;107.2;129.9;131.2;0.58;85;85;36.6;36.8;32.6;13319;12;0;0;256
2022:08:16:14:08:00,613;8;301;242.7;131.5;135.6;5.59;1259;1278;36.6;36.8;32.7;13319;12;0;0;256
2022:08:16:14:09:01,141;6;228;187.4;130.8;133.6;2.57;575;576;37.4;37.7;32.7;13319;12;0;0;256
2022:08:16:14:10:00,450;6;243;197.8;130.8;134.1;3.06;686;691;37.5;37.6;32.7;13319;12;0;0;256
2022:08:16:14:11:00,739;4;145;121.7;129.9;132.0;0.74;142;141;37.2;37.1;32.6;13319;12;0;0;256
2022:08:16:14:12:02,487;3;107;91.6;129.2;130.8;0.52;25;28;37.2;37.1;32.6;13319;12;0;0;256
2022:08:16:14:13:00,456;5;159;134.9;129.9;131.4;0.94;196;194;37.1;37.0;32.6;13319;12;0;0;256
2022:08:16:14:14:01,204;4;128;108.8;129.9;131.4;0.57;75;82;36.7;36.9;32.6;13319;12;0;0;256
2022:08:16:14:15:00,253;4;137;113.2;129.5;131.3;0.69;126;124;37.3;37.5;32.6;13319;12;0;0;256
2022:08:16:14:16:01,381;8;252;202.9;130.6;133.5;3.76;838;822;37.6;37.8;32.5;13319;12;0;0;256
2022:08:16:14:17:00,750;6;212;173.3;130.4;132.9;2.2;489;495;37.6;37.7;32.4;13319;12;0;0;256
2022:08:16:14:18:01,378;5;159;131.2;129.9;131.6;0.97;206;207;37.3;37.2;32.3;13319;12;0;0;256
2022:08:16:14:19:00,407;4;150;123.8;129.9;131.6;0.84;170;168;37.0;37.1;32.3;13319;12;0;0;256
2022:08:16:14:20:00,256;3;112;95.3;129.9;131.6;0.55;39;42;36.6;36.8;32.2;13319;12;0;0;256
2022:08:16:14:21:00,644;4;132;109.4;129.7;131.4;0.64;107;101;36.4;36.3;32.2;13319;12;0;0;256
2022:08:16:14:22:01,434;2;65;59.6;129.7;130.8;0.14;0;0;36.2;36.3;32.1;13319;12;1;0;0
2022:08:16:14:23:00,741;3;119;101.3;129.9;131.4;0.55;55;58;36.0;35.9;32.2;13319;12;0;0;256
2022:08:16:14:24:00,270;5;194;162.5;130.8;132.8;1.59;352;347;36.0;36.1;32.2;13319;12;0;0;256
2022:08:16:14:25:00,738;4;153;128.2;130.1;131.8;0.81;165;169;36.1;36.2;32.2;13319;12;0;0;256
2022:08:16:14:26:00,607;4;122;102.5;130.1;131.8;0.56;67;67;36.2;36.0;32.3;13319;12;0;0;256
2022:08:16:14:27:00,076;3;107;90.5;130.4;131.7;0.53;29;28;36.1;36.3;32.4;13319;12;0;0;256
2022:08:16:14:28:01,024;2;66;56.0;130.1;131.8;0.55;0;0;36.1;35.9;32.7;13319;12;8;0;256
2022:08:16:14:29:01,153;2;86;78.9;129.9;131.6;0.14;0;4;35.9;36.1;32.8;13319;12;1;0;0
2022:08:16:14:30:01,461;3;100;84.9;129.9;131.4;0.53;15;17;36.0;35.9;32.8;13319;12;0;0;256
2022:08:16:14:31:00,990;3;86;73.6;130.1;131.8;0.53;4;4;36.1;36.3;32.8;13319;12;0;0;256
2022:08:16:14:32:01,478;0;5;41.3;129.9;131.2;0.14;0;0;36.0;36.1;32.9;13319;12;1;0;0
2022:08:16:14:33:00,367;0;5;29.3;129.9;131.4;0.16;0;0;35.9;36.0;33.0;13319;12;1;0;0
2022:08:16:14:34:01,456;6;218;180.9;130.6;133.0;2.18;486;503;35.6;35.9;33.3;13319;12;0;0;256
2022:08:16:14:35:00,344;6;225;184.0;130.6;133.3;2.44;544;554;36.6;36.9;33.4;13319;12;0;0;256
2022:08:16:14:36:00,853;4;140;118.1;130.4;132.1;0.66;122;122;37.0;37.1;33.3;13319;12;0;0;256
2022:08:16:14:37:21,924;3;119;101.9;130.1;131.2;0.55;53;58;37.0;37.2;33.2;13319;12;0;0;256
2022:08:16:14:38:01,130;3;92;78.7;130.1;131.2;0.53;7;9;36.8;36.9;33.1;13319;12;0;0;256
2022:08:16:14:39:00,538;1;27;46.2;129.9;131.4;0.14;0;0;36.5;36.6;33.0;13319;12;1;0;0
2022:08:16:14:40:01,187;0;0;33.5;129.9;131.6;0.14;0;0;36.2;36.3;33.0;13319;12;1;0;0
2022:08:16:14:41:01,656;3;116;107.1;129.9;131.2;0.14;0;47;35.8;36.1;33.0;13319;12;1;0;0
2022:08:16:14:42:01,646;5;206;172.4;130.8;133.3;1.86;413;417;35.9;36.3;33.1;13319;12;0;0;256
2022:08:16:14:43:01,345;4;131;110.5;130.4;131.4;0.59;87;94;36.5;36.4;33.2;13319;12;0;0;256
2022:08:16:14:44:02,243;0;0;37.4;129.5;131.3;0.14;0;0;36.3;36.4;33.1;13319;12;1;0;0
2022:08:16:14:45:00,881;0;0;27.5;129.9;130.9;0.14;0;0;36.0;36.1;33.0;13319;12;1;0;0
2022:08:16:14:46:00,879;0;0;24.3;130.4;131.9;0.14;0;0;35.8;35.9;33.0;13319;12;1;0;0
2022:08:16:14:47:00,945;0;0;23.3;129.9;131.6;0.13;0;0;35.7;35.8;33.0;13319;12;1;0;0
2022:08:16:14:48:00,146;0;0;23.0;130.1;131.4;0.14;0;0;35.7;35.8;32.9;13319;12;1;0;0
2022:08:16:14:49:01,206;0;0;22.9;129.9;131.2;0.13;0;0;35.7;35.7;32.9;13319;12;1;0;0
2022:08:16:14:50:01,348;0;0;23.0;130.1;131.8;0.14;0;0;35.6;35.7;32.9;13319;12;1;0;0
2022:08:16:14:51:00,347;0;0;23.7;129.7;131.4;0.13;0;0;35.6;35.7;32.9;13319;12;1;0;0
2022:08:16:14:52:00,124;0;0;23.2;129.9;131.6;0.14;0;0;35.6;35.6;32.9;13319;12;1;0;0
2022:08:16:14:53:00,998;1;30;27.5;130.1;132.0;0.13;0;0;35.5;35.6;32.8;13319;12;1;0;0
2022:08:16:14:54:01,433;6;225;187.3;130.4;132.9;2.47;551;558;35.3;35.6;32.8;13319;12;0;0;256
2022:08:16:14:55:01,528;5;155;130.1;130.6;132.3;0.89;187;188;36.4;36.5;32.8;13319;12;0;0;256
2022:08:16:14:56:00,222;4;146;122.4;130.1;132.0;0.77;150;151;36.3;36.5;32.8;13319;12;0;0;256
2022:08:16:14:57:00,293;4;137;115.7;130.4;132.1;0.65;115;117;36.2;36.0;32.7;13319;12;0;0;256
2022:08:16:14:58:01,261;6;192;157.7;130.8;132.5;1.63;360;359;36.3;36.5;32.7;13319;12;0;0;256
2022:08:16:14:59:00,907;4;132;110.1;130.6;131.9;0.61;102;104;36.3;36.1;32.8;13319;12;0;0;256
2022:08:16:15:00:00,609;3;87;74.4;130.6;131.7;0.55;5;5;36.1;36.1;32.9;13319;12;0;0;256
2022:08:16:15:01:01,272;4;149;124.2;130.6;131.9;0.77;152;154;35.9;35.9;33.2;13319;12;0;0;256
2022:08:16:15:02:00,255;4;122;101.6;130.1;132.0;0.57;67;67;36.0;35.8;33.5;13319;12;0;0;256
2022:08:16:15:03:00,537;3;109;91.8;130.4;131.7;0.53;29;31;36.1;36.3;33.7;13319;12;0;0;256
2022:08:16:15:04:02,203;4;154;128.4;130.8;132.5;0.82;167;167;36.2;36.1;34.1;13319;12;0;0;256
2022:08:16:15:05:01,111;2;61;56.3;130.1;132.0;0.14;0;0;36.2;36.4;34.1;13319;12;1;0;0
2022:08:16:15:06:01,420;3;116;98.0;130.4;131.7;0.53;51;50;36.2;36.2;34.3;13319;12;0;0;256
2022:08:16:15:07:00,708;2;71;64.6;130.1;131.8;0.14;0;0;36.2;36.4;34.4;13319;12;1;0;0
2022:08:16:15:08:01,197;4;151;125.7;130.6;131.7;0.79;158;159;36.3;36.3;34.6;13319;12;0;0;256
2022:08:16:15:09:00,105;4;133;112.3;130.6;132.3;0.6;96;101;36.5;36.7;34.6;13319;12;0;0;256
2022:08:16:15:10:01,414;3;136;116.8;130.4;131.1;0.55;49;49;36.4;36.7;34.4;13319;12;8;0;256
2022:08:16:15:11:01,103;3;99;85.4;130.1;131.8;0.53;5;6;36.4;36.4;34.3;13319;12;8;0;256
2022:08:16:15:12:01,091;1;26;45.9;130.4;131.7;0.14;0;0;36.4;36.4;34.3;13319;12;1;0;0
2022:08:16:15:13:01,440;1;51;46.4;130.4;131.9;0.14;0;0;36.1;36.2;34.1;13319;12;1;0;0
2022:08:16:15:14:01,088;7;248;201.5;131.5;134.5;3.28;735;736;36.1;36.5;34.0;13319;12;0;0;256
2022:08:16:15:15:00,256;3;121;102.3;130.4;131.7;0.56;63;63;36.6;36.4;33.8;13319;12;0;0;256
2022:08:16:15:16:00,785;4;133;112.1;130.4;131.9;0.6;99;101;36.6;36.7;33.6;13319;12;0;0;256
2022:08:16:15:17:01,154;2;64;58.2;129.9;131.2;0.14;0;0;36.4;36.4;33.5;13319;12;1;0;0
2022:08:16:15:18:00,883;4;145;121.6;130.4;131.7;0.72;140;140;36.3;36.5;33.6;13319;12;0;0;256
2022:08:16:15:19:00,270;3;107;91.5;130.1;131.2;0.53;25;28;36.3;36.0;33.5;13319;12;0;0;256
2022:08:16:15:20:00,440;2;54;51.0;129.9;130.9;0.13;0;0;36.2;36.3;33.4;13319;12;1;0;0
2022:08:16:15:21:01,208;5;164;136.3;130.6;132.3;0.97;205;207;36.0;35.9;33.5;13319;12;0;0;256
2022:08:16:15:22:00,538;2;89;78.7;130.4;131.4;0.55;0;2;36.2;36.4;33.5;13319;12;8;0;256
2022:08:16:15:23:00,945;3;97;83.0;130.1;131.2;0.53;13;14;36.4;36.2;33.5;13319;12;0;0;256
2022:08:16:15:24:00,353;4;137;114.7;130.6;131.7;0.66;116;113;36.5;36.7;33.5;13319;12;0;0;256
2022:08:16:15:25:00,903;3;109;92.8;130.4;131.4;0.53;31;31;36.3;36.1;33.4;13319;12;0;0;256
2022:08:16:15:26:01,171;4;144;122.5;130.6;132.3;0.7;136;140;36.1;36.3;33.6;13319;12;0;0;256
2022:08:16:15:27:00,860;3;109;93.8;130.1;131.4;0.53;28;31;36.2;36.0;33.7;13319;12;0;0;256
2022:08:16:15:28:01,328;2;57;53.3;130.1;132.0;0.12;0;0;36.3;36.2;33.8;13319;12;1;0;0
2022:08:16:15:29:00,797;4;161;134.7;130.6;132.5;0.93;195;197;36.1;36.0;34.0;13319;12;0;0;256
2022:08:16:15:30:00,204;4;129;109.9;130.4;131.7;0.57;80;84;36.3;36.3;34.1;13319;12;0;0;256
2022:08:16:15:31:00,974;4;146;122.4;130.4;132.1;0.75;147;147;36.4;36.3;34.2;13319;12;0;0;256
2022:08:16:15:32:01,123;3;139;120.2;130.1;131.2;0.53;47;52;36.3;36.5;34.3;13319;12;8;0;256
2022:08:16:15:33:01,491;4;149;125.7;130.4;131.9;0.61;100;103;36.4;36.5;34.3;13319;12;0;0;256
2022:08:16:15:34:01,040;5;225;189.7;130.8;133.1;1.76;392;403;36.3;36.6;34.2;13319;12;0;0;256
2022:08:16:15:35:01,268;5;152;124.9;130.4;132.1;0.82;168;164;36.8;36.6;34.1;13319;12;0;0;256
2022:08:16:15:36:00,256;7;238;195.5;130.8;133.3;2.91;649;656;37.1;37.3;33.9;13319;12;0;0;256
2022:08:16:15:37:00,424;5;166;136.2;130.4;132.1;1.0;213;214;37.4;37.3;33.7;13319;12;0;0;256
2022:08:16:15:38:00,774;4;142;119.2;130.1;131.8;0.69;127;128;36.9;37.0;33.5;13319;12;0;0;256
2022:08:16:15:39:00,322;3;117;99.6;129.9;131.2;0.53;50;52;36.7;36.7;33.3;13319;12;0;0;256
2022:08:16:15:40:01,291;6;217;178.0;130.8;133.1;2.23;498;491;36.3;36.4;33.2;13319;12;0;0;256
2022:08:16:15:41:00,459;3;109;93.1;130.1;131.4;0.53;28;31;36.6;36.7;33.1;13319;12;0;0;256
2022:08:16:15:42:00,467;5;170;143.2;130.1;131.8;1.07;230;231;36.1;36.0;33.0;13319;12;0;0;256
2022:08:16:15:43:00,656;5;168;141.4;130.1;132.2;1.04;220;219;36.1;36.2;32.9;13319;12;0;0;256
2022:08:16:15:44:01,465;5;174;145.4;130.4;131.9;1.13;242;251;36.1;35.9;32.9;13319;12;0;0;256
2022:08:16:15:45:00,794;7;247;202.3;131.0;133.6;3.23;724;732;36.2;36.4;32.9;13319;12;0;0;256
2022:08:16:15:46:01,243;6;232;190.0;130.6;133.3;2.69;598;601;36.6;36.7;32.8;13319;12;0;0;256
2022:08:16:15:47:00,550;6;192;157.8;130.6;132.3;1.56;342;342;36.6;36.4;32.8;13319;12;0;0;256
2022:08:16:15:48:00,359;5;177;147.7;130.4;132.1;1.23;266;263;36.6;36.7;32.7;13319;12;0;0;256
2022:08:16:15:49:01,008;7;254;205.6;131.2;134.0;3.58;802;800;36.8;36.9;32.6;13319;12;0;0;256
2022:08:16:15:50:00,539;7;235;191.0;131.0;133.9;2.88;645;635;36.9;36.8;32.5;13319;12;0;0;256
2022:08:16:15:51:01,513;7;247;200.9;131.0;133.9;3.3;739;739;36.7;36.9;32.4;13319;12;0;0;256
2022:08:16:15:52:00,708;5;185;152.8;130.6;132.7;1.37;299;301;36.5;36.4;32.3;13319;12;0;0;256
2022:08:16:15:53:00,204;3;113;96.4;130.4;131.1;0.53;41;41;36.4;36.2;32.2;13319;12;0;0;256
2022:08:16:15:54:00,097;5;159;131.7;130.4;131.9;0.89;186;185;36.0;36.3;32.2;13319;12;0;0;256
2022:08:16:15:55:01,530;4;145;121.0;130.6;131.9;0.72;139;141;36.0;35.8;32.2;13319;12;0;0;256
2022:08:16:15:56:01,178;5;171;141.9;130.6;132.5;1.1;239;238;36.0;36.1;32.3;13319;12;0;0;256
2022:08:16:15:57:00,626;3;115;97.9;130.1;131.4;0.53;43;48;35.9;36.1;32.3;13319;12;0;0;256
2022:08:16:15:58:00,134;3;92;78.6;130.6;131.5;0.55;9;8;35.8;35.6;32.4;13319;12;0;0;256
2022:08:16:15:59:00,523;6;265;220.7;131.2;133.7;2.69;601;610;35.6;35.8;32.5;13319;12;0;0;256
2022:08:16:16:00:01,292;6;217;178.8;131.0;133.9;2.22;496;496;36.2;36.1;32.7;13319;12;0;0;256
2022:08:16:16:01:01,521;6;198;163.3;130.8;132.8;1.71;377;381;36.4;36.6;32.7;13319;12;0;0;256
2022:08:16:16:02:00,990;5;175;144.8;131.0;132.9;1.19;258;256;36.3;36.4;32.7;13319;12;0;0;256
2022:08:16:16:03:00,357;4;139;116.6;130.8;132.5;0.67;122;120;36.1;36.0;32.8;13319;12;0;0;256
2022:08:16:16:04:01,207;3;102;86.2;130.6;131.9;0.53;20;19;36.2;36.4;32.9;13319;12;0;0;256
2022:08:16:16:05:00,674;3;126;108.3;130.6;131.9;0.53;32;35;36.0;35.9;33.0;13319;12;8;0;256
2022:08:16:16:06:00,043;6;185;153.2;130.8;132.8;1.37;302;299;36.0;35.9;33.2;13319;12;0;0;256
2022:08:16:16:07:01,232;3;99;85.5;130.1;131.8;0.53;15;17;36.2;36.2;33.3;13319;12;0;0;256
2022:08:16:16:08:01,021;4;179;152.6;130.4;131.9;0.66;122;122;36.0;36.0;33.4;13319;12;8;0;256
2022:08:16:16:09:02,030;5;224;190.4;130.8;132.3;1.54;338;351;36.0;36.1;33.5;13319;12;0;0;256
2022:08:16:16:10:00,637;3;113;96.7;130.4;131.7;0.53;36;41;36.4;36.1;33.7;13319;12;0;0;256
2022:08:16:16:11:01,006;4;140;119.0;130.4;131.7;0.66;120;122;36.3;36.5;33.8;13319;12;0;0;256
2022:08:16:16:12:00,814;4;129;109.2;130.4;131.7;0.59;86;86;36.3;36.1;33.8;13319;12;0;0;256
2022:08:16:16:13:00,343;3;121;103.0;130.4;131.9;0.55;60;63;36.3;36.3;33.9;13319;12;0;0;256
2022:08:16:16:14:00,931;4;152;127.3;130.6;132.5;0.79;162;164;36.0;36.0;34.0;13319;12;0;0;256
2022:08:16:16:15:00,100;3;99;84.0;130.1;131.2;0.53;12;15;36.1;36.1;34.0;13319;12;0;0;256
2022:08:16:16:16:00,689;4;147;123.0;130.6;131.9;0.76;148;147;36.1;36.0;34.1;13319;12;0;0;256
2022:08:16:16:17:00,977;3;119;100.6;130.4;131.7;0.55;53;58;36.2;36.3;34.1;13319;12;0;0;256
2022:08:16:16:18:00,106;3;106;91.8;130.1;131.4;0.53;11;12;36.1;36.0;34.0;13319;12;8;0;256
2022:08:16:16:19:00,314;3;91;78.5;130.1;131.8;0.53;5;5;36.2;36.3;33.9;13319;12;0;0;256
2022:08:16:16:20:00,343;2;66;57.7;130.1;131.4;0.55;0;0;36.1;35.9;33.7;13319;12;8;0;256
2022:08:16:16:21:00,491;2;81;70.4;130.6;131.7;0.55;0;1;36.1;36.1;33.5;13319;12;8;0;256
2022:08:16:16:22:00,960;0;5;41.6;130.1;131.4;0.14;0;0;35.9;35.9;33.4;13319;12;1;0;0
2022:08:16:16:29:28,368;0;0;22.9;129.9;131.4;0.13;0;0;35.1;35.1;32.9;13319;12;1;0;0
2022:08:16:16:30:06,018;0;0;22.8;130.1;131.8;0.14;0;0;35.1;35.0;33.0;13319;12;1;0;0
2022:08:16:16:31:01,411;0;0;22.9;130.4;131.4;0.14;0;0;35.0;35.0;33.0;13319;12;1;0;0
2022:08:16:16:32:01,346;0;0;22.9;130.1;131.4;0.14;0;0;35.0;35.0;33.0;13319;12;1;0;0
2022:08:16:16:33:01,420;0;0;22.9;130.4;131.7;0.14;0;0;35.0;34.9;33.0;13319;12;1;0;0
2022:08:16:16:34:01,353;0;0;22.9;130.1;131.8;0.14;0;0;34.9;34.9;33.0;13319;12;1;0;0
2022:08:16:16:35:00,321;0;0;22.8;130.4;131.7;0.14;0;0;34.9;34.9;33.0;13319;12;1;0;0
2022:08:16:16:36:01,471;0;0;22.9;130.1;131.8;0.14;0;0;34.9;34.8;32.9;13319;12;1;0;0
2022:08:16:16:37:00,559;0;0;22.8;130.4;131.9;0.14;0;0;34.8;34.7;32.8;13319;12;1;0;0
2022:08:16:16:38:00,607;0;0;22.8;130.4;131.7;0.14;0;0;34.8;34.7;32.7;13319;12;1;0;0
2022:08:16:16:39:00,656;0;0;22.9;130.6;132.3;0.14;0;0;34.7;34.6;32.6;13319;12;1;0;0
2022:08:16:16:40:01,024;0;0;22.9;130.6;131.9;0.14;0;0;34.6;34.6;32.5;13319;12;1;0;0
2022:08:16:16:41:01,453;0;0;23.0;130.6;131.9;0.14;0;0;34.6;34.5;32.4;13319;12;1;0;0
2022:08:16:16:42:01,301;0;0;23.0;130.6;131.9;0.14;0;0;34.5;34.4;32.2;13319;12;1;0;0
2022:08:16:16:43:00,730;0;5;24.8;130.4;131.7;0.13;0;0;34.4;34.3;32.0;13319;12;1;0;0
2022:08:16:16:44:03,919;0;5;26.6;130.8;132.3;0.14;0;0;34.4;34.2;31.8;13319;12;1;0;0
2022:08:16:16:52:14,929;0;0;23.0;131.0;132.1;0.14;0;0;33.9;33.7;31.0;13319;12;1;0;0
2022:08:16:16:53:00,556;0;0;23.0;131.0;132.3;0.14;0;0;33.9;33.7;30.9;13319;12;1;0;0
2022:08:16:16:54:00,904;0;0;23.0;131.0;132.6;0.14;0;0;33.8;33.6;30.9;13319;12;1;0;0
2022:08:16:16:55:01,353;0;0;23.0;131.0;132.3;0.14;0;0;33.7;33.5;30.8;13319;12;1;0;0
2022:08:16:16:56:01,421;0;0;23.0;131.2;132.7;0.14;0;0;33.7;33.4;30.7;13319;12;1;0;0
2022:08:16:16:57:00,330;0;0;23.0;131.7;133.0;0.14;0;0;33.6;33.4;30.7;13319;12;1;0;0
2022:08:16:16:58:00,118;0;0;23.0;131.5;132.7;0.14;0;0;33.5;33.3;30.7;13319;12;1;0;0
2022:08:16:16:59:04,921;0;0;23.0;131.5;132.5;0.13;0;0;33.5;33.3;30.6;13319;12;1;0;0
2022:08:16:17:00:01,323;0;0;23.0;130.4;131.7;0.14;0;0;33.4;33.2;30.5;13319;12;1;0;0
2022:08:16:17:01:00,885;0;0;22.9;129.9;131.2;0.14;0;0;33.4;33.2;30.4;13319;12;1;0;0
2022:08:16:17:02:00,568;0;0;22.8;129.9;131.2;0.14;0;0;33.3;33.1;30.3;13319;12;1;0;0
2022:08:16:17:03:00,871;0;0;22.8;129.9;131.2;0.14;0;0;33.3;33.0;30.2;13319;12;1;0;0
2022:08:16:17:04:00,800;0;0;22.7;130.1;131.4;0.13;0;0;33.2;33.0;30.1;13319;12;1;0;0
2022:08:16:17:05:00,129;0;0;22.8;130.4;131.4;0.14;0;0;33.1;32.9;30.0;13319;12;1;0;0
2022:08:16:17:06:00,797;0;0;22.8;129.7;131.4;0.14;0;0;33.1;32.9;29.9;13319;12;1;0;0
2022:08:16:17:07:00,766;0;0;22.7;129.9;131.4;0.14;0;0;33.0;32.8;29.9;13319;12;1;0;0
2022:08:16:17:08:01,754;0;0;22.6;129.7;131.4;0.14;0;0;33.0;32.8;29.9;13319;12;1;0;0
2022:08:16:17:09:02,564;0;0;22.6;129.5;131.0;0.14;0;0;32.9;32.7;29.8;13319;12;1;0;0
2022:08:16:17:10:00,011;0;0;22.6;129.7;130.8;0.14;0;0;32.9;32.7;29.8;13319;12;1;0;0
2022:08:16:17:11:00,340;0;0;22.6;129.9;131.2;0.14;0;0;32.8;32.6;29.7;13319;12;1;0;0
2022:08:16:17:12:00,208;0;0;22.7;130.1;131.4;0.14;0;0;32.8;32.5;29.7;13319;12;1;0;0
2022:08:16:17:13:00,637;0;0;25.7;129.9;131.4;0.14;0;0;32.7;32.5;29.6;13319;12;1;0;0
2022:08:16:17:14:00,166;0;5;26.3;129.7;131.1;0.14;0;0;32.5;32.3;29.3;13319;12;1;0;0
2022:08:16:17:15:04,416;0;0;24.4;130.1;131.4;0.14;0;0;32.3;32.0;28.9;13319;12;1;0;0
2022:08:16:17:16:00,303;0;0;24.5;129.9;131.4;0.14;0;0;32.1;31.7;28.6;13319;12;1;0;0
2022:08:16:17:17:28,376;0;0;23.5;129.9;131.2;0.14;0;0;31.7;31.3;28.0;13319;12;1;0;0
2022:08:16:17:18:02,321;0;0;23.9;129.7;131.1;0.14;0;0;31.6;31.2;27.9;13319;12;1;0;0
2022:08:16:17:19:00,468;0;0;24.0;129.9;131.2;0.14;0;0;31.4;31.0;27.6;13319;12;1;0;0
2022:08:16:17:20:00,597;0;0;23.1;129.7;130.8;0.14;0;0;31.2;30.7;27.2;13319;12;1;0;0
2022:08:16:17:21:00,566;0;0;22.9;130.1;131.4;0.14;0;0;31.0;30.5;26.9;13319;12;1;0;0
2022:08:16:17:22:00,514;0;0;22.8;130.1;131.8;0.14;0;0;30.8;30.3;26.7;13319;12;1;0;0
2022:08:16:17:23:01,023;0;0;22.7;130.1;131.4;0.14;0;0;30.6;30.2;26.5;13319;12;1;0;0
2022:08:16:17:24:01,251;0;0;22.8;130.1;131.4;0.14;0;0;30.5;30.0;26.2;13319;12;1;0;0
2022:08:16:17:25:01,420;0;0;23.9;129.9;131.6;0.13;0;0;30.3;29.8;26.0;13319;12;1;0;0
2022:08:16:17:26:00,908;0;0;25.2;130.1;131.4;0.14;0;0;30.1;29.7;25.8;13319;12;1;0;0
2022:08:16:17:27:00,337;0;0;25.9;129.9;131.6;0.14;0;0;29.9;29.6;25.5;13319;12;1;0;0
2022:08:16:17:28:00,546;0;0;24.1;130.4;131.4;0.14;0;0;29.8;29.4;25.2;13319;12;1;0;0
2022:08:16:17:29:00,634;0;0;24.8;129.7;131.4;0.14;0;0;29.6;29.2;25.0;13319;12;1;0;0
2022:08:16:17:30:00,923;0;0;24.4;130.1;131.4;0.14;0;0;29.5;29.0;24.8;13319;12;1;0;0
2022:08:16:17:31:01,231;0;0;23.4;129.9;132.0;0.13;0;0;29.3;28.9;24.5;13319;12;1;0;0
2022:08:16:17:32:00,040;0;0;23.0;130.1;131.8;0.14;0;0;29.2;28.7;24.4;13319;12;1;0;0
2022:08:16:17:33:00,342;2;51;54.6;129.9;131.6;0.14;0;0;28.9;28.5;24.2;13319;12;1;0;0
2022:08:16:17:34:00,525;6;198;166.0;130.4;132.7;1.77;391;386;28.9;28.5;24.0;13319;12;0;0;256
2022:08:16:17:35:00,508;3;89;75.8;130.1;131.0;0.56;6;6;29.0;28.8;23.9;13319;12;0;0;256
2022:08:16:17:36:00,690;5;171;145.3;130.4;131.9;1.13;243;244;29.2;29.1;23.8;13319;12;0;0;256
2022:08:16:17:37:00,773;6;216;180.5;130.8;133.3;2.3;512;507;29.1;28.8;23.7;13319;12;0;0;256
2022:08:16:17:38:00,821;4;131;112.3;130.1;131.4;0.59;89;98;29.1;29.0;23.6;13319;12;0;0;256
2022:08:16:17:39:00,850;3;101;87.6;130.1;131.4;0.55;16;17;28.9;28.7;23.5;13319;12;0;0;256
2022:08:16:17:40:00,998;5;181;151.5;130.4;131.9;1.34;292;294;28.8;28.8;23.4;13319;12;0;0;256
2022:08:16:17:41:00,567;4;146;123.0;130.1;132.0;0.77;149;149;29.0;28.9;23.4;13319;12;0;0;256
2022:08:16:17:42:00,796;6;227;186.5;130.8;133.1;2.62;585;589;28.7;28.7;23.3;13319;12;0;0;256
2022:08:16:17:43:00,144;7;226;185.8;130.8;133.3;2.62;585;584;29.3;29.1;23.3;13319;12;0;0;256
2022:08:16:17:44:00,093;4;161;134.8;130.1;131.8;0.95;198;204;29.2;29.2;23.2;13319;12;0;0;256
2022:08:16:17:45:00,141;4;125;106.6;129.7;130.8;0.58;83;81;28.8;28.5;23.1;13319;12;0;0;256
2022:08:16:17:46:00,230;7;256;209.9;131.0;134.2;3.73;837;831;28.5;28.9;23.0;13319;12;0;0;256
2022:08:16:17:47:00,358;6;211;177.4;130.1;132.8;2.1;465;472;28.7;28.6;23.0;13319;12;0;0;256
2022:08:16:17:48:00,827;5;175;144.3;129.9;132.0;1.21;263;264;28.9;29.2;22.9;13319;12;0;0;256
2022:08:16:17:49:03,476;7;252;206.6;130.6;133.8;3.6;804;801;28.7;29.0;22.9;13319;12;0;0;256
2022:08:16:17:50:00,524;5;160;135.1;129.7;131.4;0.96;199;201;28.9;29.0;22.9;13319;12;0;0;256
2022:08:16:17:51:00,373;5;189;159.9;129.7;131.6;1.49;327;328;28.6;28.8;22.8;13319;12;0;0;256
2022:08:16:17:52:00,501;3;110;93.3;129.2;130.2;0.55;36;34;28.6;28.5;22.8;13319;12;0;0;256
2022:08:16:17:53:00,510;6;201;166.8;130.1;132.5;1.83;402;405;28.2;28.6;22.8;13319;12;0;0;256
2022:08:16:17:54:00,478;7;247;201.8;130.6;133.8;3.4;759;757;28.0;28.1;22.7;13319;12;0;0;256
2022:08:16:17:55:00,887;5;177;147.5;130.1;132.0;1.27;275;276;28.4;28.6;22.7;13319;12;0;0;256
2022:08:16:17:56:00,895;7;276;225.8;131.0;134.2;4.48;1005;1025;28.3;28.5;22.7;13319;12;0;0;256
2022:08:16:17:57:01,904;7;242;199.6;130.6;133.5;3.2;713;718;28.4;28.6;22.6;13319;12;0;0;256
2022:08:16:17:58:00,913;4;139;118.5;129.7;131.1;0.67;118;121;28.3;28.4;22.6;13319;12;0;0;256
2022:08:16:17:59:01,161;3;155;134.1;129.7;131.1;0.57;79;82;27.8;27.7;22.6;13319;12;8;0;256
2022:08:16:18:00:01,190;3;124;107.4;129.2;130.2;0.53;30;34;27.6;27.8;22.5;13319;12;8;0;256
2022:08:16:18:01:01,238;1;45;54.1;129.0;130.4;0.16;0;0;27.3;27.4;22.5;13319;12;1;0;0
2022:08:16:18:02:01,187;2;65;59.4;129.0;130.2;0.14;0;0;27.0;27.1;22.5;13319;12;1;0;0
2022:08:16:18:03:01,335;3;87;75.6;129.5;130.5;0.55;4;4;26.9;26.8;22.5;13319;12;0;0;256
2022:08:16:18:04:01,384;3;97;83.3;129.7;130.6;0.55;14;13;26.9;27.1;22.5;13319;12;0;0;256
2022:08:16:18:05:01,473;4;138;116.7;129.7;131.1;0.67;122;121;26.8;26.8;22.5;13319;12;0;0;256
2022:08:16:18:06:01,281;3;95;81.5;129.2;130.6;0.53;8;10;26.8;26.9;22.4;13319;12;0;0;256
2022:08:16:18:07:01,330;4;132;112.6;129.5;130.5;0.6;99;102;26.8;26.8;22.4;13319;12;0;0;256
2022:08:16:18:08:01,378;5;223;192.1;129.9;132.0;1.19;258;271;26.6;26.7;22.4;13319;12;0;0;256
2022:08:16:18:09:01,487;2;58;53.6;128.8;130.1;0.16;0;0;26.8;26.8;22.4;13319;12;1;0;0
2022:08:16:18:10:00,035;4;124;105.8;129.5;130.8;0.56;74;75;26.5;26.4;22.3;13319;12;0;0;256
2022:08:16:18:11:00,104;3;111;78.2;129.5;130.3;0.55;5;60;26.5;26.6;22.3;13319;12;0;0;256
2022:08:16:18:12:00,193;1;46;52.2;129.2;130.6;0.14;0;0;26.5;26.5;22.3;13319;12;1;0;0
2022:08:16:18:13:00,241;1;43;41.8;129.0;130.2;0.14;0;0;26.2;26.3;22.2;13319;12;1;0;0
2022:08:16:18:14:00,230;1;43;51.0;129.0;130.2;0.14;0;0;26.0;26.1;22.2;13319;12;1;0;0
2022:08:16:18:15:00,418;0;5;36.0;128.6;130.1;0.14;0;0;25.9;26.0;22.2;13319;12;1;0;0
2022:08:16:18:16:00,367;1;36;33.4;128.8;130.4;0.14;0;0;25.8;25.9;22.1;13319;12;1;0;0
2022:08:16:18:17:01,375;4;133;123.6;128.6;129.8;0.13;0;105;25.6;25.6;22.1;13319;12;0;0;0
2022:08:16:18:18:01,484;4;162;138.3;129.2;131.0;0.77;153;152;25.8;25.7;22.1;13319;12;0;0;256
2022:08:16:18:19:00,333;4;141;120.6;129.2;130.6;0.61;99;97;25.9;25.9;22.0;13319;12;0;0;256
2022:08:16:18:20:00,561;6;204;170.1;129.7;132.2;1.95;429;428;25.9;26.2;22.0;13319;12;0;0;256
2022:08:16:18:21:00,690;4;142;120.3;129.2;130.6;0.71;134;131;26.1;26.0;21.9;13319;12;0;0;256
2022:08:16:18:22:00,238;3;96;85.1;129.0;130.2;0.55;6;6;26.0;26.2;21.8;13319;12;8;0;256
2022:08:16:18:23:00,767;3;125;110.2;129.0;130.2;0.53;33;35;25.9;25.9;21.7;13319;12;8;0;256
2022:08:16:18:24:00,815;2;53;49.3;129.0;130.4;0.16;0;0;25.9;25.9;21.7;13319;12;1;0;0
2022:08:16:18:25:00,804;3;121;105.8;129.0;130.4;0.13;0;66;25.5;25.5;21.7;13319;12;0;0;0
2022:08:16:18:26:00,853;4;146;123.3;129.7;131.4;0.76;147;149;25.5;25.4;21.6;13319;12;0;0;256
2022:08:16:18:27:00,841;3;109;93.7;129.2;130.8;0.55;32;33;25.6;25.5;21.5;13319;12;0;0;256
2022:08:16:18:28:00,910;3;128;110.5;129.5;130.5;0.53;36;38;25.6;25.7;21.5;13319;12;8;0;256
2022:08:16:18:29:00,158;2;76;65.3;129.0;130.2;0.55;0;0;25.6;25.5;21.5;13319;12;8;0;256
2022:08:16:18:30:00,247;1;25;41.0;129.2;130.6;0.16;0;0;25.4;25.4;21.4;13319;12;1;0;0
2022:08:16:18:31:00,255;1;45;41.2;129.0;130.2;0.16;0;0;25.1;25.2;21.4;13319;12;1;0;0
2022:08:16:18:32:00,344;5;166;141.6;129.9;131.6;1.05;223;225;24.9;24.9;21.4;13319;12;0;0;256
2022:08:16:18:33:00,473;3;107;92.1;129.2;130.8;0.53;27;29;25.1;25.1;21.3;13319;12;0;0;256
2022:08:16:18:34:00,541;4;171;147.2;129.5;131.0;0.64;110;112;25.1;25.3;21.3;13319;12;8;0;256
2022:08:16:18:35:00,610;8;279;230.1;130.6;133.5;4.38;976;986;25.0;25.0;21.3;13319;12;0;0;256
2022:08:16:18:36:00,918;6;211;175.1;130.1;132.0;2.15;475;475;25.9;26.2;21.3;13319;12;0;0;256
2022:08:16:18:37:00,987;4;125;106.6;129.5;131.0;0.57;81;78;25.9;26.0;21.2;13319;12;0;0;256
2022:08:16:18:38:01,035;4;144;123.7;129.7;131.4;0.75;144;140;25.6;25.5;21.2;13319;12;0;0;256
2022:08:16:18:39:01,044;8;272;222.5;130.8;134.4;4.44;994;992;25.9;26.0;21.2;13319;12;0;0;256
2022:08:16:18:40:00,173;5;179;148.2;130.1;132.2;1.32;285;281;26.4;26.6;21.1;13319;12;0;0;256
2022:08:16:18:41:00,381;4;145;122.8;130.1;131.4;0.77;149;146;26.0;26.3;21.1;13319;12;0;0;256
2022:08:16:18:42:00,430;5;191;160.0;130.4;131.9;1.52;333;341;25.6;25.7;21.1;13319;12;0;0;256
2022:08:16:18:43:00,457;6;197;166.0;130.4;132.1;1.77;390;379;25.5;25.5;21.0;13319;12;0;0;256
2022:08:16:18:44:00,487;2;72;65.4;129.2;130.2;0.56;0;0;25.4;25.5;21.0;13319;12;8;0;256
2022:08:16:18:45:01,215;4;122;105.4;129.7;130.8;0.56;66;69;25.1;25.3;21.0;13319;12;0;0;256
2022:08:16:18:46:01,344;2;64;55.8;129.5;129.7;0.56;0;0;25.1;25.0;21.0;13319;12;8;0;256
2022:08:16:18:47:01,252;3;113;105.8;129.2;130.2;0.16;0;43;24.8;24.9;20.9;13319;12;1;0;0
2022:08:16:18:48:01,281;4;165;139.9;129.9;131.4;1.0;212;223;24.7;24.9;20.9;13319;12;0;0;256
2022:08:16:18:49:00,090;4;134;113.6;130.1;131.2;0.64;107;108;25.2;25.5;20.9;13319;12;0;0;256
2022:08:16:18:50:00,078;3;121;103.5;129.7;130.6;0.56;66;67;25.3;25.4;20.9;13319;12;0;0;256
2022:08:16:18:51:00,127;3;118;101.4;130.1;130.7;0.56;61;57;25.1;24.9;20.9;13319;12;0;0;256
2022:08:16:18:52:00,075;4;130;111.7;130.1;131.0;0.6;96;94;25.0;24.8;20.8;13319;12;0;0;256
2022:08:16:18:53:00,124;2;85;74.1;129.7;130.6;0.55;4;4;24.9;25.0;20.8;13319;12;0;0;256
2022:08:16:18:54:00,133;1;45;49.1;129.5;130.5;0.16;0;0;24.8;24.8;20.7;13319;12;1;0;0
2022:08:16:18:55:00,101;3;125;110.0;129.9;130.6;0.13;0;79;24.5;24.5;20.7;13319;12;0;0;0
2022:08:16:18:56:00,150;3;92;83.3;129.7;130.3;0.56;1;3;24.5;24.3;20.7;13319;12;8;0;256
2022:08:16:18:57:00,158;2;63;58.0;129.5;130.5;0.16;0;0;24.5;24.6;20.7;13319;12;1;0;0
2022:08:16:18:58:00,287;2;76;68.7;129.7;130.3;0.56;0;0;24.5;24.6;20.7;13319;12;8;0;256
2022:08:16:18:59:00,195;2;84;79.9;129.7;131.1;0.16;0;3;24.3;24.4;20.6;13319;12;1;0;0
2022:08:16:19:00:00,184;1;29;51.0;129.7;131.1;0.14;0;0;24.2;24.2;20.6;13319;12;1;0;0
2022:08:16:19:01:01,132;0;0;32.9;129.9;131.4;0.16;0;0;24.1;24.1;20.6;13319;12;1;0;0
2022:08:16:19:02:01,181;0;0;25.9;129.7;130.8;0.14;0;0;23.9;24.0;20.6;13319;12;1;0;0
2022:08:16:19:03:01,210;0;0;23.7;129.5;130.8;0.16;0;0;23.8;23.9;20.6;13319;12;1;0;0
2022:08:16:19:04:01,238;0;0;23.4;129.7;131.4;0.16;0;0;23.8;23.8;20.5;13319;12;1;0;0
2022:08:16:19:05:01,267;0;0;23.0;129.7;131.4;0.14;0;0;23.7;23.7;20.5;13319;12;1;0;0
2022:08:16:19:06:01,275;1;50;46.3;129.5;130.8;0.14;0;0;23.6;23.7;20.4;13319;12;1;0;0
2022:08:16:19:07:01,224;3;96;83.4;129.9;130.9;0.56;10;13;23.6;23.7;20.3;13319;12;0;0;256
2022:08:16:19:08:01,452;3;95;85.3;129.9;130.9;0.55;2;5;23.8;23.9;20.3;13319;12;8;0;256
2022:08:16:19:09:01,481;3;111;97.0;129.9;130.9;0.55;17;17;23.9;23.7;20.3;13319;12;8;0;256
2022:08:16:19:10:01,470;1;28;44.9;129.5;131.0;0.16;0;0;23.9;23.9;20.2;13319;12;1;0;0
2022:08:16:19:11:01,378;0;5;34.2;129.5;131.0;0.14;0;0;23.7;23.7;20.2;13319;12;1;0;0
2022:08:16:19:12:01,447;0;0;27.0;129.7;131.1;0.14;0;0;23.5;23.5;20.2;13319;12;1;0;0
2022:08:16:19:13:01,435;0;0;24.1;129.5;131.0;0.16;0;0;23.5;23.5;20.2;13319;12;1;0;0
2022:08:16:19:14:01,404;0;0;23.1;129.5;130.5;0.16;0;0;23.4;23.4;20.1;13319;12;1;0;0
2022:08:16:19:15:01,412;0;5;23.6;129.2;130.8;0.14;0;0;23.4;23.4;20.1;13319;12;1;0;0
2022:08:16:19:16:01,501;4;142;121.1;129.9;131.2;0.7;133;135;23.2;23.3;20.1;13319;12;0;0;256
2022:08:16:19:17:00,030;3;119;104.0;129.2;130.6;0.53;24;27;23.4;23.5;20.0;13319;12;8;0;256
2022:08:16:19:18:00,098;3;97;84.1;129.2;130.2;0.55;4;6;23.5;23.3;20.0;13319;12;8;0;256
2022:08:16:19:19:00,087;2;59;55.4;128.8;130.1;0.16;0;0;23.5;23.5;19.9;13319;12;1;0;0
2022:08:16:19:20:00,075;3;136;118.1;129.9;130.6;0.55;50;52;23.5;23.4;19.9;13319;12;8;0;256
2022:08:16:19:21:00,144;4;134;114.7;129.5;130.8;0.6;96;96;23.6;23.8;19.9;13319;12;0;0;256
2022:08:16:19:22:00,012;5;193;163.2;130.1;131.8;1.4;307;310;23.5;23.7;19.9;13319;12;0;0;256
2022:08:16:19:23:00,781;4;158;135.3;129.9;131.4;0.82;168;168;23.7;23.6;19.9;13319;12;0;0;256
2022:08:16:19:24:01,289;4;181;153.9;130.4;131.7;1.15;247;259;23.6;23.5;19.9;13319;12;0;0;256
2022:08:16:19:25:01,318;3;116;100.4;129.5;130.5;0.56;50;51;24.1;24.0;19.8;13319;12;0;0;256
2022:08:16:19:26:01,427;5;189;157.5;130.6;132.5;1.5;330;332;24.1;24.3;19.8;13319;12;0;0;256
2022:08:16:19:27:01,515;4;154;130.4;130.1;131.4;0.87;178;175;24.0;24.3;19.8;13319;12;0;0;256
2022:08:16:19:28:00,684;4;152;130.2;130.1;131.0;0.85;173;175;23.9;24.2;19.8;13319;12;0;0;256
2022:08:16:19:29:00,712;4;135;116.1;130.1;131.8;0.62;107;112;24.0;24.2;19.7;13319;12;0;0;256
2022:08:16:19:30:00,841;4;159;133.6;130.4;131.7;0.95;198;198;23.9;24.1;19.7;13319;12;0;0;256
2022:08:16:19:31:00,869;4;127;108.9;130.1;131.2;0.58;84;86;23.9;24.0;19.7;13319;12;0;0;256
2022:08:16:19:32:00,958;3;107;93.1;130.1;131.0;0.53;28;30;23.7;23.7;19.6;13319;12;0;0;256
2022:08:16:19:33:00,987;5;170;143.5;130.6;131.7;1.1;236;242;23.6;23.6;19.6;13319;12;0;0;256
2022:08:16:19:34:01,095;4;146;123.6;130.1;131.8;0.77;152;151;24.0;23.8;19.6;13319;12;0;0;256
2022:08:16:19:35:01,144;6;200;168.2;130.6;132.5;1.86;412;411;24.0;24.0;19.6;13319;12;0;0;256
2022:08:16:19:36:00,372;6;209;174.6;131.0;133.1;2.08;464;463;23.9;23.9;19.6;13319;12;0;0;256
2022:08:16:19:37:00,481;5;176;148.9;130.6;132.3;1.27;275;270;23.9;24.0;19.6;13319;12;0;0;256
2022:08:16:19:38:00,529;5;189;159.5;130.8;132.8;1.49;330;333;23.9;24.1;19.5;13319;12;0;0;256
2022:08:16:19:39:00,578;4;143;122.1;130.8;131.7;0.72;138;138;23.9;24.1;19.5;13319;12;0;0;256
2022:08:16:19:40:00,627;5;184;156.0;130.6;131.9;1.37;299;302;23.6;23.9;19.5;13319;12;0;0;256
2022:08:16:19:41:00,735;6;198;165.8;131.0;132.9;1.75;387;383;23.6;24.1;19.5;13319;12;0;0;256
2022:08:16:19:42:00,804;5;163;137.1;130.8;132.1;1.0;213;215;23.8;24.1;19.5;13319;12;0;0;256
2022:08:16:19:43:00,652;4;129;110.0;130.4;131.4;0.59;91;91;23.7;23.9;19.5;13319;12;0;0;256
2022:08:16:19:44:00,721;4;151;128.8;130.6;131.7;0.81;163;168;23.5;23.7;19.5;13319;12;0;0;256
2022:08:16:19:45:00,809;4;136;116.7;130.4;131.4;0.64;111;115;23.5;23.5;19.5;13319;12;0;0;256
2022:08:16:19:46:00,898;3;101;88.7;130.1;131.0;0.53;18;19;23.5;23.4;19.4;13319;12;0;0;256
2022:08:16:19:47:01,307;5;161;135.9;130.8;132.1;0.99;209;207;23.4;23.3;19.5;13319;12;0;0;256
2022:08:16:19:48:00,875;3;116;99.5;130.4;130.9;0.55;54;51;23.4;23.2;19.4;13319;12;0;0;256
2022:08:16:19:49:00,904;3;96;82.6;130.4;130.9;0.55;12;12;23.3;23.1;19.4;13319;12;0;0;256
2022:08:16:19:50:00,932;1;31;46.3;129.9;131.2;0.16;0;0;23.2;23.3;19.4;13319;12;1;0;0
2022:08:16:19:51:02,201;3;89;77.2;130.4;131.1;0.55;4;6;22.9;23.0;19.4;13319;12;0;0;256
2022:08:16:19:52:00,669;2;51;53.4;129.9;130.9;0.16;0;0;23.0;23.0;19.3;13319;12;1;0;0
2022:08:16:19:53:00,658;1;35;44.9;130.1;131.2;0.16;0;0;22.8;22.8;19.3;13319;12;1;0;0
2022:08:16:19:54:00,687;1;20;35.8;130.1;131.2;0.16;0;0;22.6;22.7;19.3;13319;12;1;0;0
2022:08:16:19:55:00,615;0;0;29.0;130.4;131.1;0.16;0;0;22.5;22.6;19.3;13319;12;1;0;0
2022:08:16:19:56:00,804;1;48;44.7;130.4;131.4;0.16;0;0;22.4;22.5;19.3;13319;12;1;0;0
2022:08:16:19:57:00,812;2;72;61.4;130.6;131.2;0.56;0;0;22.5;22.3;19.2;13319;12;8;0;256
2022:08:16:19:58:00,921;4;179;155.9;131.0;131.5;0.68;125;128;22.5;22.4;19.2;13319;12;8;0;256
2022:08:16:19:59:01,009;4;152;129.5;131.2;132.1;0.81;163;163;22.8;22.8;19.2;13319;12;0;0;256
2022:08:16:20:00:01,118;3;124;106.7;130.8;131.5;0.57;68;69;22.9;23.0;19.2;13319;12;0;0;256
2022:08:16:20:01:01,167;4;140;120.0;131.0;131.9;0.67;122;122;22.9;23.0;19.2;13319;12;0;0;256
2022:08:16:20:02:01,215;3;95;83.5;130.6;131.2;0.56;10;12;22.9;23.0;19.2;13319;12;0;0;256
2022:08:16:20:03:01,404;3;97;85.0;129.9;130.6;0.55;6;6;22.8;23.0;19.2;13319;12;8;0;256
2022:08:16:20:04:01,412;3;109;96.4;130.1;131.2;0.55;13;15;22.8;22.9;19.2;13319;12;8;0;256
2022:08:16:20:05:01,501;2;72;62.9;129.9;130.6;0.55;0;0;22.9;22.9;19.2;13319;12;8;0;256
2022:08:16:20:06:01,489;3;125;109.6;130.1;131.0;0.53;32;36;22.8;22.9;19.1;13319;12;8;0;256
2022:08:16:20:07:00,718;4;162;140.2;130.1;131.0;0.61;96;96;22.8;22.9;19.1;13319;12;0;0;256
2022:08:16:20:08:00,607;4;156;135.5;130.6;131.2;0.62;107;111;22.8;22.8;19.2;13319;12;0;0;256
2022:08:16:20:09:00,695;4;146;124.6;130.6;131.2;0.71;133;132;22.9;22.8;19.2;13319;12;0;0;256
2022:08:16:20:10:00,704;3;116;100.1;130.4;130.9;0.55;43;45;22.9;22.7;19.1;13319;12;0;0;256
2022:08:16:20:11:01,472;4;152;129.9;130.1;131.2;0.82;165;171;22.9;22.7;19.2;13319;12;0;0;256
2022:08:16:20:12:00,761;3;123;105.4;130.1;131.0;0.57;68;72;23.0;22.8;19.1;13319;12;0;0;256
2022:08:16:20:13:00,789;4;158;132.1;130.1;131.4;0.91;191;193;22.9;22.7;19.1;13319;12;0;0;256
2022:08:16:20:14:00,898;4;123;106.0;130.4;131.1;0.57;71;75;22.9;22.7;19.1;13319;12;0;0;256
2022:08:16:20:15:00,927;4;134;115.2;130.4;130.9;0.62;102;109;22.8;22.5;19.1;13319;12;0;0;256
2022:08:16:20:16:01,015;5;190;158.5;131.0;132.9;1.53;336;333;22.6;22.6;19.0;13319;12;0;0;256
2022:08:16:20:17:01,044;5;195;164.6;130.8;132.5;1.68;373;372;22.8;22.8;19.0;13319;12;0;0;256
2022:08:16:20:18:01,172;5;166;138.9;130.8;132.1;1.08;231;227;23.0;23.0;19.0;13319;12;0;0;256
2022:08:16:20:19:01,321;3;132;115.3;130.4;131.1;0.55;44;46;22.9;22.8;18.9;13319;12;8;0;256
2022:08:16:20:20:01,329;3;109;94.9;130.4;131.1;0.55;12;15;22.7;22.7;18.9;13319;12;8;0;256
2022:08:16:20:21:01,378;4;173;149.4;130.8;131.5;0.66;115;117;22.6;22.6;18.9;13319;12;8;0;256
2022:08:16:20:22:01,406;5;221;190.4;131.0;132.9;1.49;331;336;22.5;22.6;19.0;13319;12;0;0;256
2022:08:16:20:23:01,517;5;191;162.5;131.2;132.7;1.33;290;293;22.5;22.7;18.9;13319;12;0;0;256
2022:08:16:20:24:01,252;6;216;179.9;131.5;133.5;2.3;513;516;22.8;23.1;18.9;13319;12;0;0;256
2022:08:16:20:25:01,366;6;200;168.7;131.2;132.9;1.81;402;403;23.1;23.4;18.9;13319;12;0;0;256
2022:08:16:20:26:01,181;3;101;88.1;130.6;131.2;0.55;16;19;23.1;23.2;18.9;13319;12;0;0;256
2022:08:16:20:27:01,235;3;90;77.2;130.4;130.6;0.56;3;6;22.8;23.0;18.9;13319;12;0;0;256
2022:08:16:20:28:01,328;3;118;101.9;130.4;131.1;0.55;55;58;22.7;22.8;18.9;13319;12;0;0;256
2022:08:16:20:29:01,416;2;78;68.1;130.1;130.7;0.56;0;0;22.7;22.8;18.8;13319;12;8;0;256
2022:08:16:20:30:01,465;3;139;121.5;130.4;131.1;0.55;54;57;22.5;22.7;18.8;13319;12;8;0;256
2022:08:16:20:31:00,034;3;93;81.9;129.9;130.4;0.56;2;4;22.5;22.4;18.8;13319;12;8;0;256
2022:08:16:20:32:00,242;5;175;150.8;130.6;131.7;1.04;222;225;22.5;22.5;18.9;13319;12;0;0;256
2022:08:16:20:33:00,231;4;139;120.3;130.1;131.2;0.61;100;105;22.6;22.6;18.8;13319;12;0;0;256
2022:08:16:20:34:00,319;2;75;65.5;129.9;130.9;0.56;1;0;22.5;22.5;18.8;13319;12;8;0;256
2022:08:16:20:35:00,368;3;95;85.4;130.1;131.0;0.55;3;5;22.5;22.5;18.8;13319;12;8;0;256
2022:08:16:20:36:00,416;4;147;125.7;130.4;131.1;0.64;110;110;22.5;22.5;18.8;13319;12;0;0;256
2022:08:16:20:37:00,425;3;103;90.0;130.1;131.0;0.55;15;17;22.5;22.6;18.8;13319;12;0;0;256
2022:08:16:20:38:00,474;5;196;165.8;130.8;132.3;1.45;318;318;22.4;22.6;18.8;13319;12;0;0;256
2022:08:16:20:39:00,482;3;111;96.4;130.6;131.2;0.55;36;34;22.5;22.6;18.7;13319;12;0;0;256
2022:08:16:20:40:00,551;3;109;96.1;130.6;130.9;0.55;32;33;22.6;22.7;18.7;13319;12;0;0;256
2022:08:16:20:41:00,599;2;80;71.3;130.6;131.2;0.56;0;1;22.5;22.7;18.7;13319;12;8;0;256
2022:08:16:20:42:00,688;3;140;121.4;130.6;131.5;0.56;58;58;22.4;22.5;18.7;13319;12;8;0;256
2022:08:16:20:43:01,156;3;107;94.2;130.6;130.9;0.55;12;13;22.4;22.5;18.7;13319;12;8;0;256
2022:08:16:20:44:01,225;3;114;99.5;130.8;131.3;0.55;20;21;22.3;22.4;18.7;13319;12;8;0;256
2022:08:16:20:45:01,314;3;110;96.0;130.6;131.2;0.53;14;16;22.3;22.4;18.7;13319;12;8;0;256
2022:08:16:20:46:01,302;3;115;100.8;130.6;130.9;0.55;20;22;22.3;22.4;18.7;13319;12;8;0;256
2022:08:16:20:47:01,371;3;138;120.2;130.6;131.2;0.56;52;55;22.3;22.3;18.7;13319;12;8;0;256
2022:08:16:20:48:01,479;4;167;144.9;131.0;132.1;0.65;107;107;22.2;22.2;18.7;13319;12;8;0;256
2022:08:16:20:49:00,008;3;91;80.1;130.6;130.9;0.56;0;3;22.3;22.4;18.6;13319;12;8;0;256
2022:08:16:20:50:00,116;4;186;163.3;131.0;132.3;0.75;144;145;22.1;22.4;18.7;13319;12;8;0;256
2022:08:16:20:51:00,185;3;114;98.4;131.0;131.3;0.55;38;39;22.3;22.4;18.6;13319;12;0;0;256
2022:08:16:20:52:00,254;4;137;117.2;131.2;132.7;0.62;99;99;22.2;22.4;18.6;13319;12;0;0;256
2022:08:16:20:53:00,262;6;196;164.6;131.7;133.3;1.75;388;386;22.3;22.6;18.6;13319;12;0;0;256
2022:08:16:20:54:00,411;4;145;122.9;131.2;132.4;0.76;148;148;22.4;22.6;18.6;13319;12;0;0;256
2022:08:16:20:55:00,519;2;80;70.5;130.6;131.5;0.56;0;1;22.3;22.5;18.6;13319;12;8;0;256
2022:08:16:20:56:00,588;3;110;96.7;130.8;131.3;0.55;15;16;22.2;22.4;18.5;13319;12;8;0;256
2022:08:16:20:57:00,936;3;114;98.3;131.0;131.5;0.56;49;47;22.1;22.2;18.6;13319;12;0;0;256
2022:08:16:20:58:00,145;4;140;120.0;131.2;132.4;0.69;130;129;22.1;22.4;18.5;13319;12;0;0;256
2022:08:16:20:59:00,214;5;175;149.4;131.5;132.5;1.23;267;267;22.2;22.5;18.5;13319;12;0;0;256
2022:08:16:21:00:00,242;4;123;104.8;130.8;131.5;0.58;77;72;22.3;22.5;18.5;13319;12;0;0;256
2022:08:16:21:01:00,191;3;100;87.3;130.8;131.0;0.56;16;17;22.2;22.4;18.5;13319;12;0;0;256
2022:08:16:21:02:00,339;1;46;50.1;130.1;131.2;0.16;0;0;22.2;22.2;18.5;13319;12;1;0;0
2022:08:16:21:03:00,288;4;133;113.5;131.0;131.5;0.62;106;106;22.0;22.2;18.5;13319;12;0;0;256
2022:08:16:21:04:00,376;4;131;113.6;131.0;131.5;0.61;99;100;22.0;22.3;18.5;13319;12;0;0;256
2022:08:16:21:05:00,366;2;66;58.8;130.6;131.5;0.56;0;0;22.1;22.2;18.5;13319;12;8;0;256
2022:08:16:21:06:00,434;3;107;93.8;131.0;131.9;0.53;27;30;21.9;22.0;18.4;13319;12;0;0;256
2022:08:16:21:07:00,482;4;118;101.1;131.2;131.7;0.56;60;58;21.9;22.0;18.5;13319;12;0;0;256
2022:08:16:21:08:00,491;3;101;87.8;131.0;131.9;0.55;20;19;22.0;22.0;18.4;13319;12;0;0;256
2022:08:16:21:09:00,479;3;95;84.4;131.0;131.5;0.56;3;4;21.9;22.0;18.4;13319;12;8;0;256
2022:08:16:21:10:00,568;2;66;61.0;131.0;132.1;0.16;0;0;21.9;21.9;18.4;13319;12;1;0;0
2022:08:16:21:11:00,596;3;101;88.3;131.2;131.9;0.56;16;17;21.8;21.8;18.4;13319;12;0;0;256
2022:08:16:21:12:00,665;3;93;80.3;131.2;131.7;0.55;7;9;21.8;21.9;18.4;13319;12;0;0;256
2022:08:16:21:13:01,433;3;159;139.7;131.7;132.3;0.6;88;91;21.8;22.0;18.4;13319;12;8;0;256
2022:08:16:21:14:01,462;2;87;76.2;131.2;131.7;0.56;2;2;21.9;22.0;18.4;13319;12;8;0;256
2022:08:16:21:15:01,491;3;91;82.4;131.0;131.3;0.56;1;3;21.9;22.0;18.4;13319;12;8;0;256
2022:08:16:21:16:01,479;2;65;60.3;130.8;132.1;0.16;0;0;21.9;21.9;18.3;13319;12;1;0;0
2022:08:16:21:17:00,008;4;122;105.0;131.5;131.9;0.57;68;70;21.8;21.7;18.4;13319;12;0;0;256
2022:08:16:21:18:00,076;2;52;52.6;131.0;131.9;0.17;0;0;21.9;21.8;18.3;13319;12;1;0;0
2022:08:16:21:19:00,025;4;142;120.8;131.7;132.5;0.71;133;136;21.6;21.6;18.4;13319;12;0;0;256
2022:08:16:21:20:00,114;3;106;91.9;131.2;131.7;0.55;24;26;21.7;21.7;18.3;13319;12;0;0;256
2022:08:16:21:21:00,882;4;142;122.2;131.9;132.8;0.7;132;136;21.8;21.9;18.3;13319;12;0;0;256
2022:08:16:21:22:00,851;4;123;105.6;131.9;132.5;0.57;70;70;21.8;21.9;18.3;13319;12;0;0;256
2022:08:16:21:23:00,899;6;207;173.6;132.4;134.1;2.01;451;451;21.9;22.1;18.3;13319;12;0;0;256
2022:08:16:21:24:00,948;3;119;102.5;131.9;132.8;0.56;55;58;22.1;22.1;18.3;13319;12;0;0;256
2022:08:16:21:25:01,016;3;97;85.3;131.9;132.5;0.56;13;14;22.0;22.0;18.3;13319;12;0;0;256
2022:08:16:21:26:01,065;3;98;91.7;131.5;132.5;0.17;0;14;21.7;21.8;18.3;13319;12;1;0;0
2022:08:16:21:27:01,113;3;106;92.4;131.5;132.5;0.55;28;29;21.7;21.6;18.3;13319;12;0;0;256
2022:08:16:21:28:01,162;2;76;67.6;131.5;132.5;0.56;0;0;21.8;21.6;18.3;13319;12;8;0;256
2022:08:16:21:29:01,211;3;136;117.7;131.7;132.5;0.56;49;51;21.7;21.6;18.3;13319;12;8;0;256
2022:08:16:21:30:01,239;2;74;67.2;131.7;132.3;0.57;0;0;21.8;21.6;18.3;13319;12;8;0;256
2022:08:16:21:31:00,568;5;171;148.0;132.4;133.2;0.95;201;199;21.8;21.6;18.3;13319;12;0;0;256
2022:08:16:21:32:00,102;5;184;156.2;132.4;134.4;1.39;309;311;21.9;21.7;18.3;13319;12;0;0;256
2022:08:16:21:33:01,337;6;188;156.8;132.6;133.9;1.47;328;330;22.0;22.0;18.3;13319;12;0;0;256
2022:08:16:21:34:01,371;4;151;128.7;132.4;133.6;0.81;164;168;22.1;22.0;18.3;13319;12;0;0;256
2022:08:16:21:35:01,406;5;170;143.0;132.8;134.5;1.09;239;244;22.0;21.9;18.3;13319;12;0;0;256
2022:08:16:21:36:00,941;4;132;113.2;132.1;133.4;0.62;103;103;22.0;21.8;18.3;13319;12;0;0;256
2022:08:16:21:37:01,029;5;158;134.9;132.8;134.0;0.93;196;194;22.0;21.8;18.3;13319;12;0;0;256
2022:08:16:21:38:01,458;3;121;103.9;132.4;133.2;0.57;67;67;22.0;21.7;18.3;13319;12;0;0;256
2022:08:16:21:39:01,546;4;125;106.6;132.8;133.4;0.59;81;79;21.9;21.7;18.3;13319;12;0;0;256
2022:08:16:21:40:00,094;2;80;72.7;131.0;131.9;0.56;0;1;21.9;21.9;18.3;13319;12;8;0;256
2022:08:16:21:41:00,122;3;118;103.8;131.0;131.5;0.55;24;26;21.8;21.9;18.3;13319;12;8;0;256
2022:08:16:21:42:01,512;3;133;115.8;130.8;132.1;0.55;46;48;21.8;21.7;18.3;13319;12;8;0;256
2022:08:16:21:43:00,040;3;90;79.3;130.6;131.5;0.56;3;3;21.8;21.9;18.3;13319;12;8;0;256
2022:08:16:21:44:00,128;3;155;135.3;130.8;131.5;0.58;81;84;21.7;21.9;18.3;13319;12;8;0;256
2022:08:16:21:45:00,198;3;157;136.6;130.8;132.1;0.6;87;87;21.7;21.9;18.3;13319;12;8;0;256
2022:08:16:21:46:00,286;4;171;147.6;131.0;132.3;0.69;127;128;21.7;21.9;18.3;13319;12;0;0;256
2022:08:16:21:47:00,355;4;137;116.8;130.8;131.7;0.66;116;119;22.0;22.1;18.3;13319;12;0;0;256
2022:08:16:21:48:00,423;4;156;134.8;131.0;132.1;0.9;186;188;22.0;22.2;18.3;13319;12;0;0;256
2022:08:16:21:49:00,512;3;119;102.6;130.8;131.7;0.56;58;61;22.0;22.1;18.3;13319;12;0;0;256
2022:08:16:21:50:00,521;3;96;83.9;130.8;131.0;0.56;14;13;21.9;22.0;18.3;13319;12;0;0;256
2022:08:16:21:51:00,629;4;142;121.2;131.2;132.1;0.71;135;136;21.8;22.0;18.3;13319;12;0;0;256
2022:08:16:21:52:00,678;3;83;72.2;130.8;131.7;0.56;1;3;21.8;22.0;18.3;13319;12;0;0;256
2022:08:16:21:53:00,646;3;121;107.2;130.6;131.5;0.16;0;67;21.5;21.6;18.2;13319;12;0;0;0
2022:08:16:21:54:00,695;3;117;100.9;130.8;131.5;0.56;55;58;21.6;21.6;18.3;13319;12;0;0;256
2022:08:16:21:55:00,723;2;82;76.4;130.4;131.1;0.16;0;3;21.6;21.6;18.2;13319;12;1;0;0
2022:08:16:21:56:00,772;3;120;103.3;131.2;132.1;0.56;61;64;21.5;21.6;18.3;13319;12;0;0;256
2022:08:16:21:57:00,841;3;102;89.6;130.8;131.7;0.55;20;20;21.6;21.7;18.3;13319;12;0;0;256
2022:08:16:21:58:00,869;5;171;142.7;131.2;132.9;1.15;250;250;21.6;21.7;18.3;13319;12;0;0;256
2022:08:16:21:59:00,978;3;111;95.8;131.2;131.7;0.55;34;35;21.7;21.7;18.2;13319;12;0;0;256
2022:08:16:22:00:01,026;5;172;144.6;131.5;132.9;1.18;258;255;21.7;21.8;18.3;13319;12;0;0;256
2022:08:16:22:01:00,254;5;173;144.8;131.5;132.9;1.19;260;259;21.8;21.7;18.3;13319;12;0;0;256
2022:08:16:22:02:00,302;3;117;100.6;131.5;132.5;0.56;54;55;21.8;21.6;18.3;13319;12;0;0;256
2022:08:16:22:03:00,371;3;113;98.4;131.0;132.3;0.55;42;43;21.8;21.4;18.2;13319;12;0;0;256
2022:08:16:22:04:00,400;3;110;95.9;131.2;132.1;0.53;32;35;21.7;21.4;18.2;13319;12;0;0;256
2022:08:16:22:05:00,388;4;134;114.9;131.5;132.7;0.64;107;110;21.7;21.6;18.2;13319;12;0;0;256
2022:08:16:22:06:00,397;3;115;99.4;131.5;132.1;0.56;50;50;21.7;21.6;18.2;13319;12;0;0;256
2022:08:16:22:07:01,266;4;180;156.2;131.5;132.1;0.69;130;130;21.6;21.5;18.2;13319;12;8;0;256
2022:08:16:22:08:01,295;3;116;101.1;131.2;132.1;0.55;23;24;21.7;21.4;18.2;13319;12;8;0;256
2022:08:16:22:09:01,383;2;80;71.9;131.2;132.1;0.57;0;1;21.7;21.4;18.2;13319;12;8;0;256
2022:08:16:22:10:01,512;3;125;109.3;131.5;131.9;0.55;35;37;21.6;21.4;18.2;13319;12;8;0;256
2022:08:16:22:11:01,460;2;59;55.0;131.2;132.7;0.14;0;0;21.7;21.5;18.2;13319;12;1;0;0
2022:08:16:22:12:01,489;1;29;42.1;131.2;132.4;0.16;0;0;21.4;21.4;18.2;13319;12;1;0;0
2022:08:16:22:13:00,017;0;0;33.4;131.5;132.7;0.16;0;0;21.3;21.3;18.2;13319;12;1;0;0
2022:08:16:22:14:00,045;1;33;33.3;131.5;132.7;0.16;0;0;21.2;21.2;18.2;13319;12;1;0;0
2022:08:16:22:15:00,094;0;0;30.2;130.6;131.5;0.16;0;0;21.1;21.1;18.2;13319;12;1;0;0
2022:08:16:22:16:00,122;0;0;25.7;130.6;131.7;0.16;0;0;21.0;21.0;18.2;13319;12;1;0;0
2022:08:16:22:17:00,151;1;21;26.6;130.4;131.4;0.16;0;0;20.9;20.9;18.2;13319;12;1;0;0
2022:08:16:22:18:00,140;1;25;30.2;130.4;131.7;0.16;0;0;20.9;20.9;18.2;13319;12;1;0;0
2022:08:16:22:19:00,208;0;5;28.9;130.4;131.7;0.14;0;0;20.8;20.8;18.1;13319;12;1;0;0
2022:08:16:22:20:00,217;0;0;25.7;130.6;131.9;0.16;0;0;20.8;20.8;18.1;13319;12;1;0;0
2022:08:16:22:21:00,185;0;0;23.7;130.6;131.7;0.16;0;0;20.7;20.7;18.1;13319;12;1;0;0
2022:08:16:22:22:00,134;0;0;23.0;130.4;131.4;0.16;0;0;20.7;20.7;18.1;13319;12;1;0;0
2022:08:16:22:23:00,202;0;0;22.9;130.6;131.9;0.16;0;0;20.7;20.6;18.1;13319;12;1;0;0
2022:08:16:22:24:00,211;0;0;24.3;130.6;131.5;0.16;0;0;20.6;20.6;18.0;13319;12;1;0;0
2022:08:16:22:25:00,279;1;21;26.3;130.6;131.7;0.16;0;0;20.6;20.6;18.0;13319;12;1;0;0
2022:08:16:22:26:00,228;1;46;42.2;130.6;131.5;0.16;0;0;20.5;20.5;18.0;13319;12;1;0;0
2022:08:16:22:27:00,217;3;106;92.1;130.8;131.3;0.55;28;29;20.6;20.5;17.9;13319;12;0;0;256
2022:08:16:22:28:00,265;4;158;135.7;131.2;132.4;0.91;191;194;20.8;20.8;17.9;13319;12;0;0;256
2022:08:16:22:29:00,314;3;101;90.4;131.0;132.1;0.55;15;19;21.1;21.0;17.9;13319;12;0;0;256
2022:08:16:22:30:01,083;4;167;144.6;131.5;133.2;1.04;223;228;21.2;21.1;17.9;13319;12;0;0;256
2022:08:16:22:31:01,112;4;144;123.2;131.2;132.7;0.72;140;142;21.4;21.3;17.9;13319;12;0;0;256
2022:08:16:22:32:01,160;4;140;120.2;131.9;132.5;0.67;120;129;21.4;21.3;17.9;13319;12;0;0;256
2022:08:16:22:33:01,189;3;115;99.8;131.5;132.1;0.56;49;50;21.4;21.4;17.9;13319;12;0;0;256
2022:08:16:22:34:01,238;5;169;144.7;131.7;133.5;1.1;239;240;21.3;21.5;17.9;13319;12;0;0;256
2022:08:16:22:35:01,266;4;126;109.4;131.7;132.5;0.59;85;83;21.3;21.5;17.8;13319;12;0;0;256
2022:08:16:22:36:01,335;4;139;119.4;131.7;133.0;0.68;124;125;21.3;21.4;17.8;13319;12;0;0;256
2022:08:16:22:37:01,403;3;113;98.1;131.5;132.5;0.55;38;43;21.4;21.5;17.8;13319;12;0;0;256
2022:08:16:22:38:01,472;4;157;134.5;131.5;132.9;0.88;183;191;21.3;21.4;17.8;13319;12;0;0;256
2022:08:16:22:39:00,659;4;144;122.9;131.7;132.7;0.74;141;139;21.4;21.2;17.8;13319;12;0;0;256
2022:08:16:22:40:00,733;3;105;91.5;131.2;132.1;0.55;26;26;21.4;21.1;17.8;13319;12;0;0;256
2022:08:16:22:41:00,768;3;118;103.7;131.0;131.9;0.56;25;26;21.3;21.1;17.7;13319;12;8;0;256
2022:08:16:22:42:00,842;4;147;125.0;131.9;132.8;0.72;139;137;21.4;21.2;17.8;13319;12;0;0;256
2022:08:16:22:43:00,897;3;99;83.4;131.0;131.9;0.55;20;14;21.4;21.2;17.7;13319;12;0;0;256
2022:08:16:22:44:01,051;4;154;131.7;131.7;133.0;0.85;173;178;21.4;21.5;17.8;13319;12;0;0;256
2022:08:16:22:45:01,122;6;211;177.5;131.5;133.7;2.13;476;481;21.4;21.6;17.8;13319;12;0;0;256
2022:08:16:22:46:01,170;4;133;114.7;131.5;132.5;0.62;104;106;21.4;21.6;17.7;13319;12;0;0;256
2022:08:16:22:47:01,219;5;186;157.8;131.5;133.2;1.47;325;319;21.4;21.8;17.7;13319;12;0;0;256
2022:08:16:22:48:01,308;6;212;176.6;131.7;133.8;2.13;475;487;21.5;21.8;17.7;13319;12;0;0;256
2022:08:16:22:49:01,296;5;180;151.7;131.9;133.1;1.3;285;289;21.7;22.0;17.7;13319;12;0;0;256
2022:08:16:22:50:01,385;4;125;108.8;131.7;132.5;0.59;83;79;21.7;21.8;17.7;13319;12;0;0;256
2022:08:16:22:51:01,433;7;237;197.4;132.4;135.4;3.03;687;676;21.4;21.6;17.7;13319;12;0;0;256
2022:08:16:22:52:00,021;3;91;79.5;131.5;131.9;0.56;6;7;21.6;21.5;17.7;13319;12;0;0;256
2022:08:16:22:53:00,089;2;69;58.9;131.5;132.5;0.57;0;0;21.4;21.4;17.7;13319;12;8;0;256
2022:08:16:22:54:00,058;3;86;80.7;131.5;132.1;0.17;0;4;21.2;21.3;17.7;13319;12;1;0;0
2022:08:16:22:55:00,087;3;97;84.1;131.7;132.7;0.56;11;14;21.0;21.2;17.7;13319;12;0;0;256
2022:08:16:22:56:01,116;3;86;75.5;131.7;133.0;0.57;2;2;21.1;21.2;17.7;13319;12;8;0;256
2022:08:16:22:57:01,165;4;176;153.3;132.4;133.2;0.68;123;123;21.0;21.3;17.7;13319;12;8;0;256
2022:08:16:22:58:01,173;3;143;124.7;132.1;133.1;0.57;61;63;21.1;21.3;17.7;13319;12;8;0;256
2022:08:16:22:59:01,202;3;161;140.2;132.1;133.4;0.59;90;94;21.1;21.3;17.7;13319;12;8;0;256
2022:08:16:23:00:01,250;3;97;85.2;131.9;132.8;0.56;10;9;21.2;21.3;17.7;13319;12;0;0;256
2022:08:16:23:01:02,579;2;70;61.1;131.9;132.5;0.57;0;0;21.2;21.2;17.7;13319;12;8;0;256
2022:08:16:23:02:01,066;2;64;59.5;131.9;133.1;0.17;0;0;21.1;21.1;17.7;13319;12;1;0;0
2022:08:16:23:03:01,095;3;105;92.0;132.1;133.1;0.55;27;26;21.0;20.8;17.7;13319;12;0;0;256
2022:08:16:23:04:01,185;5;157;133.0;132.6;134.2;0.89;188;191;21.0;20.8;17.7;13319;12;0;0;256
2022:08:16:23:05:01,273;4;139;119.1;132.6;133.4;0.68;123;125;21.1;20.8;17.7;13319;12;0;0;256
2022:08:16:23:06:01,322;5;158;137.4;132.6;133.9;0.94;199;194;21.1;20.9;17.7;13319;12;0;0;256
2022:08:16:23:07:00,049;4;139;118.8;132.6;133.9;0.67;123;125;21.2;21.2;17.7;13319;12;0;0;256
2022:08:16:23:08:00,138;3;119;102.4;132.6;133.4;0.57;60;61;21.2;21.3;17.7;13319;12;0;0;256
2022:08:16:23:09:00,187;2;61;52.6;132.1;133.1;0.57;0;0;21.2;21.3;17.6;13319;12;8;0;256
2022:08:16:23:10:00,175;3;97;84.5;131.9;132.3;0.56;13;14;21.0;21.1;17.6;13319;12;0;0;256
2022:08:16:23:11:00,244;3;106;91.4;131.7;132.5;0.55;25;26;21.0;21.1;17.6;13319;12;0;0;256
2022:08:16:23:12:00,292;2;63;58.1;131.2;132.4;0.16;0;0;21.1;21.0;17.6;13319;12;1;0;0
2022:08:16:23:13:00,201;4;119;103.1;131.7;132.7;0.56;64;64;20.8;20.7;17.6;13319;12;0;0;256
2022:08:16:23:14:00,269;2;70;57.0;131.5;132.1;0.57;0;0;20.9;20.7;17.6;13319;12;8;0;256
2022:08:16:23:15:00,238;3;102;88.7;131.5;132.5;0.56;21;20;20.7;20.5;17.6;13319;12;0;0;256
2022:08:16:23:16:00,266;1;24;43.1;131.5;132.7;0.16;0;0;20.7;20.7;17.5;13319;12;1;0;0
2022:08:16:23:17:00,215;1;18;33.3;131.2;132.4;0.17;0;0;20.5;20.5;17.5;13319;12;1;0;0
2022:08:16:23:18:00,264;1;35;32.2;131.2;132.4;0.17;0;0;20.4;20.4;17.5;13319;12;1;0;0
2022:08:16:23:19:00,092;2;62;58.0;131.2;132.7;0.16;0;0;20.3;20.4;17.5;13319;12;1;0;0
2022:08:16:23:20:00,161;4;129;111.5;131.9;133.1;0.6;95;95;20.4;20.5;17.5;13319;12;0;0;256
2022:08:16:23:21:00,189;4;146;124.4;131.9;133.1;0.76;149;152;20.6;20.7;17.5;13319;12;0;0;256
2022:08:16:23:22:00,258;3;118;102.4;131.9;132.8;0.56;60;61;20.7;20.9;17.5;13319;12;0;0;256
2022:08:16:23:23:00,306;2;85;78.3;131.9;132.3;0.57;0;4;20.8;20.9;17.4;13319;12;0;0;256
2022:08:16:23:24:00,355;3;113;98.0;132.1;132.6;0.55;39;43;20.8;20.9;17.4;13319;12;0;0;256
2022:08:16:23:25:00,404;3;116;99.4;132.1;132.6;0.56;60;52;20.8;20.8;17.4;13319;12;0;0;256
2022:08:16:23:26:01,172;3;119;103.7;131.9;132.5;0.56;54;61;20.8;20.8;17.4;13319;12;0;0;256
2022:08:16:23:27:01,261;3;99;85.4;131.7;132.5;0.56;16;16;20.8;20.7;17.4;13319;12;0;0;256
2022:08:16:23:28:01,209;3;139;120.5;132.1;132.6;0.59;83;85;20.8;20.6;17.4;13319;12;0;0;256
2022:08:16:23:29:01,298;3;113;98.7;131.9;132.5;0.55;26;28;20.8;20.6;17.3;13319;12;0;0;256
2022:08:16:23:30:01,306;3;119;104.4;131.5;132.5;0.55;36;38;20.8;20.4;17.3;13319;12;0;0;256
2022:08:16:23:31:01,355;3;104;90.5;131.7;132.3;0.56;12;16;20.8;20.5;17.4;13319;12;0;0;256
2022:08:16:23:32:01,324;3;116;101.9;131.7;132.7;0.55;32;34;20.8;20.7;17.3;13319;12;0;0;256
2022:08:16:23:33:01,392;3;113;98.8;131.7;132.5;0.55;28;28;20.8;20.8;17.3;13319;12;0;0;256
2022:08:16:23:34:01,441;3;125;108.3;132.4;132.6;0.55;49;52;20.7;20.8;17.3;13319;12;0;0;256
2022:08:16:23:35:01,529;3;137;119.0;132.1;132.6;0.58;75;78;20.7;20.9;17.3;13319;12;0;0;256
2022:08:16:23:36:00,038;3;108;94.3;131.7;132.5;0.56;20;21;20.7;20.6;17.3;13319;12;0;0;256
2022:08:16:23:37:00,066;2;82;71.5;131.5;132.5;0.56;0;2;20.8;20.5;17.3;13319;12;0;0;256
2022:08:16:23:38:00,115;4;126;108.1;131.7;132.7;0.58;78;83;20.6;20.3;17.3;13319;12;0;0;256
2022:08:16:23:39:00,264;2;70;62.8;131.2;132.1;0.56;0;0;20.7;20.4;17.3;13319;12;8;0;256
2022:08:16:23:40:00,312;3;95;83.6;131.0;131.5;0.56;4;6;20.7;20.6;17.3;13319;12;8;0;256
2022:08:16:23:41:00,321;2;63;54.9;131.2;132.4;0.56;0;0;20.7;20.7;17.3;13319;12;8;0;256
2022:08:16:23:42:00,369;3;90;79.1;131.0;132.1;0.56;4;6;20.6;20.7;17.3;13319;12;0;0;256
2022:08:16:23:43:00,358;2;65;65.2;130.8;132.3;0.17;0;0;20.5;20.5;17.3;13319;12;1;0;0
2022:08:16:23:44:00,286;1;20;44.2;131.0;132.6;0.17;0;0;20.4;20.4;17.2;13319;12;1;0;0
2022:08:16:23:45:00,275;0;5;33.3;131.0;131.9;0.17;0;0;20.2;20.2;17.2;13319;12;1;0;0
2022:08:16:23:46:00,264;0;0;27.1;131.0;132.1;0.16;0;0;20.1;20.1;17.2;13319;12;1;0;0
2022:08:16:23:47:00,272;0;5;26.0;131.0;132.1;0.16;0;0;20.0;20.0;17.2;13319;12;1;0;0
2022:08:16:23:48:00,321;0;5;28.3;130.8;131.7;0.16;0;0;19.9;19.9;17.2;13319;12;1;0;0
2022:08:16:23:49:00,249;0;5;27.1;131.0;132.1;0.16;0;0;19.9;19.8;17.2;13319;12;1;0;0
2022:08:16:23:50:00,278;0;5;25.3;130.8;131.7;0.17;0;0;19.8;19.8;17.2;13319;12;1;0;0
2022:08:16:23:51:00,266;0;0;26.6;130.8;131.7;0.17;0;0;19.8;19.7;17.1;13319;12;1;0;0
2022:08:16:23:52:00,275;1;18;28.4;130.4;131.4;0.16;0;0;19.7;19.7;17.1;13319;12;1;0;0
2022:08:16:23:53:00,284;1;21;29.8;131.0;132.1;0.16;0;0;19.7;19.6;17.1;13319;12;1;0;0
2022:08:16:23:54:00,312;1;21;29.5;131.0;132.3;0.17;0;0;19.7;19.6;17.0;13319;12;1;0;0
2022:08:16:23:55:00,341;0;5;28.6;130.8;132.3;0.16;0;0;19.6;19.6;17.0;13319;12;1;0;0
2022:08:16:23:56:00,349;0;5;27.4;130.8;132.1;0.16;0;0;19.6;19.5;17.0;13319;12;1;0;0
2022:08:16:23:57:00,298;0;0;26.5;131.0;132.1;0.17;0;0;19.6;19.5;16.9;13319;12;1;0;0
2022:08:16:23:58:00,266;0;0;25.7;131.0;132.3;0.16;0;0;19.5;19.4;16.9;13319;12;1;0;0
2022:08:16:23:59:00,195;0;0;24.2;131.0;132.1;0.16;0;0;19.5;19.4;16.9;13319;12;1;0;0
2022:08:17:00:00:00,064;1;20;25.4;130.8;131.7;0.17;0;0;19.5;19.4;16.9;13319;12;1;0;0
2022:08:17:00:01:00,072;0;5;27.9;130.8;131.7;0.16;0;0;19.4;19.4;16.8;13319;12;1;0;0
2022:08:17:00:02:00,081;1;21;29.3;130.6;131.7;0.16;0;0;19.4;19.4;16.8;13319;12;1;0;0
2022:08:17:00:03:00,049;1;22;29.3;131.0;132.1;0.16;0;0;19.4;19.4;16.8;13319;12;1;0;0
2022:08:17:00:04:01,518;2;72;67.2;130.8;131.5;0.16;0;0;19.4;19.4;16.7;13319;12;1;0;0
2022:08:17:00:05:00,426;3;105;91.1;131.2;132.1;0.56;25;26;19.5;19.3;16.7;13319;12;0;0;256
2022:08:17:00:06:00,415;3;85;73.2;131.2;131.9;0.57;4;5;19.7;19.7;16.7;13319;12;0;0;256
2022:08:17:00:07:00,463;1;47;49.4;131.0;132.1;0.17;0;0;19.8;19.7;16.7;13319;12;1;0;0
2022:08:17:00:08:00,412;3;91;81.2;131.2;131.9;0.57;5;7;19.6;19.6;16.7;13319;12;0;0;256
2022:08:17:00:09:00,421;3;119;103.3;131.2;132.4;0.55;26;28;19.7;19.6;16.7;13319;12;8;0;256
2022:08:17:00:10:00,429;3;118;103.5;131.5;132.1;0.56;24;26;19.8;19.5;16.7;13319;12;8;0;256
2022:08:17:00:11:01,198;3;89;76.8;131.5;131.9;0.57;3;3;20.0;19.5;16.7;13319;12;8;0;256
2022:08:17:00:12:01,126;1;48;46.0;131.5;132.7;0.17;0;0;19.9;19.7;16.6;13319;12;1;0;0
2022:08:17:00:13:01,115;2;53;57.8;131.2;132.7;0.17;0;0;19.6;19.6;16.6;13319;12;1;0;0
2022:08:17:00:14:01,123;3;90;80.4;131.5;132.5;0.57;4;6;19.5;19.7;16.7;13319;12;0;0;256
2022:08:17:00:15:01,232;2;63;56.4;131.5;132.5;0.57;0;0;19.7;19.7;16.6;13319;12;8;0;256
2022:08:17:00:16:01,301;3;94;83.6;131.5;132.1;0.57;4;5;19.8;19.6;16.6;13319;12;8;0;256
2022:08:17:00:17:01,329;3;93;82.9;131.7;132.3;0.56;4;4;19.8;19.5;16.6;13319;12;8;0;256
2022:08:17:00:18:01,378;2;83;77.1;131.5;132.5;0.18;0;3;19.8;19.8;16.6;13319;12;1;0;0
2022:08:17:00:19:01,246;3;120;105.7;131.2;132.7;0.16;0;64;19.5;19.6;16.6;13319;12;0;0;0
2022:08:17:00:20:01,255;3;118;102.8;131.9;132.8;0.56;55;58;19.7;19.7;16.6;13319;12;0;0;256
2022:08:17:00:21:00,103;4;129;110.6;132.1;133.1;0.6;89;92;19.8;19.7;16.6;13319;12;0;0;256
2022:08:17:00:22:00,192;2;65;60.4;131.5;132.1;0.17;0;0;19.9;19.8;16.5;13319;12;1;0;0
2022:08:17:00:23:00,181;3;89;79.3;131.9;133.1;0.57;6;6;19.8;19.4;16.6;13319;12;0;0;256
2022:08:17:00:24:00,909;2;80;66.4;131.9;132.8;0.58;0;1;19.8;19.5;16.5;13319;12;8;0;256
2022:08:17:00:25:00,978;3;110;95.7;131.9;132.8;0.57;15;16;19.8;19.7;16.5;13319;12;8;0;256
2022:08:17:00:26:01,026;3;139;121.4;132.1;133.1;0.56;56;57;19.8;19.9;16.5;13319;12;8;0;256
2022:08:17:00:27:00,255;3;112;98.6;132.1;133.1;0.56;17;18;19.8;19.7;16.5;13319;12;8;0;256
2022:08:17:00:28:00,263;2;70;63.7;131.7;133.0;0.57;0;0;19.9;19.5;16.5;13319;12;8;0;256
2022:08:17:00:29:00,272;3;112;97.6;131.9;132.8;0.56;34;41;19.7;19.4;16.5;13319;12;0;0;256
2022:08:17:00:30:00,321;3;111;96.4;131.7;132.3;0.56;34;37;19.7;19.6;16.5;13319;12;0;0;256
2022:08:17:00:31:00,409;3;97;84.6;131.7;131.9;0.56;13;14;19.8;19.8;16.5;13319;12;0;0;256
2022:08:17:00:32:00,398;4;128;110.6;131.7;132.5;0.59;86;89;19.8;19.8;16.5;13319;12;0;0;256
2022:08:17:00:33:00,506;3;108;93.1;131.7;132.7;0.55;36;32;19.8;19.8;16.5;13319;12;0;0;256
2022:08:17:00:34:00,535;3;115;99.3;131.7;132.7;0.56;44;51;19.8;19.5;16.5;13319;12;0;0;256
2022:08:17:00:35:00,583;3;120;103.2;132.4;132.8;0.57;66;64;19.8;19.5;16.5;13319;12;0;0;256
2022:08:17:00:36:00,632;3;103;90.5;132.1;132.9;0.56;23;24;19.8;19.7;16.4;13319;12;0;0;256
2022:08:17:00:37:00,681;4;134;116.0;132.4;133.0;0.64;109;110;19.7;19.8;16.5;13319;12;0;0;256
2022:08:17:00:38:01,449;3;95;82.5;132.1;133.1;0.56;12;12;19.7;19.9;16.4;13319;12;0;0;256
2022:08:17:00:39:00,278;3;109;94.9;132.1;133.1;0.55;32;34;19.7;19.5;16.4;13319;12;0;0;256
2022:08:17:00:40:00,306;3;113;98.8;131.9;132.8;0.56;19;19;19.7;19.4;16.4;13319;12;8;0;256
2022:08:17:00:41:00,355;2;55;53.1;131.5;132.7;0.17;0;0;19.8;19.7;16.4;13319;12;1;0;0
2022:08:17:00:42:00,363;3;94;87.8;131.5;132.7;0.17;0;11;19.4;19.5;16.4;13319;12;1;0;0
2022:08:17:00:43:00,312;3;105;92.0;132.1;132.9;0.55;24;26;19.4;19.4;16.4;13319;12;0;0;256
2022:08:17:00:44:01,100;3;115;99.6;132.1;133.1;0.56;51;51;19.4;19.5;16.4;13319;12;0;0;256
2022:08:17:00:45:01,149;3;137;120.1;131.9;132.8;0.56;52;54;19.5;19.4;16.4;13319;12;8;0;256
2022:08:17:00:46:01,178;3;166;144.7;131.9;133.1;0.62;100;104;19.5;19.3;16.4;13319;12;8;0;256
2022:08:17:00:47:01,206;3;141;123.3;131.9;133.1;0.57;57;60;19.6;19.3;16.4;13319;12;8;0;256
2022:08:17:00:48:01,235;3;102;89.2;131.9;132.8;0.57;7;9;19.6;19.4;16.4;13319;12;8;0;256
2022:08:17:00:49:01,243;3;152;132.4;132.1;133.6;0.58;78;79;19.6;19.6;16.4;13319;12;8;0;256
2022:08:17:00:50:01,312;3;135;117.7;132.1;133.1;0.57;49;51;19.6;19.7;16.3;13319;12;8;0;256
2022:08:17:00:51:01,380;3;138;120.0;132.1;133.1;0.56;56;56;19.6;19.6;16.3;13319;12;8;0;256
2022:08:17:00:52:03,330;3;141;123.3;132.4;132.8;0.57;61;60;19.6;19.6;16.3;13319;12;8;0;256
2022:08:17:00:53:00,298;3;103;91.3;132.1;133.1;0.57;7;10;19.6;19.4;16.4;13319;12;8;0;256
2022:08:17:00:54:00,366;3;98;86.9;132.1;133.4;0.57;5;6;19.6;19.6;16.3;13319;12;8;0;256
2022:08:17:00:55:00,415;2;63;55.5;132.1;132.9;0.57;0;0;19.6;19.7;16.3;13319;12;8;0;256
2022:08:17:00:56:00,485;2;65;60.5;131.7;133.0;0.17;0;0;19.6;19.5;16.3;13319;12;1;0;0
2022:08:17:00:57:00,520;3;93;82.8;132.1;132.9;0.57;7;9;19.5;19.3;16.3;13319;12;0;0;256
2022:08:17:00:58:00,614;3;103;89.1;132.4;133.0;0.56;22;23;19.5;19.3;16.3;13319;12;0;0;256
2022:08:17:00:59:00,629;2;61;52.7;132.1;133.1;0.57;0;0;19.6;19.5;16.3;13319;12;8;0;256
2022:08:17:01:00:00,624;2;80;92.3;131.9;133.1;0.17;0;2;19.4;19.4;16.3;13319;12;1;0;0
2022:08:17:01:01:00,516;2;59;58.6;131.9;133.6;0.17;0;0;19.3;19.3;16.3;13319;12;1;0;0
2022:08:17:01:02:00,525;1;38;45.3;131.9;133.3;0.17;0;0;19.2;19.1;16.3;13319;12;1;0;0
2022:08:17:01:03:00,533;1;34;38.6;131.9;133.3;0.17;0;0;19.1;19.0;16.3;13319;12;1;0;0
2022:08:17:01:04:00,482;1;22;35.8;131.9;133.3;0.17;0;0;19.0;18.9;16.3;13319;12;1;0;0
2022:08:17:01:05:00,490;0;0;28.8;132.1;133.1;0.17;0;0;18.9;18.9;16.3;13319;12;1;0;0
2022:08:17:01:06:00,519;0;0;25.1;132.1;133.1;0.17;0;0;18.9;18.8;16.3;13319;12;1;0;0
2022:08:17:01:07:00,508;0;0;25.6;132.1;133.6;0.17;0;0;18.8;18.7;16.3;13319;12;1;0;0
2022:08:17:01:08:00,576;0;5;27.1;131.9;133.1;0.17;0;0;18.8;18.7;16.3;13319;12;1;0;0
2022:08:17:01:09:00,505;0;5;26.5;132.1;133.1;0.17;0;0;18.8;18.7;16.3;13319;12;1;0;0
2022:08:17:01:10:00,513;0;0;26.6;132.1;133.6;0.17;0;0;18.7;18.6;16.2;13319;12;1;0;0
2022:08:17:01:11:00,462;0;0;24.8;130.8;131.5;0.17;0;0;18.7;18.6;16.2;13319;12;1;0;0
2022:08:17:01:12:00,470;0;0;23.5;131.0;132.3;0.17;0;0;18.7;18.6;16.2;13319;12;1;0;0
2022:08:17:01:13:00,419;0;0;23.0;131.0;132.3;0.16;0;0;18.7;18.6;16.2;13319;12;1;0;0
2022:08:17:01:14:00,428;0;0;23.0;131.0;132.6;0.16;0;0;18.6;18.5;16.2;13319;12;1;0;0
2022:08:17:01:15:00,436;0;0;22.9;131.0;131.9;0.16;0;0;18.6;18.5;16.2;13319;12;1;0;0
2022:08:17:01:16:00,445;0;0;22.9;130.8;132.1;0.16;0;0;18.6;18.5;16.2;13319;12;1;0;0
2022:08:17:01:17:00,393;0;0;22.9;130.8;132.1;0.17;0;0;18.6;18.5;16.1;13319;12;1;0;0
2022:08:17:01:18:00,382;0;0;22.9;130.8;132.1;0.16;0;0;18.5;18.4;16.1;13319;12;1;0;0
2022:08:17:01:19:00,370;0;0;23.1;131.0;132.3;0.17;0;0;18.5;18.4;16.1;13319;12;1;0;0
2022:08:17:01:20:00,459;0;0;23.0;131.0;132.1;0.16;0;0;18.5;18.4;16.1;13319;12;1;0;0
2022:08:17:01:21:00,448;0;0;22.9;131.0;132.1;0.16;0;0;18.5;18.4;16.1;13319;12;1;0;0
2022:08:17:01:22:00,476;0;0;22.9;131.2;132.7;0.16;0;0;18.5;18.4;16.1;13319;12;1;0;0
2022:08:17:01:23:00,485;0;0;22.9;131.0;132.1;0.16;0;0;18.4;18.4;16.0;13319;12;1;0;0
2022:08:17:01:24:00,573;0;0;22.9;131.0;132.1;0.17;0;0;18.4;18.4;16.0;13319;12;1;0;0
2022:08:17:01:25:00,562;0;0;22.9;131.0;132.3;0.16;0;0;18.4;18.4;16.0;13319;12;1;0;0
2022:08:17:01:26:00,610;0;0;22.9;131.0;132.3;0.17;0;0;18.4;18.3;16.0;13319;12;1;0;0
2022:08:17:01:27:00,559;0;0;22.9;130.8;132.3;0.16;0;0;18.4;18.3;16.0;13319;12;1;0;0
2022:08:17:01:28:00,548;0;0;22.9;130.8;132.1;0.16;0;0;18.4;18.3;16.0;13319;12;1;0;0
2022:08:17:01:29:00,496;0;0;22.9;130.8;132.1;0.16;0;0;18.4;18.3;15.9;13319;12;1;0;0
2022:08:17:01:30:00,485;0;0;22.9;130.8;132.3;0.16;0;0;18.4;18.2;15.9;13319;12;1;0;0
2022:08:17:01:31:00,372;0;0;22.9;131.0;131.9;0.17;0;0;18.4;18.2;15.9;13319;12;1;0;0
2022:08:17:01:32:00,342;0;0;22.9;130.8;132.3;0.16;0;0;18.4;18.2;15.9;13319;12;1;0;0
2022:08:17:01:33:00,270;0;0;22.9;131.0;132.1;0.16;0;0;18.4;18.2;15.9;13319;12;1;0;0
2022:08:17:01:34:00,159;0;0;22.9;131.0;132.1;0.17;0;0;18.3;18.2;15.9;13319;12;1;0;0
2022:08:17:01:35:00,128;0;0;22.9;131.0;132.3;0.18;0;0;18.3;18.1;15.9;13319;12;1;0;0
2022:08:17:01:36:00,216;0;0;22.9;131.0;132.1;0.17;0;0;18.3;18.1;15.8;13319;12;1;0;0
2022:08:17:01:37:00,165;0;0;22.9;131.0;132.3;0.17;0;0;18.3;18.1;15.8;13319;12;1;0;0
2022:08:17:01:38:00,013;0;0;22.9;131.0;132.6;0.17;0;0;18.3;18.1;15.8;13319;12;1;0;0
2022:08:17:01:39:01,462;0;0;22.8;130.6;131.7;0.16;0;0;18.3;18.1;15.8;13319;12;1;0;0
2022:08:17:01:40:01,030;0;0;22.8;130.8;132.3;0.17;0;0;18.2;18.0;15.8;13319;12;1;0;0
2022:08:17:01:41:00,999;0;0;22.8;131.0;132.1;0.16;0;0;18.2;18.0;15.8;13319;12;1;0;0
2022:08:17:01:42:00,907;0;0;22.9;131.0;132.1;0.17;0;0;18.2;18.0;15.7;13319;12;1;0;0
2022:08:17:01:43:00,876;0;0;22.9;131.0;132.1;0.17;0;0;18.2;18.0;15.7;13319;12;1;0;0
2022:08:17:01:44:00,885;0;0;22.9;131.0;131.9;0.16;0;0;18.2;18.0;15.7;13319;12;1;0;0
2022:08:17:01:45:00,873;0;0;22.9;131.0;131.9;0.17;0;0;18.1;17.9;15.7;13319;12;1;0;0
2022:08:17:01:46:00,822;0;0;22.9;131.0;132.3;0.17;0;0;18.1;17.9;15.7;13319;12;1;0;0
2022:08:17:01:47:00,770;0;0;22.9;131.0;132.1;0.1;0;0;18.1;17.9;15.7;13319;12;1;0;0
2022:08:17:01:48:00,759;0;0;22.9;131.0;131.9;0.17;0;0;18.1;17.9;15.7;13319;12;1;0;0
2022:08:17:01:49:00,627;0;0;22.9;130.8;131.7;0.16;0;0;18.1;17.9;15.6;13319;12;1;0;0
2022:08:17:01:50:00,676;0;0;22.9;131.0;132.1;0.17;0;0;18.1;17.8;15.6;13319;12;1;0;0
2022:08:17:01:51:00,645;0;0;22.9;131.0;132.1;0.17;0;0;18.0;17.8;15.6;13319;12;1;0;0
2022:08:17:01:52:00,593;0;0;22.9;131.0;132.6;0.17;0;0;18.0;17.8;15.6;13319;12;1;0;0
2022:08:17:01:53:00,522;0;0;22.9;131.2;132.1;0.17;0;0;18.0;17.8;15.6;13319;12;1;0;0
2022:08:17:01:54:00,470;0;0;22.9;131.2;131.9;0.17;0;0;18.0;17.8;15.6;13319;12;1;0;0
2022:08:17:01:55:00,319;0;0;22.9;131.2;132.4;0.16;0;0;18.0;17.8;15.6;13319;12;1;0;0
2022:08:17:01:56:00,267;0;0;22.9;131.2;132.1;0.17;0;0;18.0;17.7;15.6;13319;12;1;0;0
2022:08:17:01:57:00,256;0;0;23.2;131.2;132.4;0.17;0;0;18.0;17.7;15.6;13319;12;1;0;0
2022:08:17:01:58:00,205;0;0;23.0;131.5;132.5;0.17;0;0;17.9;17.7;15.5;13319;12;1;0;0
2022:08:17:01:59:00,113;0;0;23.0;131.2;131.9;0.17;0;0;17.9;17.7;15.5;13319;12;1;0;0
2022:08:17:02:00:00,082;0;0;22.9;131.0;132.1;0.17;0;0;17.9;17.7;15.5;13319;12;1;0;0
2022:08:17:02:01:00,010;0;0;22.9;130.8;131.7;0.17;0;0;17.9;17.7;15.5;13319;12;1;0;0
2022:08:17:02:02:00,079;0;0;22.9;130.8;132.1;0.17;0;0;17.9;17.7;15.5;13319;12;1;0;0
2022:08:17:02:03:00,047;0;0;22.9;131.0;132.1;0.17;0;0;17.9;17.6;15.5;13319;12;1;0;0
2022:08:17:02:04:00,056;0;0;22.9;131.2;132.4;0.17;0;0;17.9;17.6;15.5;13319;12;1;0;0
2022:08:17:02:05:01,525;0;0;22.9;131.2;132.4;0.16;0;0;17.8;17.6;15.5;13319;12;1;0;0
2022:08:17:02:06:01,453;0;0;22.9;131.0;132.1;0.16;0;0;17.8;17.6;15.5;13319;12;1;0;0
2022:08:17:02:07:01,462;0;0;22.9;131.0;132.1;0.16;0;0;17.8;17.6;15.5;13319;12;1;0;0
2022:08:17:02:08:01,430;0;0;22.9;131.2;131.9;0.17;0;0;17.8;17.6;15.5;13319;12;1;0;0
2022:08:17:02:09:01,459;0;0;22.9;131.0;132.3;0.17;0;0;17.8;17.6;15.4;13319;12;1;0;0
2022:08:17:02:10:01,487;0;0;22.9;131.2;132.1;0.17;0;0;17.8;17.5;15.4;13319;12;1;0;0
2022:08:17:02:11:01,516;0;0;22.9;131.0;132.3;0.17;0;0;17.8;17.5;15.4;13319;12;1;0;0
2022:08:17:02:12:01,505;0;0;22.9;131.0;132.1;0.17;0;0;17.7;17.5;15.4;13319;12;1;0;0
2022:08:17:02:13:01,533;0;0;22.9;131.0;132.3;0.17;0;0;17.7;17.5;15.4;13319;12;1;0;0
2022:08:17:02:14:00,002;0;0;22.9;131.0;132.1;0.16;0;0;17.7;17.5;15.4;13319;12;1;0;0
2022:08:17:02:15:00,030;0;0;22.9;131.2;132.1;0.14;0;0;17.7;17.5;15.4;13319;12;1;0;0
2022:08:17:02:16:00,019;0;0;22.9;131.2;132.4;0.17;0;0;17.7;17.5;15.4;13319;12;1;0;0
2022:08:17:02:17:00,027;0;0;22.9;131.2;132.1;0.17;0;0;17.7;17.5;15.4;13319;12;1;0;0
2022:08:17:02:18:00,036;0;0;22.9;131.0;132.3;0.17;0;0;17.7;17.5;15.4;13319;12;1;0;0
2022:08:17:02:19:00,085;0;0;22.9;131.0;132.1;0.16;0;0;17.6;17.5;15.4;13319;12;1;0;0
2022:08:17:02:20:00,093;0;0;22.9;131.2;131.9;0.17;0;0;17.6;17.5;15.4;13319;12;1;0;0
2022:08:17:02:21:00,042;0;0;23.0;131.2;132.1;0.17;0;0;17.6;17.5;15.4;13319;12;1;0;0
2022:08:17:02:22:00,130;0;0;22.9;131.2;132.1;0.17;0;0;17.6;17.5;15.3;13319;12;1;0;0
2022:08:17:02:23:00,019;0;0;22.9;131.2;132.4;0.17;0;0;17.6;17.4;15.3;13319;12;1;0;0
2022:08:17:02:24:00,007;0;0;22.9;131.0;131.9;0.17;0;0;17.6;17.5;15.3;13319;12;1;0;0
2022:08:17:02:25:01,536;0;0;22.9;131.0;131.9;0.17;0;0;17.6;17.5;15.3;13319;12;1;0;0
2022:08:17:02:26:00,005;0;0;22.9;131.2;132.1;0.17;0;0;17.6;17.5;15.3;13319;12;1;0;0
2022:08:17:02:27:00,033;0;5;25.4;130.8;131.7;0.17;0;0;17.6;17.4;15.3;13319;12;1;0;0
2022:08:17:02:28:00,042;0;0;25.9;131.0;132.3;0.19;0;0;17.6;17.4;15.3;13319;12;1;0;0
2022:08:17:02:29:00,050;1;43;39.6;131.2;132.1;0.17;0;0;17.5;17.4;15.4;13319;12;1;0;0
2022:08:17:02:30:00,079;3;118;111.0;131.2;132.1;0.17;0;58;17.5;17.5;15.3;13319;12;1;0;0
2022:08:17:02:31:00,107;2;54;54.1;131.2;132.7;0.14;0;0;17.8;17.7;15.4;13319;12;1;0;0
2022:08:17:02:32:00,156;2;85;84.4;131.2;132.9;0.18;0;5;17.7;17.7;15.4;13319;12;1;0;0
2022:08:17:02:33:00,125;2;69;69.0;131.2;132.4;0.18;0;0;17.7;17.7;15.4;13319;12;1;0;0
2022:08:17:02:34:00,133;2;54;50.0;131.2;132.7;0.18;0;0;17.7;17.6;15.4;13319;12;1;0;0
2022:08:17:02:35:00,042;3;102;95.5;131.2;132.4;0.18;0;21;17.6;17.6;15.4;13319;12;1;0;0
2022:08:17:02:36:00,050;2;74;83.9;131.2;132.7;0.18;0;0;17.6;17.6;15.4;13319;12;1;0;0
2022:08:17:02:37:01,559;1;36;53.4;131.5;132.7;0.18;0;0;17.6;17.5;15.4;13319;12;1;0;0
2022:08:17:02:38:00,007;0;0;37.4;131.2;132.7;0.18;0;0;17.6;17.5;15.4;13319;12;1;0;0
2022:08:17:02:39:00,016;0;0;27.9;131.5;132.7;0.17;0;0;17.6;17.5;15.4;13319;12;1;0;0
2022:08:17:02:40:01,444;0;0;24.4;131.5;132.7;0.17;0;0;17.5;17.5;15.4;13319;12;1;0;0
2022:08:17:02:41:01,453;0;0;23.4;131.5;132.5;0.17;0;0;17.5;17.4;15.4;13319;12;1;0;0
2022:08:17:02:42:01,342;0;0;23.0;131.5;132.7;0.17;0;0;17.5;17.4;15.4;13319;12;1;0;0
2022:08:17:02:43:01,330;0;0;23.0;131.5;132.7;0.17;0;0;17.5;17.4;15.4;13319;12;1;0;0
2022:08:17:02:44:01,259;0;0;23.0;131.2;132.7;0.17;0;0;17.5;17.4;15.4;13319;12;1;0;0
2022:08:17:02:45:01,227;0;0;23.0;131.5;132.9;0.17;0;0;17.5;17.4;15.4;13319;12;1;0;0
2022:08:17:02:46:01,316;0;0;23.7;131.2;132.1;0.17;0;0;17.5;17.4;15.4;13319;12;1;0;0
2022:08:17:02:47:01,304;0;0;24.5;131.5;132.5;0.16;0;0;17.5;17.4;15.4;13319;12;1;0;0
2022:08:17:02:48:01,313;0;0;23.4;131.0;132.1;0.17;0;0;17.5;17.4;15.4;13319;12;1;0;0
2022:08:17:02:49:01,282;0;0;23.4;131.2;132.4;0.17;0;0;17.5;17.4;15.4;13319;12;1;0;0
2022:08:17:02:50:01,250;0;0;23.1;131.0;132.1;0.17;0;0;17.5;17.4;15.4;13319;12;1;0;0
2022:08:17:02:51:01,559;0;0;24.8;131.2;132.7;0.17;0;0;17.5;17.4;15.4;13319;12;1;0;0
2022:08:17:02:52:00,007;0;0;24.7;131.2;132.4;0.17;0;0;17.5;17.4;15.4;13319;12;1;0;0
2022:08:17:02:53:01,496;0;0;23.4;131.2;132.7;0.17;0;0;17.5;17.4;15.4;13319;12;1;0;0
2022:08:17:02:54:01,404;0;0;23.2;131.5;132.9;0.17;0;0;17.5;17.4;15.4;13319;12;1;0;0
2022:08:17:02:55:01,333;0;0;23.0;131.2;132.7;0.17;0;0;17.5;17.4;15.4;13319;12;1;0;0
2022:08:17:02:56:01,322;0;0;22.9;131.2;132.4;0.17;0;0;17.5;17.3;15.4;13319;12;1;0;0
2022:08:17:02:57:01,290;0;0;22.9;131.5;132.5;0.17;0;0;17.5;17.3;15.4;13319;12;1;0;0
2022:08:17:02:58:01,279;0;0;23.0;131.5;132.7;0.17;0;0;17.5;17.3;15.4;13319;12;1;0;0
2022:08:17:02:59:01,167;0;5;25.2;131.5;132.5;0.17;0;0;17.5;17.3;15.4;13319;12;1;0;0
2022:08:17:03:00:01,096;0;0;25.8;131.5;132.7;0.17;0;0;17.5;17.3;15.4;13319;12;1;0;0
2022:08:17:03:01:01,104;0;0;24.3;131.5;132.7;0.17;0;0;17.5;17.3;15.4;13319;12;1;0;0
2022:08:17:03:02:01,073;0;0;23.3;131.5;132.5;0.17;0;0;17.5;17.3;15.4;13319;12;1;0;0
2022:08:17:03:03:00,982;0;0;23.0;131.5;132.7;0.17;0;0;17.5;17.3;15.4;13319;12;1;0;0
2022:08:17:03:04:00,890;0;0;23.0;131.5;132.7;0.17;0;0;17.5;17.3;15.4;13319;12;1;0;0
2022:08:17:03:05:00,839;0;0;23.0;131.2;132.4;0.17;0;0;17.5;17.3;15.4;13319;12;1;0;0
2022:08:17:03:06:00,827;0;0;22.9;131.0;132.3;0.17;0;0;17.5;17.3;15.4;13319;12;1;0;0
2022:08:17:03:07:00,796;0;0;22.9;131.2;132.4;0.17;0;0;17.5;17.3;15.4;13319;12;1;0;0
2022:08:17:03:08:00,824;0;0;22.9;131.0;132.3;0.17;0;0;17.5;17.3;15.4;13319;12;1;0;0
2022:08:17:03:09:00,773;0;0;22.9;131.2;132.4;0.17;0;0;17.5;17.2;15.4;13319;12;1;0;0
2022:08:17:03:10:00,822;0;0;22.9;131.0;132.3;0.17;0;0;17.5;17.2;15.4;13319;12;1;0;0
2022:08:17:03:11:00,730;0;0;22.9;131.0;132.6;0.17;0;0;17.5;17.2;15.4;13319;12;1;0;0
2022:08:17:03:12:00,759;0;0;22.9;131.0;132.3;0.17;0;0;17.5;17.2;15.4;13319;12;1;0;0
2022:08:17:03:13:00,667;0;0;22.9;131.0;132.3;0.18;0;0;17.5;17.2;15.4;13319;12;1;0;0
2022:08:17:03:14:00,556;0;5;23.6;131.0;132.3;0.17;0;0;17.5;17.2;15.4;13319;12;1;0;0
2022:08:17:03:15:00,544;0;0;25.6;131.2;132.7;0.17;0;0;17.4;17.2;15.4;13319;12;1;0;0
2022:08:17:03:16:00,573;1;21;27.9;131.0;132.3;0.17;0;0;17.4;17.2;15.4;13319;12;1;0;0
2022:08:17:03:17:00,562;1;43;40.5;131.2;132.7;0.17;0;0;17.4;17.2;15.4;13319;12;1;0;0
2022:08:17:03:18:00,590;3;110;95.3;131.5;132.5;0.55;33;35;17.4;17.3;15.4;13319;12;0;0;256
2022:08:17:03:19:00,639;3;95;83.6;131.7;132.5;0.56;11;12;17.6;17.4;15.4;13319;12;0;0;256
2022:08:17:03:20:00,667;3;105;91.4;131.7;132.3;0.56;12;11;17.9;17.6;15.4;13319;12;8;0;256
2022:08:17:03:21:00,676;2;69;59.7;131.5;132.7;0.57;0;0;18.1;18.0;15.4;13319;12;8;0;256
2022:08:17:03:22:00,744;4;149;127.4;132.4;133.6;0.81;163;164;18.0;17.9;15.5;13319;12;0;0;256
2022:08:17:03:23:00,813;2;84;73.9;131.5;132.1;0.57;1;3;18.2;17.7;15.5;13319;12;0;0;256
2022:08:17:03:24:00,881;3;104;90.7;131.5;132.5;0.56;25;24;18.2;18.1;15.4;13319;12;0;0;256
2022:08:17:03:25:00,870;3;116;108.7;131.2;132.7;0.18;0;52;18.1;18.1;15.5;13319;12;1;0;0
2022:08:17:03:26:00,959;2;74;68.0;131.2;132.1;0.58;0;0;18.2;17.9;15.5;13319;12;8;0;256
2022:08:17:03:27:00,987;3;149;130.2;131.9;132.5;0.58;75;74;18.2;18.0;15.5;13319;12;8;0;256
2022:08:17:03:28:01,096;2;82;72.8;131.2;131.9;0.57;2;1;18.4;18.3;15.5;13319;12;8;0;256
2022:08:17:03:29:01,124;2;77;71.8;131.0;132.1;0.09;0;1;18.3;18.2;15.5;13319;12;1;0;0
2022:08:17:03:30:01,273;3;119;112.1;131.0;132.1;0.18;0;62;18.0;18.1;15.6;13319;12;1;0;0
2022:08:17:03:31:01,241;1;41;48.7;131.0;132.1;0.18;0;0;18.1;18.0;15.6;13319;12;1;0;0
2022:08:17:03:32:01,190;1;35;40.6;131.2;132.7;0.18;0;0;18.0;17.9;15.6;13319;12;1;0;0
2022:08:17:03:33:01,059;0;0;32.9;131.0;132.1;0.17;0;0;17.9;17.8;15.6;13319;12;1;0;0
2022:08:17:03:34:01,007;0;0;26.3;131.2;132.7;0.18;0;0;17.8;17.7;15.6;13319;12;1;0;0
2022:08:17:03:35:00,916;0;0;24.6;131.5;132.7;0.17;0;0;17.8;17.6;15.6;13319;12;1;0;0
2022:08:17:03:36:00,924;0;0;23.4;131.2;132.7;0.18;0;0;17.7;17.6;15.6;13319;12;1;0;0
2022:08:17:03:37:00,893;0;0;23.0;131.2;132.4;0.17;0;0;17.7;17.5;15.6;13319;12;1;0;0
2022:08:17:03:38:00,881;0;0;23.0;131.0;132.6;0.17;0;0;17.7;17.5;15.7;13319;12;1;0;0
2022:08:17:03:39:00,810;0;0;22.9;131.5;132.7;0.17;0;0;17.7;17.5;15.7;13319;12;1;0;0
2022:08:17:03:40:00,859;0;0;23.0;131.2;132.4;0.12;0;0;17.6;17.5;15.7;13319;12;1;0;0
2022:08:17:03:41:00,807;0;0;22.9;131.2;132.7;0.17;0;0;17.6;17.5;15.7;13319;12;1;0;0
2022:08:17:03:42:00,856;0;0;22.9;131.2;132.4;0.17;0;0;17.6;17.5;15.6;13319;12;1;0;0
2022:08:17:03:43:00,784;0;5;24.6;131.0;132.1;0.17;0;0;17.6;17.5;15.6;13319;12;1;0;0
2022:08:17:03:44:00,773;0;0;26.2;131.0;132.6;0.17;0;0;17.6;17.5;15.6;13319;12;1;0;0
2022:08:17:03:45:00,741;1;39;36.5;131.2;132.7;0.17;0;0;17.6;17.5;15.6;13319;12;1;0;0
2022:08:17:03:46:00,790;4;139;120.4;131.7;133.0;0.68;125;126;17.6;17.4;15.7;13319;12;0;0;256
2022:08:17:03:47:00,799;3;84;73.6;131.7;132.7;0.57;2;3;18.0;18.0;15.7;13319;12;0;0;256
2022:08:17:03:48:00,027;2;76;70.0;131.7;132.5;0.57;0;0;18.2;18.0;15.6;13319;12;8;0;256
2022:08:17:03:49:00,036;3;138;121.3;132.1;132.9;0.56;56;56;18.2;17.8;15.7;13319;12;8;0;256
2022:08:17:03:50:00,104;3;127;111.4;131.7;132.5;0.56;38;39;18.3;18.2;15.6;13319;12;8;0;256
2022:08:17:03:51:00,193;3;139;121.3;132.1;132.9;0.57;59;58;18.4;18.4;15.7;13319;12;8;0;256
2022:08:17:03:52:00,021;4;201;175.9;131.9;133.6;0.89;188;194;18.4;18.3;15.7;13319;12;0;0;256
2022:08:17:03:53:00,990;3;136;117.3;131.7;132.5;0.57;58;59;18.5;18.3;15.7;13319;12;0;0;256
2022:08:17:03:54:01,039;3;115;101.3;131.7;132.5;0.56;21;25;18.5;18.2;15.7;13319;12;0;0;256
2022:08:17:03:55:01,107;3;150;130.4;131.9;132.5;0.58;79;84;18.4;18.5;15.7;13319;12;0;0;256
2022:08:17:03:56:01,136;4;163;142.3;131.7;133.0;0.64;108;108;18.4;18.5;15.7;13319;12;0;0;256
2022:08:17:03:57:01,144;3;143;124.4;131.9;132.3;0.58;68;71;18.5;18.3;15.8;13319;12;0;0;256
2022:08:17:03:58:00,673;3;123;106.6;131.2;132.4;0.56;38;37;18.5;18.4;15.7;13319;12;0;0;256
2022:08:17:03:59:01,381;4;161;140.3;131.7;132.5;0.62;103;106;18.5;18.6;15.8;13319;12;0;0;256
2022:08:17:04:00:00,990;3;120;105.9;131.5;132.5;0.55;30;32;18.5;18.6;15.8;13319;12;0;0;256
2022:08:17:04:01:01,080;3;115;100.7;131.7;132.5;0.56;26;25;18.6;18.3;15.8;13319;12;0;0;256
2022:08:17:04:02:01,087;3;130;114.1;131.7;132.7;0.56;49;48;18.6;18.4;15.8;13319;12;0;0;256
2022:08:17:04:03:01,136;3;124;108.5;131.5;131.9;0.55;35;39;18.6;18.7;15.8;13319;12;0;0;256
2022:08:17:04:04:00,264;3;151;132.1;131.9;132.8;0.59;86;86;18.6;18.4;15.9;13319;12;0;0;256
2022:08:17:04:05:00,353;3;102;88.0;131.5;132.5;0.56;13;10;18.7;18.4;15.9;13319;12;0;0;256
2022:08:17:04:06:00,340;2;63;58.4;131.0;132.3;0.17;0;0;18.7;18.6;15.8;13319;12;1;0;0
2022:08:17:04:07:00,390;3;108;94.2;131.5;132.1;0.56;33;34;18.6;18.7;15.8;13319;12;0;0;256
2022:08:17:04:08:00,499;3;98;85.4;131.5;132.1;0.55;15;15;18.6;18.4;15.9;13319;12;0;0;256
2022:08:17:04:09:00,507;3;99;86.8;131.5;132.5;0.56;16;17;18.7;18.5;15.9;13319;12;0;0;256
2022:08:17:04:10:00,496;3;119;103.0;131.7;132.3;0.56;59;62;18.7;18.8;15.9;13319;12;0;0;256
2022:08:17:04:11:00,564;3;87;79.0;131.0;132.1;0.57;0;2;18.8;18.7;15.9;13319;12;8;0;256
2022:08:17:04:12:00,493;1;46;49.6;131.0;132.1;0.09;0;0;18.7;18.7;15.9;13319;12;1;0;0
2022:08:17:04:13:00,501;3;89;91.6;131.0;131.9;0.18;0;6;18.4;18.5;15.9;13319;12;1;0;0
2022:08:17:04:14:00,450;1;37;58.2;131.0;132.3;0.12;0;0;18.4;18.4;15.9;13319;12;1;0;0
2022:08:17:04:15:00,379;1;35;42.4;130.8;132.1;0.18;0;0;18.3;18.3;15.9;13319;12;1;0;0
2022:08:17:04:16:00,347;1;25;36.4;130.8;132.5;0.18;0;0;18.2;18.1;15.9;13319;12;1;0;0
2022:08:17:04:17:00,276;0;0;29.8;130.8;132.1;0.16;0;0;18.1;18.1;15.8;13319;12;1;0;0
2022:08:17:04:18:00,264;0;0;25.2;130.6;131.9;0.17;0;0;18.1;18.0;15.8;13319;12;1;0;0
2022:08:17:04:19:00,233;0;0;23.5;130.8;132.3;0.17;0;0;18.0;17.9;15.8;13319;12;1;0;0
2022:08:17:04:20:00,221;0;0;23.0;130.8;132.3;0.18;0;0;18.0;17.9;15.8;13319;12;1;0;0
2022:08:17:04:21:00,292;0;0;22.9;130.8;132.3;0.17;0;0;18.0;17.8;15.8;13319;12;1;0;0
2022:08:17:04:22:01,067;0;0;22.8;131.0;132.3;0.17;0;0;17.9;17.8;15.8;13319;12;1;0;0
2022:08:17:04:23:01,042;0;0;22.8;131.0;132.3;0.17;0;0;17.9;17.8;15.8;13319;12;1;0;0
2022:08:17:04:24:01,056;0;0;22.8;130.8;132.3;0.17;0;0;17.9;17.8;15.7;13319;12;1;0;0
2022:08:17:04:25:00,890;0;0;22.8;130.8;132.1;0.17;0;0;17.9;17.7;15.7;13319;12;1;0;0
2022:08:17:04:26:00,923;0;0;22.7;130.8;132.1;0.17;0;0;17.9;17.7;15.7;13319;12;1;0;0
2022:08:17:04:27:00,751;0;0;22.8;130.8;132.3;0.16;0;0;17.9;17.7;15.7;13319;12;1;0;0
2022:08:17:04:28:00,700;0;0;24.2;130.8;131.7;0.17;0;0;17.8;17.7;15.7;13319;12;1;0;0
2022:08:17:04:29:00,648;0;0;24.0;130.8;132.1;0.16;0;0;17.8;17.7;15.6;13319;12;1;0;0
2022:08:17:04:30:00,657;0;0;23.2;130.8;132.1;0.17;0;0;17.8;17.6;15.6;13319;12;1;0;0
2022:08:17:04:31:00,606;0;0;23.0;131.0;132.3;0.17;0;0;17.8;17.6;15.6;13319;12;1;0;0
2022:08:17:04:32:00,674;0;0;22.9;130.8;132.1;0.16;0;0;17.8;17.6;15.6;13320;111;1;0;0
2022:08:17:04:33:00,683;0;0;23.4;130.8;132.3;0.17;0;0;17.8;17.6;15.6;13320;111;1;0;0
2022:08:17:04:34:00,711;0;0;23.9;130.8;131.7;0.17;0;0;17.7;17.6;15.5;13320;111;1;0;0
2022:08:17:04:35:00,620;1;22;26.2;130.8;132.3;0.17;0;0;17.7;17.6;15.5;13320;111;1;0;0
2022:08:17:04:36:00,668;0;5;28.2;130.8;132.1;0.16;0;0;17.7;17.5;15.5;13320;111;1;0;0
2022:08:17:04:37:00,617;0;0;25.7;130.6;131.5;0.17;0;0;17.7;17.5;15.5;13320;111;1;0;0
2022:08:17:04:38:00,626;0;0;25.4;130.8;132.1;0.17;0;0;17.7;17.5;15.5;13320;111;1;0;0
2022:08:17:04:39:00,634;0;0;25.3;130.6;131.7;0.17;0;0;17.7;17.5;15.5;13320;111;1;0;0
2022:08:17:04:40:00,583;0;0;24.8;130.6;131.7;0.17;0;0;17.7;17.5;15.4;13320;111;1;0;0
2022:08:17:04:41:00,551;0;0;23.9;130.6;131.9;0.17;0;0;17.7;17.5;15.4;13320;111;1;0;0
2022:08:17:04:42:00,600;0;0;23.0;130.6;131.9;0.17;0;0;17.6;17.5;15.4;13320;111;1;0;0
2022:08:17:04:43:00,508;0;0;22.8;130.4;131.4;0.17;0;0;17.6;17.5;15.4;13320;111;1;0;0
2022:08:17:04:44:00,597;0;0;22.7;130.4;131.7;0.17;0;0;17.6;17.5;15.4;13320;111;1;0;0
2022:08:17:04:45:00,566;0;0;22.7;130.8;131.7;0.17;0;0;17.6;17.5;15.4;13320;111;1;0;0
2022:08:17:04:46:00,554;0;0;22.7;130.8;131.7;0.17;0;0;17.6;17.5;15.3;13320;111;1;0;0
2022:08:17:04:47:00,523;0;0;22.7;130.6;131.7;0.17;0;0;17.6;17.4;15.3;13320;111;1;0;0
2022:08:17:04:48:00,651;0;0;23.8;130.4;131.7;0.17;0;0;17.5;17.4;15.3;13320;111;1;0;0
2022:08:17:04:49:00,660;0;0;23.6;130.6;131.7;0.18;0;0;17.5;17.4;15.3;13320;111;1;0;0
2022:08:17:04:50:00,688;0;0;23.0;130.6;131.7;0.17;0;0;17.5;17.4;15.3;13320;111;1;0;0
2022:08:17:04:51:00,617;0;0;22.8;130.8;132.1;0.17;0;0;17.5;17.4;15.3;13320;111;1;0;0
2022:08:17:04:52:00,566;0;0;22.8;130.6;131.9;0.17;0;0;17.5;17.4;15.3;13320;111;1;0;0
2022:08:17:04:53:00,474;0;0;22.7;130.6;131.2;0.17;0;0;17.5;17.3;15.3;13320;111;1;0;0
2022:08:17:04:54:00,523;0;0;22.7;130.8;131.7;0.18;0;0;17.5;17.3;15.3;13320;111;1;0;0
2022:08:17:04:55:00,410;0;0;22.7;130.8;131.7;0.17;0;0;17.5;17.3;15.3;13320;111;1;0;0
2022:08:17:04:56:00,419;0;0;22.7;130.6;131.9;0.18;0;0;17.5;17.3;15.3;13320;111;1;0;0
2022:08:17:04:57:00,407;0;0;22.7;130.8;131.7;0.17;0;0;17.5;17.3;15.2;13320;111;1;0;0
2022:08:17:04:58:00,356;0;0;22.7;130.6;131.7;0.17;0;0;17.5;17.3;15.2;13320;111;1;0;0
2022:08:17:04:59:00,365;0;0;22.7;130.6;131.7;0.17;0;0;17.5;17.2;15.2;13320;111;1;0;0
2022:08:17:05:00:00,393;0;0;22.6;130.4;131.4;0.17;0;0;17.5;17.2;15.2;13320;111;1;0;0
2022:08:17:05:01:00,382;0;0;22.6;130.1;131.0;0.16;0;0;17.4;17.2;15.2;13320;111;1;0;0
2022:08:17:05:02:00,410;0;0;22.6;130.4;131.4;0.17;0;0;17.4;17.2;15.2;13320;111;1;0;0
2022:08:17:05:03:00,259;0;0;22.6;130.4;131.4;0.17;0;0;17.4;17.2;15.2;13320;111;1;0;0
2022:08:17:05:04:00,307;0;0;22.6;130.1;131.4;0.18;0;0;17.4;17.2;15.2;13320;111;1;0;0
2022:08:17:05:05:00,256;0;0;22.6;130.4;131.7;0.17;0;0;17.4;17.2;15.1;13320;111;1;0;0
2022:08:17:05:06:00,225;0;0;22.6;130.4;131.4;0.17;0;0;17.4;17.1;15.1;13320;111;1;0;0
2022:08:17:05:07:00,153;0;0;22.6;130.1;131.4;0.17;0;0;17.4;17.1;15.1;13320;111;1;0;0
2022:08:17:05:08:00,162;0;0;22.6;130.1;131.4;0.17;0;0;17.4;17.1;15.1;13320;111;1;0;0
2022:08:17:05:09:00,150;0;0;22.6;130.1;131.2;0.17;0;0;17.3;17.1;15.1;13320;111;1;0;0
2022:08:17:05:10:00,159;0;0;22.6;130.1;131.4;0.17;0;0;17.3;17.1;15.1;13320;111;1;0;0
2022:08:17:05:11:00,107;0;0;22.6;130.1;131.4;0.17;0;0;17.3;17.1;15.1;13320;111;1;0;0
2022:08:17:05:12:00,116;0;0;22.6;130.1;131.4;0.17;0;0;17.3;17.1;15.1;13320;111;1;0;0
2022:08:17:05:13:00,045;0;0;22.6;130.1;131.8;0.17;0;0;17.3;17.1;15.1;13320;111;1;0;0
2022:08:17:05:14:00,053;0;0;22.6;130.1;131.4;0.17;0;0;17.3;17.1;15.1;13320;111;1;0;0
2022:08:17:05:15:00,002;0;0;22.6;130.1;131.4;0.17;0;0;17.3;17.0;15.1;13320;111;1;0;0
2022:08:17:05:16:01,511;0;0;22.6;129.9;131.2;0.17;0;0;17.3;17.0;15.0;13320;111;1;0;0
2022:08:17:05:17:01,440;0;0;22.6;130.1;131.4;0.17;0;0;17.3;17.0;15.0;13320;111;1;0;0
2022:08:17:05:18:01,428;0;0;22.6;130.4;131.1;0.12;0;0;17.2;17.0;15.0;13320;111;1;0;0
2022:08:17:05:19:01,437;0;0;22.6;130.4;131.7;0.17;0;0;17.2;17.0;15.0;13320;111;1;0;0
2022:08:17:05:20:01,485;0;0;22.6;130.1;131.8;0.17;0;0;17.2;17.0;15.0;13320;111;1;0;0
2022:08:17:05:21:01,494;0;0;22.6;130.1;131.4;0.17;0;0;17.2;16.9;15.0;13320;111;1;0;0
2022:08:17:05:22:01,463;0;0;22.6;129.9;131.4;0.18;0;0;17.2;16.9;15.0;13320;111;1;0;0
2022:08:17:05:23:01,431;0;0;22.6;130.1;131.4;0.17;0;0;17.2;16.9;15.0;13320;111;1;0;0
2022:08:17:05:24:01,440;0;0;22.6;129.9;131.2;0.17;0;0;17.1;16.9;15.0;13320;111;1;0;0
2022:08:17:05:25:01,428;0;0;22.6;129.9;131.2;0.18;0;0;17.1;16.9;14.9;13320;111;1;0;0
2022:08:17:05:26:01,397;0;0;22.6;130.1;131.2;0.17;0;0;17.1;16.9;14.9;13320;111;1;0;0
2022:08:17:05:27:01,265;0;0;22.6;130.1;131.2;0.17;0;0;17.1;16.9;14.9;13320;111;1;0;0
2022:08:17:05:28:01,254;0;0;22.6;130.1;131.4;0.18;0;0;17.1;16.8;14.9;13320;111;1;0;0
2022:08:17:05:29:01,163;0;0;22.6;130.1;131.4;0.18;0;0;17.1;16.8;14.9;13320;111;1;0;0
2022:08:17:05:30:01,131;0;0;22.6;130.1;131.2;0.17;0;0;17.1;16.8;14.9;13320;111;1;0;0
2022:08:17:05:31:01,140;0;0;22.6;130.1;131.4;0.17;0;0;17.1;16.8;14.9;13320;111;1;0;0
2022:08:17:05:32:01,068;0;0;22.6;129.9;130.9;0.18;0;0;17.0;16.8;14.9;13320;111;1;0;0
2022:08:17:05:33:01,077;0;0;22.6;129.9;130.9;0.17;0;0;17.0;16.8;14.9;13320;111;1;0;0
2022:08:17:05:34:01,125;0;0;22.6;129.7;130.8;0.18;0;0;17.0;16.8;14.8;13320;111;1;0;0
2022:08:17:05:35:01,094;0;0;22.6;130.1;131.2;0.17;0;0;17.0;16.8;14.8;13320;111;1;0;0
2022:08:17:05:36:01,143;0;0;22.6;129.9;131.2;0.18;0;0;17.0;16.7;14.8;13320;111;1;0;0
2022:08:17:05:37:01,151;0;0;22.6;129.9;130.9;0.17;0;0;17.0;16.7;14.8;13320;111;1;0;0
2022:08:17:05:38:01,100;0;0;22.6;129.7;130.8;0.18;0;0;17.0;16.7;14.8;13320;111;1;0;0
2022:08:17:05:39:01,048;0;0;22.6;129.9;131.4;0.18;0;0;17.0;16.7;14.8;13320;111;1;0;0
2022:08:17:05:40:00,997;0;0;22.6;129.7;130.8;0.17;0;0;17.0;16.7;14.8;13320;111;1;0;0
2022:08:17:05:41:00,984;0;0;22.6;129.7;130.6;0.17;0;0;16.9;16.7;14.8;13320;111;1;0;0
2022:08:17:05:42:00,953;0;0;22.6;129.7;130.8;0.18;0;0;16.9;16.7;14.8;13320;111;1;0;0
2022:08:17:05:43:00,982;0;0;22.5;129.7;130.8;0.18;0;0;16.9;16.7;14.8;13320;111;1;0;0
2022:08:17:05:44:00,990;0;0;22.6;129.7;130.8;0.17;0;0;16.9;16.7;14.8;13320;111;1;0;0
2022:08:17:05:45:00,979;0;0;22.5;129.7;131.1;0.17;0;0;16.9;16.7;14.8;13320;111;1;0;0
2022:08:17:05:46:00,907;0;0;22.5;129.5;130.5;0.18;0;0;16.9;16.7;14.8;13320;111;1;0;0
2022:08:17:05:47:01,056;0;0;22.5;129.5;130.3;0.17;0;0;16.9;16.6;14.8;13320;111;1;0;0
2022:08:17:05:48:00,984;0;0;22.5;129.5;130.8;0.18;0;0;16.9;16.6;14.8;13320;111;1;0;0
2022:08:17:05:49:01,013;0;0;22.5;129.5;130.5;0.18;0;0;16.9;16.6;14.7;13320;111;1;0;0
2022:08:17:05:50:00,962;0;0;22.5;129.5;131.0;0.17;0;0;16.9;16.6;14.7;13320;111;1;0;0
2022:08:17:05:51:00,930;0;0;22.5;129.5;130.5;0.18;0;0;16.8;16.6;14.7;13320;111;1;0;0
2022:08:17:05:52:00,979;0;0;22.5;129.5;130.5;0.17;0;0;16.8;16.6;14.7;13320;111;1;0;0
2022:08:17:05:53:01,027;0;0;22.5;129.2;130.6;0.17;0;0;16.8;16.6;14.7;13320;111;1;0;0
2022:08:17:05:54:01,096;0;0;22.5;129.2;130.2;0.17;0;0;16.8;16.6;14.7;13320;111;1;0;0
2022:08:17:05:55:01,024;0;0;22.5;129.2;130.6;0.17;0;0;16.8;16.6;14.6;13320;111;1;0;0
2022:08:17:05:56:00,973;0;0;22.5;129.7;130.8;0.14;0;0;16.8;16.5;14.6;13320;111;1;0;0
2022:08:17:05:57:00,981;0;0;22.5;129.5;130.8;0.18;0;0;16.7;16.5;14.6;13320;111;1;0;0
2022:08:17:05:58:00,990;0;0;22.5;129.5;130.5;0.17;0;0;16.7;16.5;14.6;13320;111;1;0;0
2022:08:17:05:59:00,959;0;0;22.5;129.7;130.8;0.17;0;0;16.7;16.5;14.6;13320;111;1;0;0
2022:08:17:06:00:00,907;0;0;22.5;129.5;130.8;0.18;0;0;16.7;16.5;14.6;13320;111;1;0;0
2022:08:17:06:01:00,836;0;0;22.5;129.5;130.3;0.17;0;0;16.7;16.5;14.5;13320;111;1;0;0
2022:08:17:06:02:00,884;0;0;22.5;129.5;130.5;0.18;0;0;16.7;16.5;14.5;13320;111;1;0;0
2022:08:17:06:03:00,813;0;0;22.5;129.0;129.9;0.17;0;0;16.7;16.5;14.5;13320;111;1;0;0
2022:08:17:06:04:00,801;0;0;22.5;129.2;130.0;0.17;0;0;16.6;16.5;14.5;13320;111;1;0;0
2022:08:17:06:05:00,790;0;0;22.5;129.0;130.4;0.17;0;0;16.6;16.5;14.5;13320;111;1;0;0
2022:08:17:06:06:00,799;0;0;22.5;129.0;129.9;0.18;0;0;16.6;16.4;14.5;13320;111;1;0;0
2022:08:17:06:07:00,807;0;0;22.5;130.1;131.4;0.17;0;0;16.6;16.5;14.5;13320;111;1;0;0
2022:08:17:06:08:00,736;0;0;22.6;129.9;130.9;0.18;0;0;16.6;16.5;14.5;13320;111;1;0;0
2022:08:17:06:09:00,684;0;0;22.6;130.1;131.4;0.18;0;0;16.6;16.5;14.5;13320;111;1;0;0
2022:08:17:06:10:00,653;0;0;22.6;130.1;131.0;0.17;0;0;16.6;16.5;14.5;13320;111;1;0;0
2022:08:17:06:11:00,601;0;0;22.6;130.1;131.2;0.18;0;0;16.6;16.5;14.5;13320;111;1;0;0
2022:08:17:06:12:00,530;0;0;22.6;130.1;131.2;0.17;0;0;16.6;16.4;14.5;13320;111;1;0;0
2022:08:17:06:13:00,439;0;0;22.6;129.9;131.2;0.18;0;0;16.6;16.4;14.5;13320;111;1;0;0
2022:08:17:06:14:00,407;0;0;22.6;130.4;131.7;0.18;0;0;16.6;16.4;14.5;13320;111;1;0;0
2022:08:17:06:15:00,356;0;0;22.6;130.1;131.4;0.18;0;0;16.6;16.4;14.5;13320;111;1;0;0
2022:08:17:06:16:00,304;0;0;22.6;130.4;131.1;0.17;0;0;16.6;16.4;14.5;13320;111;1;0;0
2022:08:17:06:17:00,273;0;0;22.6;130.4;131.1;0.17;0;0;16.6;16.4;14.5;13320;111;1;0;0
2022:08:17:06:18:00,321;0;0;22.6;130.4;131.7;0.17;0;0;16.6;16.4;14.5;13320;111;1;0;0
2022:08:17:06:19:00,270;0;0;22.6;130.4;131.7;0.18;0;0;16.6;16.4;14.5;13320;111;1;0;0
2022:08:17:06:20:00,259;0;0;22.6;130.4;131.4;0.17;0;0;16.5;16.4;14.5;13320;111;1;0;0
2022:08:17:06:21:00,207;0;0;22.6;130.4;131.1;0.17;0;0;16.5;16.4;14.5;13320;111;1;0;0
2022:08:17:06:22:00,236;0;0;22.6;130.6;131.7;0.18;0;0;16.5;16.4;14.5;13320;111;1;0;0
2022:08:17:06:23:00,144;0;0;22.6;130.4;131.4;0.18;0;0;16.5;16.4;14.5;13320;111;1;0;0
2022:08:17:06:24:00,153;0;0;22.6;130.4;131.4;0.17;0;0;16.6;16.4;14.5;13320;111;1;0;0
2022:08:17:06:25:00,141;0;0;22.6;130.4;131.7;0.18;0;0;16.6;16.4;14.5;13320;111;1;0;0
2022:08:17:06:26:00,290;0;0;22.6;130.6;131.7;0.17;0;0;16.6;16.4;14.5;13320;111;1;0;0
2022:08:17:06:27:00,299;0;0;22.6;130.4;131.7;0.18;0;0;16.6;16.4;14.5;13320;111;1;0;0
2022:08:17:06:28:00,247;0;0;22.6;130.4;131.4;0.18;0;0;16.6;16.4;14.6;13320;111;1;0;0
2022:08:17:06:29:00,216;0;0;22.6;130.4;131.4;0.18;0;0;16.6;16.4;14.6;13320;111;1;0;0
2022:08:17:06:30:00,224;0;0;22.6;130.6;131.7;0.17;0;0;16.6;16.4;14.6;13320;111;1;0;0
2022:08:17:06:31:00,113;0;0;22.6;130.4;131.7;0.18;0;0;16.6;16.5;14.6;13320;111;1;0;0
2022:08:17:06:32:00,121;0;0;22.7;130.8;131.7;0.17;0;0;16.6;16.5;14.6;13320;111;1;0;0
2022:08:17:06:33:00,030;0;0;22.6;130.4;131.4;0.18;0;0;16.6;16.5;14.6;13320;111;1;0;0
2022:08:17:06:34:00,019;0;0;22.6;130.6;131.7;0.18;0;0;16.6;16.5;14.6;13320;111;1;0;0
2022:08:17:06:35:01,527;0;0;23.3;130.4;131.7;0.17;0;0;16.6;16.5;14.7;13320;111;1;0;0
2022:08:17:06:36:01,496;0;0;22.9;130.4;131.4;0.18;0;0;16.6;16.5;14.7;13320;111;1;0;0
2022:08:17:06:37:01,504;0;0;22.7;130.8;131.7;0.18;0;0;16.6;16.5;14.7;13320;111;1;0;0
2022:08:17:06:38:00,019;0;0;22.6;130.1;131.4;0.18;0;0;16.6;16.5;14.7;13320;111;1;0;0
2022:08:17:06:39:00,033;0;0;22.6;130.4;131.4;0.17;0;0;16.7;16.5;14.7;13320;111;1;0;0
2022:08:17:06:40:00,048;0;0;23.0;130.4;131.7;0.17;0;0;16.7;16.5;14.8;13320;111;1;0;0
2022:08:17:06:41:00,063;0;0;23.9;130.4;131.4;0.18;0;0;16.7;16.5;14.8;13320;111;1;0;0
2022:08:17:06:42:00,037;0;0;23.8;130.6;131.7;0.17;0;0;16.7;16.5;14.8;13320;111;1;0;0
2022:08:17:06:43:00,026;0;0;23.5;130.6;131.5;0.18;0;0;16.7;16.5;14.8;13320;111;1;0;0
2022:08:17:06:44:00,034;0;0;25.5;130.4;131.4;0.17;0;0;16.7;16.5;14.9;13320;111;1;0;0
2022:08:17:06:45:00,023;0;0;25.3;130.4;131.7;0.18;0;0;16.7;16.5;14.9;13320;111;1;0;0
2022:08:17:06:46:00,051;0;5;25.6;130.4;131.4;0.17;0;0;16.8;16.6;14.9;13320;111;1;0;0
2022:08:17:06:47:01,320;0;5;27.2;130.6;131.7;0.17;0;0;16.8;16.6;15.0;13320;111;1;0;0
2022:08:17:06:48:01,348;1;41;37.4;130.6;131.9;0.17;0;0;16.8;16.6;15.0;13320;111;1;0;0
2022:08:17:06:49:01,357;3;93;87.2;130.4;131.4;0.12;0;9;16.7;16.7;15.1;13320;111;1;0;0
2022:08:17:06:50:01,346;3;107;93.6;131.0;132.1;0.55;33;33;17.0;17.0;15.1;13320;111;0;0;256
2022:08:17:06:51:01,374;3;101;85.2;130.8;131.7;0.55;25;23;17.3;16.9;15.1;13320;111;0;0;256
2022:08:17:06:52:01,423;3;88;77.4;130.6;131.7;0.56;6;5;17.5;17.4;15.2;13320;111;0;0;256
2022:08:17:06:53:01,511;2;61;57.3;130.6;131.5;0.18;0;0;17.6;17.5;15.2;13320;111;1;0;0
2022:08:17:06:54:01,480;3;101;88.2;130.6;131.5;0.55;18;19;17.5;17.2;15.3;13320;111;0;0;256
2022:08:17:06:55:01,528;3;92;80.3;130.6;131.5;0.56;2;3;17.6;17.6;15.3;13320;111;8;0;256
2022:08:17:06:56:00,037;2;64;54.6;130.4;131.4;0.57;0;0;17.8;17.5;15.3;13320;111;8;0;256
2022:08:17:06:57:00,386;2;80;71.5;130.4;131.4;0.56;0;2;17.7;17.5;15.4;13320;111;0;0;256
2022:08:17:06:58:00,454;3;156;136.3;130.4;131.7;0.59;86;86;17.8;17.9;15.5;13320;111;8;0;256
2022:08:17:06:59:00,523;4;177;155.8;130.6;131.7;0.67;123;127;17.9;17.9;15.5;13320;111;8;0;256
2022:08:17:07:00:00,731;3;117;103.0;130.1;131.2;0.55;25;26;18.1;17.8;15.6;13320;111;0;0;256
2022:08:17:07:01:00,160;3;105;91.6;131.2;131.9;0.56;12;13;18.2;18.1;15.6;13320;111;0;0;256
2022:08:17:07:02:00,209;3;153;132.3;131.5;132.5;0.59;84;85;18.2;18.2;15.7;13320;111;0;0;256
2022:08:17:07:03:01,357;2;77;67.1;131.2;132.1;0.57;0;0;18.3;18.1;15.8;13320;111;8;0;256
2022:08:17:07:04:00,846;2;82;76.3;130.6;131.9;0.09;0;3;18.2;18.2;15.8;13320;111;1;0;0
2022:08:17:07:05:00,874;4;128;110.6;131.5;132.1;0.59;86;87;18.1;18.3;15.9;13320;111;0;0;256
2022:08:17:07:06:01,043;2;60;55.6;130.6;131.9;0.07;0;0;18.3;18.2;15.9;13320;111;1;0;0
2022:08:17:07:07:01,031;3;111;97.3;131.2;132.4;0.55;34;37;18.2;18.0;16.0;13320;111;0;0;256
2022:08:17:07:08:01,200;4;129;111.3;131.7;132.5;0.6;93;92;18.4;18.4;16.1;13320;111;0;0;256
2022:08:17:07:09:01,308;2;81;72.4;130.8;132.1;0.57;0;2;18.4;18.5;16.1;13320;111;0;0;256
2022:08:17:07:10:01,517;3;90;79.1;131.5;131.9;0.56;4;7;18.5;18.3;16.2;13320;111;0;0;256
2022:08:17:07:11:00,026;3;135;118.7;130.8;132.1;0.56;48;51;18.5;18.6;16.2;13320;111;8;0;256
2022:08:17:07:12:00,094;3;134;117.5;131.0;132.1;0.56;48;48;18.6;18.7;16.2;13320;111;8;0;256
2022:08:17:07:13:00,183;3;114;100.0;130.8;131.7;0.55;20;21;18.7;18.5;16.2;13320;111;8;0;256
2022:08:17:07:14:00,991;2;67;58.3;130.8;132.1;0.57;0;0;18.8;18.4;16.3;13320;111;8;0;256
2022:08:17:07:15:00,980;2;83;77.1;130.6;132.3;0.18;0;3;18.6;18.6;16.3;13320;111;1;0;0
2022:08:17:07:16:00,988;3;105;92.0;130.8;131.7;0.56;24;26;18.6;18.6;16.3;13320;111;0;0;256
2022:08:17:07:17:01,057;3;119;102.4;130.8;131.5;0.56;60;62;18.7;18.6;16.3;13320;111;0;0;256
2022:08:17:07:18:01,126;3;116;100.6;130.8;131.7;0.56;50;52;18.8;18.5;16.3;13320;111;0;0;256
2022:08:17:07:19:01,134;3;115;100.6;131.0;132.1;0.56;50;51;18.9;18.8;16.4;13320;111;0;0;256
2022:08:17:07:20:00,603;4;135;116.2;131.0;132.3;0.65;112;114;18.9;19.1;16.4;13320;111;0;0;256
2022:08:17:07:21:00,851;2;80;72.0;130.4;131.4;0.56;0;2;19.0;18.9;16.4;13320;111;0;0;256
2022:08:17:07:22:00,940;3;98;86.4;130.4;131.4;0.56;5;6;19.0;18.7;16.4;13320;111;8;0;256
2022:08:17:07:23:00,908;2;69;64.6;129.5;130.8;0.09;0;0;19.1;19.1;16.4;13320;111;1;0;0
2022:08:17:07:24:01,117;3;114;98.6;131.5;132.5;0.56;45;47;18.9;19.1;16.5;13320;111;0;0;256
2022:08:17:07:25:01,466;4;125;107.3;131.5;132.7;0.58;75;80;19.1;19.1;16.5;13320;111;0;0;256
2022:08:17:07:26:00,094;5;174;147.2;131.9;133.6;1.21;266;270;19.1;18.9;16.6;13320;111;0;0;256
2022:08:17:07:27:01,463;3;108;94.6;131.9;133.3;0.56;29;32;19.3;19.0;16.5;13320;111;0;0;256
2022:08:17:07:28:00,031;3;115;99.7;132.1;133.1;0.56;49;51;19.4;19.5;16.6;13320;111;0;0;256
2022:08:17:07:29:00,440;3;88;77.3;132.4;133.0;0.57;4;5;19.4;19.4;16.6;13320;111;0;0;256
2022:08:17:07:30:00,488;3;107;93.8;132.1;133.6;0.56;12;13;19.3;19.2;16.6;13320;111;8;0;256
2022:08:17:07:31:00,557;3;122;106.7;132.1;133.4;0.56;31;32;19.4;19.2;16.7;13320;111;8;0;256
2022:08:17:07:32:00,666;3;113;98.2;131.9;133.1;0.55;33;33;19.4;19.4;16.7;13320;111;0;0;256
2022:08:17:07:33:01,474;2;70;61.7;131.7;132.5;0.57;0;0;19.5;19.5;16.8;13320;111;8;0;256
2022:08:17:07:34:01,403;3;154;134.6;132.6;133.6;0.58;79;82;19.4;19.6;16.8;13320;111;8;0;256
2022:08:17:07:35:00,031;4;188;161.9;132.1;133.4;0.86;177;178;19.4;19.3;16.9;13320;111;0;0;256
2022:08:17:07:36:00,140;3;147;128.5;132.4;133.6;0.58;83;85;19.6;19.4;16.9;13320;111;0;0;256
2022:08:17:07:37:00,268;3;138;119.3;132.4;133.0;0.57;65;66;19.6;19.6;16.9;13320;111;0;0;256
2022:08:17:07:38:01,437;3;138;120.1;132.4;133.0;0.57;65;66;19.7;19.6;17.0;13320;111;0;0;256
2022:08:17:07:39:00,186;4;166;143.4;132.8;134.2;0.69;127;125;19.6;19.8;17.0;13320;111;0;0;256
2022:08:17:07:40:00,394;4;163;142.1;132.4;133.2;0.67;119;121;19.7;19.8;17.0;13320;111;0;0;256
2022:08:17:07:41:00,663;3;117;102.4;132.4;133.2;0.56;29;31;19.8;19.7;17.0;13320;111;0;0;256
2022:08:17:07:42:00,851;3;107;92.7;132.1;132.9;0.56;15;16;19.8;19.4;17.1;13320;111;0;0;256
2022:08:17:07:43:00,880;3;101;86.9;132.4;133.0;0.56;10;9;19.8;19.7;17.1;13320;111;8;0;256
2022:08:17:07:44:01,088;3;126;110.8;131.9;133.1;0.55;34;37;19.8;20.0;17.1;13320;111;8;0;256
2022:08:17:07:45:01,037;4;178;155.6;132.6;134.2;0.68;127;127;19.8;20.1;17.2;13320;111;8;0;256
2022:08:17:07:46:01,285;4;170;148.3;132.4;133.6;0.64;108;111;19.9;20.1;17.2;13320;111;8;0;256
2022:08:17:07:47:01,414;3;98;86.7;132.1;133.4;0.56;4;6;20.0;20.0;17.2;13320;111;8;0;256
2022:08:17:07:48:01,243;4;163;142.4;132.4;133.2;0.61;93;98;19.9;19.8;17.2;13320;111;8;0;256
2022:08:17:07:49:01,331;4;163;139.3;132.4;133.2;0.85;177;181;20.0;19.8;17.3;13320;111;0;0;256
2022:08:17:07:50:01,400;3;133;115.8;132.4;133.6;0.59;84;89;20.2;20.0;17.3;13320;111;0;0;256
2022:08:17:07:51:00,668;4;142;121.8;132.6;133.4;0.65;111;111;20.2;20.3;17.3;13320;111;0;0;256
2022:08:17:07:52:01,917;4;138;118.8;132.6;133.4;0.62;102;103;20.2;20.3;17.3;13320;111;0;0;256
2022:08:17:07:53:01,545;3;128;110.8;132.1;133.1;0.57;75;74;20.2;20.4;17.3;13320;111;0;0;256
2022:08:17:07:54:00,474;3;126;109.4;131.9;132.8;0.56;68;72;20.2;20.0;17.3;13320;111;0;0;256
2022:08:17:07:55:00,243;3;137;119.6;131.9;132.3;0.56;50;52;20.2;20.0;17.3;13320;111;8;0;256
2022:08:17:07:56:00,531;3;145;126.5;132.1;132.9;0.57;62;67;20.2;20.1;17.4;13320;111;8;0;256
2022:08:17:07:57:00,460;3;136;118.6;131.9;133.1;0.56;52;52;20.3;20.3;17.4;13320;111;8;0;256
2022:08:17:07:58:00,948;3;126;110.5;131.9;132.5;0.55;36;37;20.3;20.4;17.4;13320;111;8;0;256
2022:08:17:07:59:01,037;3;160;139.2;131.9;132.5;0.6;90;92;20.3;20.5;17.5;13320;111;8;0;256
2022:08:17:08:00:01,305;3;91;81.0;131.2;132.1;0.57;0;3;20.4;20.5;17.5;13320;111;8;0;256
2022:08:17:08:01:00,134;4;200;174.2;131.9;132.8;0.88;183;189;20.3;20.3;17.5;13320;111;0;0;256
2022:08:17:08:02:00,163;3;135;117.5;131.5;132.5;0.57;58;61;20.4;20.2;17.5;13320;111;0;0;256
2022:08:17:08:03:00,451;3;105;91.7;131.2;132.4;0.56;13;14;20.4;20.1;17.6;13320;111;0;0;256
2022:08:17:08:04:01,060;3;146;127.3;131.5;132.5;0.57;76;82;20.4;20.2;17.6;13320;111;0;0;256
2022:08:17:08:05:01,348;4;171;148.2;131.9;133.1;0.7;133;134;20.4;20.2;17.6;13320;111;0;0;256
2022:08:17:08:06:01,417;5;203;174.9;132.6;133.9;1.19;262;265;20.4;20.4;17.6;13320;111;0;0;256
2022:08:17:08:07:00,125;3;115;99.8;131.9;132.5;0.56;33;35;20.6;20.7;17.6;13320;111;0;0;256
2022:08:17:08:08:01,174;3;105;92.8;131.5;132.5;0.55;16;18;20.6;20.7;17.7;13320;111;0;0;256
2022:08:17:08:09:01,223;4;153;132.1;131.9;133.3;0.67;121;124;20.5;20.8;17.7;13320;111;0;0;256
2022:08:17:08:10:01,291;3;128;111.8;131.9;132.8;0.57;62;65;20.6;20.8;17.7;13320;111;0;0;256
2022:08:17:08:11:01,360;3;135;117.1;131.7;132.7;0.57;78;80;20.6;20.7;17.8;13320;111;0;0;256
2022:08:17:08:12:00,228;3;92;81.5;131.7;132.7;0.56;5;6;20.7;20.5;17.8;13320;111;0;0;256
2022:08:17:08:13:00,957;4;169;145.7;132.1;133.6;0.82;167;169;20.6;20.5;17.8;13320;111;0;0;256
2022:08:17:08:14:01,885;5;193;166.5;132.1;133.6;1.16;253;255;20.7;20.7;17.8;13320;111;0;0;256
2022:08:17:08:15:00,174;3;138;119.9;131.9;133.3;0.57;78;86;20.8;21.0;17.8;13320;111;0;0;256
2022:08:17:08:16:01,423;5;172;148.6;131.9;133.8;1.17;254;255;20.9;20.7;17.9;13320;111;0;0;256
2022:08:17:08:17:00,931;4;143;122.4;131.9;133.3;0.72;138;139;21.0;21.0;17.9;13320;111;0;0;256
2022:08:17:08:18:01,360;4;131;112.1;131.9;133.1;0.61;95;100;21.0;21.0;17.8;13320;111;0;0;256
2022:08:17:08:19:01,228;4;123;105.7;131.5;132.9;0.57;73;72;21.0;21.1;17.9;13320;111;0;0;256
2022:08:17:08:20:00,917;3;102;88.6;131.5;132.7;0.56;22;20;20.9;21.2;17.8;13320;111;0;0;256
2022:08:17:08:21:00,445;5;164;140.1;131.9;133.8;1.03;218;220;20.9;21.1;17.9;13320;111;0;0;256
2022:08:17:08:22:00,994;4;158;134.4;131.9;133.6;0.93;195;193;20.9;21.1;17.9;13320;111;0;0;256
2022:08:17:08:23:01,343;4;140;120.1;131.7;132.5;0.67;122;125;21.0;21.1;17.9;13320;111;0;0;256
2022:08:17:08:24:00,711;3;109;95.7;131.2;131.9;0.55;33;33;21.1;21.0;17.9;13320;111;0;0;256
2022:08:17:08:25:01,300;3;116;100.0;131.2;132.1;0.56;51;52;21.1;20.9;18.0;13320;111;0;0;256
2022:08:17:08:26:00,308;4;145;124.6;131.5;132.7;0.76;148;148;21.0;20.9;18.0;13320;111;0;0;256
2022:08:17:08:27:00,957;3;121;104.1;131.5;132.1;0.56;66;67;21.1;20.9;18.0;13320;111;0;0;256
2022:08:17:08:28:00,585;3;105;93.2;131.5;132.1;0.56;11;12;21.1;21.0;18.0;13320;111;8;0;256
2022:08:17:08:29:00,094;4;179;155.6;131.5;132.5;0.68;124;126;21.0;21.2;18.1;13320;111;8;0;256
2022:08:17:08:30:00,403;4;144;124.6;131.2;131.9;0.66;115;117;21.2;21.3;18.1;13320;111;0;0;256
2022:08:17:08:31:00,751;3;100;87.0;131.5;132.1;0.56;12;13;21.2;21.3;18.1;13320;111;0;0;256
2022:08:17:08:32:01,360;2;87;80.2;130.8;131.3;0.56;0;2;21.2;21.2;18.1;13320;111;8;0;256
2022:08:17:08:33:00,268;4;155;134.2;131.9;133.1;0.7;133;137;21.2;21.5;18.2;13320;111;0;0;256
2022:08:17:08:34:01,317;3;96;83.8;131.5;132.1;0.56;9;9;21.3;21.4;18.2;13320;111;0;0;256
2022:08:17:08:35:00,685;2;65;57.6;131.2;132.1;0.57;0;0;21.4;21.4;18.2;13320;111;8;0;256
2022:08:17:08:36:00,914;4;129;120.0;131.0;132.3;0.1;9;92;21.1;21.0;18.2;13320;111;0;0;0
2022:08:17:08:37:00,023;4;149;128.2;131.0;132.6;0.81;164;161;21.2;21.2;18.3;13320;111;0;0;256
2022:08:17:08:38:00,531;4;126;108.3;131.5;132.5;0.59;84;86;21.4;21.5;18.3;13320;111;0;0;256
2022:08:17:08:39:01,320;5;167;143.1;132.1;133.9;1.08;234;232;21.4;21.6;18.3;13320;111;0;0;256
2022:08:17:08:40:00,488;4;135;115.1;132.1;133.9;0.64;109;112;21.5;21.7;18.3;13320;111;0;0;256
2022:08:17:08:41:01,297;4;145;124.7;132.1;133.9;0.78;155;148;21.4;21.7;18.4;13320;111;0;0;256
2022:08:17:08:42:01,405;4;144;123.1;131.9;133.3;0.72;139;139;21.5;21.7;18.4;13320;111;0;0;256
2022:08:17:08:43:00,414;4;125;108.2;131.7;133.0;0.58;81;83;21.5;21.4;18.4;13320;111;0;0;256
2022:08:17:08:44:00,642;5;158;134.9;132.1;133.6;0.91;191;191;21.5;21.4;18.4;13320;111;0;0;256
2022:08:17:08:45:00,851;4;142;122.0;132.4;133.6;0.69;131;136;21.5;21.5;18.4;13320;111;0;0;256
2022:08:17:08:46:00,800;3;109;94.8;131.9;132.8;0.55;36;33;21.6;21.5;18.4;13320;111;0;0;256
2022:08:17:08:47:01,408;3;93;83.9;131.7;132.5;0.56;8;9;21.6;21.5;18.4;13320;111;0;0;256
2022:08:17:08:48:00,957;3;95;82.6;131.7;132.7;0.56;12;12;21.5;21.4;18.4;13320;111;0;0;256
2022:08:17:08:49:01,465;3;106;92.2;131.7;132.5;0.55;28;29;21.6;21.5;18.4;13320;111;0;0;256
2022:08:17:08:50:00,254;1;43;48.3;131.0;132.3;0.17;0;0;21.5;21.6;18.4;13320;111;1;0;0
2022:08:17:08:51:00,542;3;95;86.4;131.7;132.5;0.56;4;5;21.4;21.3;18.5;13320;111;8;0;256
2022:08:17:08:52:21,354;3;100;87.3;131.7;132.7;0.56;5;8;21.5;21.3;18.5;13320;111;8;0;256
2022:08:17:08:53:01,200;0;0;9.4;131.7;133.0;0.17;0;0;21.6;21.5;18.5;13322;12;1;0;0
2022:08:17:08:54:01,293;0;0;19.5;131.5;133.2;0.17;0;0;21.4;21.4;18.4;13322;12;1;0;0
2022:08:17:08:55:01,374;1;31;28.9;131.2;132.7;0.16;0;0;21.2;21.2;18.4;13322;12;1;0;0
2022:08:17:08:56:00,173;0;5;31.4;131.7;133.0;0.16;0;0;21.1;21.1;18.4;13322;12;1;0;0
2022:08:17:08:57:00,675;0;0;27.2;131.5;132.9;0.17;0;0;21.0;21.0;18.4;13322;12;1;0;0
2022:08:17:08:58:01,169;1;23;27.6;131.2;132.7;0.16;0;0;20.9;21.0;18.4;13322;12;1;0;0
2022:08:17:08:59:00,938;0;5;29.3;131.7;133.0;0.16;0;0;20.9;20.9;18.4;13322;12;1;0;0
2022:08:17:09:00:00,627;1;25;29.8;131.5;132.7;0.16;0;0;20.9;20.9;18.4;13322;12;1;0;0
2022:08:17:09:01:01,195;1;26;32.0;131.5;132.9;0.16;0;0;20.8;20.9;18.4;13322;12;1;0;0
2022:08:17:09:02:00,584;1;30;33.4;131.0;132.3;0.16;0;0;20.8;20.8;18.4;13322;12;1;0;0
2022:08:17:09:03:01,092;1;21;32.4;131.7;133.0;0.16;0;0;20.8;20.8;18.4;13322;12;1;0;0
2022:08:17:09:04:00,221;0;0;28.6;131.5;132.7;0.16;0;0;20.8;20.8;18.4;13322;12;1;0;0
2022:08:17:09:05:00,929;0;0;25.2;131.7;133.0;0.16;0;0;20.8;20.8;18.5;13322;12;1;0;0
2022:08:17:09:06:00,918;1;27;28.0;131.5;132.9;0.16;0;0;20.8;20.8;18.5;13322;12;1;0;0
2022:08:17:09:07:00,127;1;35;32.9;131.2;132.7;0.16;0;0;20.8;20.8;18.5;13322;12;1;0;0
2022:08:17:09:08:00,375;1;41;37.9;131.0;132.9;0.16;0;0;20.8;20.9;18.6;13322;12;1;0;0
2022:08:17:09:09:00,624;3;113;97.9;131.5;132.7;0.55;40;43;20.8;20.7;18.7;13322;12;0;0;256
2022:08:17:09:10:00,752;3;109;94.5;131.2;132.4;0.55;31;33;21.2;21.1;18.7;13322;12;0;0;256
2022:08:17:09:11:00,941;3;113;97.8;131.5;132.7;0.55;41;43;21.4;21.4;18.9;13322;12;0;0;256
2022:08:17:09:12:01,009;3;121;104.7;131.5;132.7;0.57;66;67;21.6;21.7;19.0;13322;12;0;0;256
2022:08:17:09:13:01,198;2;80;73.8;131.2;132.4;0.57;0;1;21.8;21.9;19.1;13322;12;8;0;256
2022:08:17:09:14:01,587;2;84;73.1;131.5;132.5;0.57;0;2;21.9;22.0;19.2;13322;12;8;0;256
2022:08:17:09:15:00,675;4;193;167.4;131.5;133.2;0.79;159;163;21.9;22.0;19.3;13322;12;8;0;256
2022:08:17:09:16:00,964;3;121;105.2;131.5;132.1;0.55;30;30;22.2;22.3;19.4;13322;12;8;0;256
2022:08:17:09:17:00,772;3;132;115.4;131.7;132.7;0.55;46;46;22.2;22.4;19.5;13322;12;8;0;256
2022:08:17:09:18:00,561;3;105;91.9;131.5;131.9;0.56;10;12;22.3;22.4;19.6;13322;12;8;0;256
2022:08:17:09:19:00,369;3;127;111.2;131.2;132.1;0.55;37;39;22.4;22.5;19.6;13322;12;8;0;256
2022:08:17:09:20:01,478;3;127;110.7;131.5;132.5;0.55;37;37;22.4;22.6;19.6;13322;12;8;0;256
2022:08:17:09:21:00,287;3;121;105.5;131.5;132.1;0.55;28;30;22.4;22.6;19.7;13322;12;8;0;256
2022:08:17:09:22:00,215;3;132;115.0;131.2;132.4;0.55;44;45;22.4;22.6;19.7;13322;12;8;0;256
2022:08:17:09:23:01,144;3;143;124.9;131.5;132.9;0.57;61;64;22.5;22.6;19.7;13322;12;8;0;256
2022:08:17:09:24:00,572;3;149;129.2;131.5;132.7;0.58;73;71;22.5;22.7;19.7;13322;12;8;0;256
2022:08:17:09:25:00,881;3;120;104.4;131.5;132.5;0.55;24;27;22.5;22.5;19.7;13322;12;8;0;256
2022:08:17:09:26:00,449;4;207;179.2;131.7;133.0;0.95;203;212;22.4;22.6;19.8;13322;12;0;0;256
2022:08:17:09:27:00,798;5;192;163.2;131.7;133.5;1.19;261;262;22.6;22.6;19.9;13322;12;0;0;256
2022:08:17:09:28:01,006;4;149;127.7;131.5;133.2;0.75;145;146;22.8;22.6;19.9;13322;12;0;0;256
2022:08:17:09:29:00,155;3;83;72.8;131.2;132.4;0.56;2;3;22.8;22.7;20.0;13322;12;0;0;256
2022:08:17:09:30:01,044;4;130;112.5;131.5;132.7;0.58;80;85;22.8;22.7;20.1;13322;12;0;0;256
2022:08:17:09:31:01,532;3;105;92.2;131.0;131.9;0.55;12;12;22.8;22.9;20.2;13322;12;8;0;256
2022:08:17:09:32:00,301;2;65;60.0;130.6;131.7;0.16;0;0;22.9;23.1;20.3;13322;12;1;0;0
2022:08:17:09:33:00,749;2;85;77.2;131.2;132.1;0.57;0;2;22.9;22.9;20.5;13322;12;8;0;256
2022:08:17:09:34:00,918;3;98;91.6;130.4;131.7;0.16;0;14;22.9;23.1;20.6;13322;12;1;0;0
2022:08:17:09:35:00,287;3;100;87.3;131.0;132.1;0.56;16;17;23.0;23.2;20.6;13322;12;0;0;256
2022:08:17:09:36:01,475;2;63;54.1;131.0;131.9;0.56;0;0;23.2;23.4;20.7;13322;12;8;0;256
2022:08:17:09:37:00,444;3;124;107.6;130.8;131.7;0.53;34;34;23.2;23.5;20.7;13322;12;8;0;256
2022:08:17:09:38:01,352;2;80;69.3;131.0;131.9;0.58;0;1;23.3;23.3;20.7;13322;12;8;0;256
2022:08:17:09:39:00,301;2;58;53.7;130.6;131.9;0.16;0;0;23.4;23.5;20.7;13322;12;1;0;0
2022:08:17:09:40:01,509;3;104;90.7;130.8;131.7;0.55;22;24;23.2;23.2;20.8;13322;12;0;0;256
2022:08:17:09:41:00,298;2;61;56.3;130.8;132.1;0.16;0;0;23.4;23.5;20.8;13322;12;1;0;0
2022:08:17:09:42:00,486;4;150;128.4;131.2;132.4;0.8;163;164;23.4;23.6;20.9;13322;12;0;0;256
2022:08:17:09:43:00,555;3;111;96.3;131.0;132.3;0.55;36;37;23.5;23.8;20.9;13322;12;0;0;256
2022:08:17:09:44:00,664;4;155;133.4;131.5;132.9;0.87;180;183;23.5;23.7;20.9;13322;12;0;0;256
2022:08:17:09:45:01,112;2;69;60.8;131.2;132.1;0.56;0;0;23.6;23.5;20.9;13322;12;8;0;256
2022:08:17:09:46:00,381;3;143;124.4;131.0;132.1;0.56;60;63;23.5;23.5;20.9;13322;12;8;0;256
2022:08:17:09:47:00,769;3;109;95.1;130.8;132.3;0.55;13;15;23.6;23.7;20.8;13322;12;8;0;256
2022:08:17:09:48:01,238;3;107;94.0;130.8;131.5;0.55;14;14;23.6;23.8;20.8;13322;12;8;0;256
2022:08:17:09:49:00,266;3;108;94.0;131.0;132.1;0.56;12;13;23.6;23.8;20.8;13322;12;8;0;256
2022:08:17:09:50:00,595;3;107;95.4;131.0;131.9;0.55;11;13;23.6;23.8;20.8;13322;12;8;0;256
2022:08:17:09:51:00,884;3;91;79.3;131.0;131.9;0.56;2;3;23.6;23.5;20.8;13322;12;8;0;256
2022:08:17:09:52:01,252;2;83;74.1;130.8;131.7;0.56;1;1;23.6;23.5;20.8;13322;12;8;0;256
2022:08:17:09:53:00,061;2;71;65.1;130.8;131.7;0.56;0;0;23.6;23.5;20.8;13322;12;8;0;256
2022:08:17:09:54:00,469;2;76;71.0;130.1;131.8;0.16;0;1;23.5;23.6;20.8;13322;12;1;0;0
2022:08:17:09:55:00,758;3;95;83.0;131.0;131.5;0.55;12;12;23.4;23.5;20.8;13322;12;0;0;256
2022:08:17:09:56:00,906;2;61;52.7;130.6;131.9;0.56;0;0;23.5;23.6;20.8;13322;12;8;0;256
2022:08:17:09:57:01,235;3;103;93.1;130.6;131.5;0.55;9;10;23.5;23.4;20.9;13322;12;8;0;256
2022:08:17:09:58:01,184;3;102;90.1;130.6;131.7;0.57;7;9;23.7;23.5;20.9;13322;12;8;0;256
2022:08:17:09:59:01,292;3;109;94.8;130.4;131.4;0.55;14;15;23.7;23.8;20.9;13322;12;8;0;256
2022:08:17:10:00:01,501;3;108;94.7;130.8;131.7;0.55;12;14;23.8;24.0;21.0;13322;12;8;0;256
2022:08:17:10:01:00,029;2;75;69.1;130.6;131.5;0.56;0;0;23.9;24.0;21.0;13322;12;8;0;256
2022:08:17:10:02:00,098;3;119;103.8;130.6;131.9;0.53;26;27;23.9;24.1;21.1;13322;12;8;0;256
2022:08:17:10:03:00,106;3;101;88.7;130.4;131.4;0.55;7;9;24.0;23.9;21.2;13322;12;8;0;256
2022:08:17:10:04:00,475;3;88;79.0;130.4;131.7;0.56;1;3;24.1;23.9;21.3;13322;12;8;0;256
2022:08:17:10:05:00,744;3;113;98.1;130.6;131.7;0.55;18;19;24.1;24.2;21.3;13322;12;8;0;256
2022:08:17:10:06:01,112;3;115;100.3;130.6;131.9;0.55;21;22;24.2;24.4;21.4;13322;12;8;0;256
2022:08:17:10:07:00,061;3;91;79.1;130.1;131.4;0.57;2;3;24.3;24.4;21.6;13322;12;8;0;256
2022:08:17:10:08:00,389;2;53;53.5;130.4;131.9;0.16;0;0;24.4;24.5;21.8;13322;12;1;0;0
2022:08:17:10:09:00,538;2;83;72.8;130.6;131.7;0.56;2;3;24.3;24.2;22.0;13322;12;0;0;256
2022:08:17:10:10:00,906;2;67;59.2;130.4;131.7;0.56;0;0;24.5;24.7;22.2;13322;12;8;0;256
2022:08:17:10:11:01,295;1;45;54.6;130.4;131.7;0.16;0;0;24.5;24.7;22.4;13322;12;1;0;0
2022:08:17:10:12:01,323;2;51;58.4;130.1;131.8;0.14;0;0;24.5;24.8;22.7;13322;12;1;0;0
2022:08:17:10:13:01,052;3;107;100.6;130.4;131.7;0.16;0;29;24.5;24.9;23.0;13322;12;1;0;0
2022:08:17:10:14:00,701;1;30;60.0;130.4;131.9;0.14;0;0;24.7;25.1;23.3;13322;12;1;0;0
2022:08:17:10:15:00,809;0;5;39.3;130.4;131.4;0.14;0;0;24.8;25.2;23.4;13322;12;1;0;0
2022:08:17:10:16:00,938;0;0;29.7;130.4;131.7;0.14;0;0;24.9;25.2;23.6;13322;12;1;0;0
2022:08:17:10:17:00,906;0;0;24.9;130.6;131.5;0.16;0;0;25.0;25.3;23.8;13322;12;1;0;0
2022:08:17:10:18:01,195;0;5;25.7;130.4;131.7;0.16;0;0;25.0;25.3;23.9;13322;12;1;0;0
2022:08:17:10:19:01,343;1;39;35.8;130.4;131.1;0.14;0;0;25.0;25.3;23.9;13322;12;1;0;0
2022:08:17:10:20:01,352;1;40;38.7;130.1;131.4;0.16;0;0;24.9;25.3;23.9;13322;12;1;0;0
2022:08:17:10:21:01,501;2;54;50.1;130.4;131.7;0.14;0;0;24.9;25.3;23.9;13322;12;1;0;0
2022:08:17:10:22:00,049;4;135;115.8;130.6;131.7;0.64;109;111;25.0;25.2;24.0;13322;12;0;0;256
2022:08:17:10:23:01,158;4;120;103.3;130.4;131.4;0.55;62;62;25.4;25.9;24.0;13322;12;0;0;256
2022:08:17:10:24:00,226;3;97;84.3;130.6;131.7;0.55;13;14;25.5;25.8;23.9;13322;12;0;0;256
2022:08:17:10:25:00,655;3;93;81.4;130.4;130.9;0.55;9;10;25.7;25.9;23.9;13322;12;0;0;256
2022:08:17:10:26:01,443;3;111;95.3;130.4;131.1;0.53;34;36;25.8;25.9;23.9;13322;12;0;0;256
2022:08:17:10:27:00,652;3;110;95.3;130.4;131.4;0.55;35;34;25.9;25.9;23.9;13322;12;0;0;256
2022:08:17:10:28:01,021;4;126;107.3;130.6;131.7;0.57;81;81;25.9;26.4;23.9;13322;12;0;0;256
2022:08:17:10:29:00,929;3;114;98.6;130.4;131.1;0.55;44;46;26.0;26.1;23.9;13322;12;0;0;256
2022:08:17:10:30:01,438;3;114;98.4;130.8;132.1;0.55;45;46;26.0;26.2;23.9;13322;12;0;0;256
2022:08:17:10:31:00,266;3;121;104.2;130.8;132.1;0.56;63;62;26.0;26.4;24.0;13322;12;0;0;256
2022:08:17:10:32:00,855;3;87;74.7;131.0;131.9;0.56;0;4;26.1;26.2;24.1;13322;12;0;0;256
2022:08:17:10:33:00,763;2;61;53.2;131.0;132.1;0.55;0;0;26.3;26.4;24.3;13322;12;8;0;256
2022:08:17:10:34:00,772;1;32;46.4;130.8;132.1;0.14;0;0;26.2;26.5;24.5;13322;12;1;0;0
2022:08:17:10:35:00,881;1;19;36.6;130.8;132.1;0.14;0;0;26.1;26.4;24.6;13322;12;1;0;0
2022:08:17:10:36:00,809;0;0;29.8;130.8;132.1;0.14;0;0;26.1;26.4;24.7;13322;12;1;0;0
2022:08:17:10:37:00,778;0;0;25.7;130.8;132.3;0.14;0;0;26.2;26.5;24.8;13322;12;1;0;0
2022:08:17:10:38:00,846;0;0;23.7;130.6;131.7;0.14;0;0;26.2;26.5;24.9;13322;12;1;0;0
2022:08:17:10:39:00,855;0;0;23.0;130.8;132.1;0.14;0;0;26.3;26.6;24.9;13322;12;1;0;0
2022:08:17:10:40:01,063;0;0;22.9;130.6;131.5;0.14;0;0;26.3;26.6;25.0;13322;12;1;0;0
2022:08:17:10:41:01,092;0;0;22.8;130.6;131.7;0.14;0;0;26.4;26.7;25.0;13322;12;1;0;0
2022:08:17:10:42:01,121;0;0;22.8;130.6;131.2;0.14;0;0;26.5;26.8;25.1;13322;12;1;0;0
2022:08:17:10:43:01,069;0;0;22.8;130.6;131.5;0.14;0;0;26.5;26.8;25.1;13322;12;1;0;0
2022:08:17:10:44:01,158;0;0;22.8;130.8;132.1;0.14;0;0;26.6;26.9;25.1;13322;12;1;0;0
2022:08:17:10:45:01,066;0;0;22.8;130.8;131.7;0.14;0;0;26.7;27.0;25.2;13322;12;1;0;0
2022:08:17:10:46:01,075;0;0;22.8;130.6;131.9;0.14;0;0;26.8;27.0;25.3;13322;12;1;0;0
2022:08:17:10:47:01,123;0;0;22.8;130.8;131.7;0.14;0;0;26.9;27.1;25.3;13322;12;1;0;0
2022:08:17:10:48:00,552;0;0;22.8;130.6;131.7;0.14;0;0;26.9;27.1;25.4;13322;12;1;0;0
2022:08:17:10:49:01,601;0;0;22.8;130.6;131.7;0.14;0;0;27.0;27.2;25.5;13322;12;1;0;0
2022:08:17:10:50:00,989;0;0;22.8;130.4;131.7;0.14;0;0;27.0;27.3;25.7;13322;12;1;0;0
2022:08:17:10:51:00,118;0;0;22.7;130.4;131.7;0.14;0;0;27.1;27.3;25.9;13322;12;1;0;0
2022:08:17:10:52:00,146;0;0;22.7;130.4;131.4;0.14;0;0;27.3;27.5;26.0;13322;12;1;0;0
2022:08:17:10:53:00,195;0;0;22.7;130.4;131.7;0.14;0;0;27.4;27.6;26.0;13322;12;1;0;0
2022:08:17:10:54:00,183;0;0;22.7;130.4;131.1;0.14;0;0;27.5;27.7;26.2;13322;12;1;0;0
2022:08:17:10:55:00,272;0;0;22.7;130.4;131.4;0.14;0;0;27.7;27.8;26.3;13322;12;1;0;0
2022:08:17:10:56:00,282;0;0;22.7;130.4;131.4;0.14;0;0;27.8;27.9;26.5;13322;12;1;0;0
2022:08:17:10:57:00,529;0;0;22.7;130.6;131.7;0.14;0;0;27.8;28.0;26.6;13322;12;1;0;0
2022:08:17:10:58:00,478;0;0;22.8;130.6;131.7;0.14;0;0;27.8;28.0;26.7;13322;12;1;0;0
2022:08:17:10:59:00,846;0;0;22.7;130.4;131.4;0.14;0;0;27.8;28.1;26.8;13322;12;1;0;0
2022:08:17:11:00:23,178;0;0;22.7;130.4;131.4;0.14;0;0;27.8;28.1;26.9;13322;12;1;0;0
2022:08:17:11:01:00,183;0;0;22.7;130.4;131.4;0.14;0;0;27.8;28.1;26.9;13322;12;1;0;0
2022:08:17:11:02:00,472;0;0;22.7;130.6;131.7;0.14;0;0;27.8;28.1;26.9;13322;12;1;0;0
2022:08:17:11:03:00,601;0;0;22.7;130.6;131.9;0.14;0;0;27.8;28.1;27.0;13322;12;1;0;0
2022:08:17:11:04:00,389;0;0;22.7;130.4;131.7;0.14;0;0;27.9;28.1;27.1;13322;12;1;0;0
2022:08:17:11:05:00,458;0;0;22.6;130.4;131.7;0.14;0;0;27.9;28.2;27.2;13322;12;1;0;0
2022:08:17:11:06:00,486;0;0;22.7;130.4;131.9;0.14;0;0;28.0;28.4;27.4;13322;12;1;0;0
2022:08:17:11:07:00,615;0;0;22.7;130.1;131.8;0.14;0;0;28.2;28.5;27.6;13322;12;1;0;0
2022:08:17:11:08:00,643;0;0;22.6;130.4;131.4;0.14;0;0;28.4;28.7;27.8;13322;12;1;0;0
2022:08:17:11:09:00,572;0;0;22.6;130.1;131.8;0.14;0;0;28.7;29.0;27.9;13322;12;1;0;0
2022:08:17:11:10:00,621;0;0;22.6;130.4;131.7;0.14;0;0;28.9;29.2;28.1;13322;12;1;0;0
2022:08:17:11:11:00,649;0;0;22.6;130.4;131.7;0.14;0;0;29.0;29.4;28.2;13322;12;1;0;0
2022:08:17:11:12:00,678;0;0;22.6;130.4;131.4;0.14;0;0;29.2;29.6;28.4;13322;12;1;0;0
2022:08:17:11:13:00,846;0;0;22.6;130.1;131.2;0.14;0;0;29.3;29.6;28.5;13322;12;1;0;0
2022:08:17:11:14:00,955;0;0;22.7;130.4;131.4;0.14;0;0;29.4;29.7;28.5;13322;12;1;0;0
2022:08:17:11:15:01,223;0;0;22.7;130.1;131.8;0.14;0;0;29.5;29.7;28.6;13322;12;1;0;0
2022:08:17:11:16:01,152;0;0;22.7;130.6;131.9;0.16;0;0;29.5;29.7;28.5;13322;12;1;0;0
2022:08:17:11:17:01,300;0;0;22.7;130.4;131.7;0.14;0;0;29.5;29.7;28.5;13322;12;1;0;0
2022:08:17:11:18:01,269;0;0;22.7;130.6;132.3;0.14;0;0;29.5;29.7;28.5;13322;12;1;0;0
2022:08:17:11:19:01,278;0;0;22.7;130.4;131.4;0.14;0;0;29.6;29.7;28.4;13322;12;1;0;0
2022:08:17:11:20:01,246;0;0;22.7;130.4;131.4;0.14;0;0;29.6;29.7;28.4;13322;12;1;0;0
2022:08:17:11:21:01,055;0;0;22.7;130.1;131.8;0.14;0;0;29.6;29.6;28.4;13322;12;1;0;0
2022:08:17:11:22:01,123;0;0;22.7;130.4;131.7;0.14;0;0;29.5;29.6;28.4;13322;12;1;0;0
2022:08:17:11:23:01,212;0;0;22.6;130.4;131.7;0.14;0;0;29.5;29.6;28.4;13322;12;1;0;0
2022:08:17:11:24:00,700;0;0;22.6;130.1;131.2;0.14;0;0;29.6;29.6;28.4;13322;12;1;0;0
2022:08:17:11:25:00,549;0;0;22.6;130.1;132.0;0.14;0;0;29.6;29.6;28.4;13322;12;1;0;0
2022:08:17:11:26:00,118;0;0;22.7;130.1;131.8;0.14;0;0;29.6;29.6;28.5;13322;12;1;0;0
2022:08:17:11:27:00,026;0;0;22.6;130.1;131.8;0.14;0;0;29.6;29.6;28.5;13322;12;1;0;0
2022:08:17:11:28:01,455;0;0;22.7;130.1;131.8;0.14;0;0;29.6;29.6;28.5;13322;12;1;0;0
2022:08:17:11:29:01,463;0;0;22.7;130.4;131.4;0.14;0;0;29.6;29.6;28.5;13322;12;1;0;0
2022:08:17:11:30:01,472;0;0;22.7;130.1;131.8;0.14;0;0;29.6;29.6;28.5;13322;12;1;0;0
2022:08:17:11:31:01,520;0;0;22.7;130.1;131.8;0.14;0;0;29.6;29.6;28.6;13322;12;1;0;0
2022:08:17:11:32:01,469;0;0;22.7;130.1;131.8;0.14;0;0;29.7;29.7;28.7;13322;12;1;0;0
2022:08:17:11:33:01,298;0;0;22.7;130.4;131.4;0.14;0;0;29.7;29.8;28.9;13322;12;1;0;0
2022:08:17:11:34:00,526;0;0;22.6;130.1;131.4;0.14;0;0;29.8;29.9;29.0;13322;12;1;0;0
2022:08:17:11:35:00,895;0;0;22.6;129.9;131.2;0.14;0;0;29.9;29.9;29.1;13322;12;1;0;0
2022:08:17:11:36:00,343;0;0;22.6;129.9;131.4;0.14;0;0;29.9;30.0;29.2;13322;12;1;0;0
2022:08:17:11:37:00,292;0;0;22.7;130.1;131.4;0.14;0;0;30.0;30.1;29.2;13322;12;1;0;0
2022:08:17:11:38:00,280;0;0;22.6;130.1;131.2;0.14;0;0;30.1;30.1;29.3;13322;12;1;0;0
2022:08:17:11:39:00,409;0;0;22.6;130.1;131.8;0.14;0;0;30.1;30.2;29.3;13322;12;1;0;0
2022:08:17:11:40:00,438;0;0;22.6;129.9;131.6;0.14;0;0;30.2;30.3;29.3;13322;12;1;0;0
2022:08:17:11:41:00,146;0;0;22.6;130.1;131.4;0.13;0;0;30.2;30.3;29.3;13322;12;1;0;0
2022:08:17:11:42:00,715;0;0;22.6;130.1;131.4;0.14;0;0;30.2;30.3;29.3;13322;12;1;0;0
2022:08:17:11:43:01,223;0;0;22.6;130.1;131.8;0.14;0;0;30.3;30.4;29.3;13322;12;1;0;0
2022:08:17:11:44:00,012;0;0;22.6;130.4;131.7;0.14;0;0;30.4;30.4;29.3;13322;12;1;0;0
2022:08:17:11:45:01,460;0;0;22.7;130.4;131.9;0.14;0;0;30.4;30.4;29.3;13322;12;1;0;0
2022:08:17:11:46:01,489;0;0;22.7;130.4;131.4;0.14;0;0;30.4;30.4;29.2;13322;12;1;0;0
2022:08:17:11:47:01,478;0;0;22.8;130.6;131.9;0.14;0;0;30.4;30.4;29.1;13322;12;1;0;0
2022:08:17:11:48:00,025;0;0;22.8;130.4;131.9;0.14;0;0;30.4;30.4;29.1;13322;12;1;0;0
2022:08:17:11:49:00,155;0;0;22.7;130.4;131.4;0.14;0;0;30.4;30.4;29.0;13322;12;1;0;0
2022:08:17:11:50:00,423;0;0;22.8;130.4;131.4;0.14;0;0;30.4;30.4;29.0;13322;12;1;0;0
2022:08:17:11:51:00,372;0;0;22.8;130.4;131.1;0.14;0;0;30.4;30.4;29.0;13322;12;1;0;0
2022:08:17:11:52:00,400;0;0;22.8;130.6;132.3;0.14;0;0;30.4;30.4;28.9;13322;12;1;0;0
2022:08:17:11:53:01,109;0;0;22.8;130.6;131.9;0.14;0;0;30.4;30.3;28.8;13322;12;1;0;0
2022:08:17:11:54:00,598;0;0;22.8;130.6;131.9;0.14;0;0;30.4;30.3;28.8;13322;12;1;0;0
2022:08:17:11:55:00,606;0;0;22.8;130.6;131.9;0.14;0;0;30.4;30.3;28.7;13322;12;1;0;0
2022:08:17:11:56:00,655;0;0;22.9;130.8;132.1;0.14;0;0;30.4;30.3;28.7;13322;12;1;0;0
2022:08:17:11:57:00,643;0;0;22.9;130.8;132.3;0.14;0;0;30.3;30.3;28.6;13322;12;1;0;0
2022:08:17:11:58:00,672;0;0;22.9;130.8;132.1;0.14;0;0;30.3;30.2;28.6;13322;12;1;0;0
2022:08:17:11:59:00,760;0;0;22.9;130.6;131.7;0.14;0;0;30.3;30.2;28.5;13322;12;1;0;0
2022:08:17:12:00:00,849;0;0;22.8;130.6;131.7;0.14;0;0;30.3;30.2;28.5;13322;12;1;0;0
2022:08:17:12:01:00,958;0;0;22.8;130.1;131.4;0.14;0;0;30.2;30.1;28.4;13322;12;1;0;0
2022:08:17:12:02:01,086;0;0;22.7;130.4;131.7;0.14;0;0;30.2;30.1;28.3;13322;12;1;0;0
2022:08:17:12:03:01,235;0;0;22.8;130.6;131.7;0.14;0;0;30.1;30.0;28.2;13322;12;1;0;0
2022:08:17:12:04:01,283;0;0;22.7;130.1;132.0;0.14;0;0;30.1;29.9;28.2;13322;12;1;0;0
2022:08:17:12:05:01,112;0;0;22.7;130.4;131.7;0.14;0;0;30.0;29.9;28.2;13322;12;1;0;0
2022:08:17:12:06:01,100;0;0;22.7;130.4;131.7;0.14;0;0;30.0;29.8;28.2;13322;12;1;0;0
2022:08:17:12:07:01,029;0;0;22.7;130.6;131.7;0.14;0;0;30.0;29.9;28.2;13322;12;1;0;0
2022:08:17:12:08:01,077;0;0;22.8;130.6;131.9;0.14;0;0;30.1;29.9;28.2;13322;12;1;0;0
2022:08:17:12:09:01,266;0;0;22.8;130.6;131.9;0.14;0;0;30.2;30.0;28.3;13322;12;1;0;0
2022:08:17:12:10:01,035;0;0;22.8;130.8;131.7;0.16;0;0;30.2;30.1;28.3;13322;12;1;0;0
2022:08:17:12:11:00,383;0;0;22.8;130.6;131.9;0.14;0;0;30.3;30.2;28.4;13322;12;1;0;0
2022:08:17:12:12:00,432;0;0;22.8;130.8;132.1;0.14;0;0;30.3;30.2;28.4;13322;12;1;0;0
2022:08:17:12:13:00,380;0;0;22.8;130.8;132.3;0.14;0;0;30.4;30.2;28.4;13322;12;1;0;0
2022:08:17:12:14:00,529;0;0;22.8;130.8;132.5;0.14;0;0;30.3;30.2;28.4;13322;12;1;0;0
2022:08:17:12:15:00,417;0;0;22.8;130.6;132.3;0.14;0;0;30.3;30.2;28.4;13322;12;1;0;0
2022:08:17:12:16:00,646;0;0;22.9;131.0;132.3;0.16;0;0;30.3;30.2;28.4;13322;12;1;0;0
2022:08:17:12:17:00,995;0;0;22.9;130.8;132.3;0.14;0;0;30.3;30.2;28.4;13322;12;1;0;0
2022:08:17:12:18:00,963;0;0;22.9;130.8;132.5;0.14;0;0;30.3;30.1;28.3;13322;12;1;0;0
2022:08:17:12:19:00,792;0;0;22.9;130.8;132.1;0.14;0;0;30.2;30.1;28.2;13322;12;1;0;0
2022:08:17:12:20:00,299;0;0;22.9;131.0;132.6;0.14;0;0;30.1;29.9;28.0;13322;12;1;0;0
2022:08:17:12:21:00,368;0;0;22.9;130.8;132.1;0.14;0;0;30.0;29.8;27.9;13322;12;1;0;0
2022:08:17:12:22:02,277;0;0;22.9;130.8;132.1;0.14;0;0;29.9;29.6;27.8;13322;12;1;0;0
2022:08:17:12:23:00,586;0;0;22.9;130.6;131.9;0.14;0;0;29.8;29.6;27.7;13322;12;1;0;0
2022:08:17:12:24:00,695;0;0;22.9;130.8;132.3;0.14;0;0;29.7;29.5;27.5;13322;12;1;0;0
2022:08:17:12:25:00,783;0;0;22.9;131.0;132.1;0.14;0;0;29.6;29.3;27.3;13322;12;1;0;0
2022:08:17:12:26:00,832;0;0;22.9;130.8;132.3;0.14;0;0;29.5;29.1;27.1;13322;12;1;0;0
2022:08:17:12:27:00,660;0;0;22.9;131.0;132.3;0.16;0;0;29.3;28.9;26.9;13322;12;1;0;0
2022:08:17:12:28:00,929;0;0;23.0;131.0;132.1;0.14;0;0;29.2;28.8;26.8;13322;12;1;0;0
2022:08:17:12:29:00,396;0;0;23.0;131.0;132.3;0.14;0;0;29.0;28.6;26.6;13322;12;1;0;0
2022:08:17:12:30:00,545;0;0;22.9;131.0;132.6;0.14;0;0;28.9;28.5;26.5;13322;12;1;0;0
2022:08:17:12:31:00,294;0;0;22.9;130.8;132.1;0.14;0;0;28.9;28.5;26.4;13322;12;1;0;0
2022:08:17:12:32:00,242;0;0;22.9;130.8;132.1;0.17;0;0;28.8;28.4;26.3;13322;12;1;0;0
2022:08:17:12:33:00,271;0;0;22.9;130.6;131.7;0.14;0;0;28.7;28.3;26.2;13322;12;1;0;0
2022:08:17:12:34:00,680;0;0;22.9;130.4;131.7;0.14;0;0;28.7;28.3;26.1;13322;12;1;0;0
2022:08:17:12:35:00,769;0;0;22.9;130.6;131.7;0.14;0;0;28.6;28.2;26.0;13322;12;1;0;0
2022:08:17:12:36:00,997;0;0;22.9;130.6;131.9;0.14;0;0;28.5;28.1;25.9;13322;12;1;0;0
2022:08:17:12:37:01,366;0;0;22.9;130.8;132.1;0.14;0;0;28.4;28.0;25.8;13322;12;1;0;0
2022:08:17:12:38:00,775;0;0;22.9;131.0;132.3;0.14;0;0;28.3;27.9;25.7;13322;12;1;0;0
2022:08:17:12:39:01,303;0;0;22.9;131.0;132.3;0.14;0;0;28.2;27.8;25.6;13322;12;1;0;0
2022:08:17:12:40:00,071;0;0;23.0;131.2;132.7;0.14;0;0;28.1;27.8;25.5;13322;12;1;0;0
2022:08:17:12:41:00,259;0;0;23.0;131.5;132.9;0.14;0;0;28.1;27.8;25.4;13322;12;1;0;0
2022:08:17:12:42:00,508;0;0;23.0;131.7;132.7;0.14;0;0;28.0;27.7;25.3;13322;12;1;0;0
2022:08:17:12:43:00,737;0;0;23.0;131.2;132.9;0.14;0;0;27.9;27.7;25.2;13322;12;1;0;0
2022:08:17:12:44:01,066;0;0;23.0;131.2;132.7;0.14;0;0;27.9;27.6;25.2;13322;12;1;0;0
2022:08:17:12:45:01,315;0;0;23.0;131.0;132.9;0.14;0;0;27.9;27.6;25.1;13322;12;1;0;0
2022:08:17:12:46:00,082;0;0;23.0;131.2;132.9;0.14;0;0;27.8;27.6;25.1;13322;12;1;0;0
2022:08:17:12:47:01,552;0;0;23.0;130.8;132.3;0.14;0;0;27.8;27.5;25.0;13322;12;1;0;0
2022:08:17:12:48:00,659;0;0;22.9;130.8;132.1;0.14;0;0;27.8;27.5;25.0;13322;12;1;0;0
2022:08:17:12:49:00,068;0;0;22.9;130.8;132.1;0.14;0;0;27.8;27.5;25.0;13322;12;1;0;0
2022:08:17:12:50:01,277;0;0;22.8;130.6;132.3;0.14;0;0;27.8;27.5;25.0;13322;12;1;0;0
2022:08:17:12:51:00,805;0;0;22.8;130.6;132.3;0.14;0;0;27.8;27.5;24.9;13322;12;1;0;0
2022:08:17:12:52:01,314;0;0;22.8;130.8;132.3;0.14;0;0;27.8;27.5;24.9;13322;12;1;0;0
2022:08:17:12:53:00,402;0;0;22.8;130.6;131.9;0.14;0;0;27.8;27.5;24.8;13322;12;1;0;0
2022:08:17:12:54:00,191;0;0;22.8;130.8;132.1;0.14;0;0;27.8;27.5;24.8;13322;12;1;0;0
2022:08:17:12:55:00,419;0;0;22.8;130.8;132.3;0.14;0;0;27.7;27.4;24.7;13322;12;1;0;0
2022:08:17:12:56:00,448;0;0;22.8;130.8;132.3;0.14;0;0;27.7;27.4;24.7;13322;12;1;0;0
2022:08:17:12:57:00,076;0;0;22.9;130.8;132.1;0.14;0;0;27.6;27.3;24.6;13322;12;1;0;0
2022:08:17:12:58:00,926;0;0;22.9;130.8;132.1;0.14;0;0;27.5;27.2;24.5;13322;12;1;0;0
2022:08:17:12:59:00,994;0;0;22.9;130.8;132.1;0.14;0;0;27.5;27.1;24.5;13322;12;1;0;0
2022:08:17:13:00:01,343;0;0;22.9;130.8;132.3;0.16;0;0;27.4;27.1;24.4;13322;12;1;0;0
2022:08:17:13:01:00,111;0;0;22.9;130.6;131.9;0.14;0;0;27.3;27.0;24.3;13322;12;1;0;0
2022:08:17:13:02:00,219;0;0;22.8;130.6;131.7;0.18;0;0;27.3;26.9;24.3;13322;12;1;0;0
2022:08:17:13:03:00,089;0;0;22.8;130.4;131.7;0.14;0;0;27.2;26.9;24.2;13322;12;1;0;0
2022:08:17:13:04:01,377;0;0;22.8;130.6;131.7;0.14;0;0;27.1;26.8;24.2;13322;12;1;0;0
2022:08:17:13:05:00,545;0;0;22.8;130.6;131.9;0.14;0;0;27.1;26.8;24.1;13322;12;1;0;0
2022:08:17:13:06:00,673;0;0;22.7;130.6;131.9;0.14;0;0;27.0;26.7;24.1;13322;12;1;0;0
2022:08:17:13:07:00,682;0;0;22.8;130.1;131.8;0.14;0;0;27.0;26.7;24.0;13322;12;1;0;0
2022:08:17:13:08:00,851;0;0;22.7;130.1;131.4;0.14;0;0;26.9;26.6;23.9;13322;12;1;0;0
2022:08:17:13:09:00,999;0;0;22.7;130.1;131.4;0.14;0;0;26.9;26.6;23.9;13322;12;1;0;0
2022:08:17:13:10:01,089;0;0;22.7;129.9;131.4;0.14;0;0;26.8;26.5;23.8;13322;12;1;0;0
2022:08:17:13:11:01,157;0;0;22.6;130.1;131.8;0.14;0;0;26.8;26.5;23.8;13322;12;1;0;0
2022:08:17:13:12:01,206;0;0;22.6;130.4;131.9;0.14;0;0;26.7;26.4;23.7;13322;12;1;0;0
2022:08:17:13:13:01,154;0;0;22.6;130.4;131.9;0.14;0;0;26.7;26.4;23.7;13322;12;1;0;0
2022:08:17:13:14:01,103;0;0;22.6;130.1;131.8;0.14;0;0;26.7;26.4;23.7;13322;12;1;0;0
2022:08:17:13:15:01,031;0;0;22.6;130.4;131.7;0.16;0;0;26.6;26.4;23.7;13322;12;1;0;0
2022:08:17:13:16:01,120;0;0;22.6;130.1;131.4;0.14;0;0;26.6;26.3;23.7;13322;12;1;0;0
2022:08:17:13:17:01,129;0;0;22.6;130.4;131.9;0.14;0;0;26.6;26.3;23.6;13322;12;1;0;0
2022:08:17:13:18:00,036;0;0;22.7;130.4;131.4;0.14;0;0;26.6;26.3;23.6;13322;12;1;0;0
2022:08:17:13:19:00,165;0;0;22.7;130.4;131.7;0.14;0;0;26.5;26.2;23.6;13322;12;1;0;0
2022:08:17:13:20:00,333;0;0;22.7;130.6;131.7;0.14;0;0;26.5;26.2;23.6;13322;12;1;0;0
2022:08:17:13:21:00,562;0;0;22.7;130.4;131.7;0.16;0;0;26.5;26.2;23.6;13322;12;1;0;0
2022:08:17:13:22:00,931;0;0;22.7;130.4;131.4;0.14;0;0;26.5;26.2;23.6;13322;12;1;0;0
2022:08:17:13:23:01,220;0;0;22.7;130.4;131.7;0.14;0;0;26.4;26.2;23.6;13322;12;1;0;0
2022:08:17:13:24:01,309;0;0;22.6;130.1;131.8;0.14;0;0;26.4;26.1;23.6;13322;12;1;0;0
2022:08:17:13:25:01,297;0;0;22.7;130.1;131.2;0.14;0;0;26.4;26.1;23.6;13322;12;1;0;0
2022:08:17:13:26:01,386;0;0;22.6;130.4;131.4;0.14;0;0;26.3;26.1;23.6;13322;12;1;0;0
2022:08:17:13:27:00,173;0;0;22.6;130.1;131.8;0.14;0;0;26.3;26.1;23.6;13322;12;1;0;0
2022:08:17:13:28:00,342;0;0;22.6;130.1;131.4;0.14;0;0;26.3;26.1;23.6;13322;12;1;0;0
2022:08:17:13:29:00,531;0;0;22.6;130.4;131.7;0.14;0;0;26.3;26.1;23.7;13322;12;1;0;0
2022:08:17:13:30:00,159;0;0;22.7;130.4;131.4;0.14;0;0;26.3;26.1;23.7;13322;12;1;0;0
2022:08:17:13:31:00,568;0;0;22.7;130.4;131.9;0.14;0;0;26.3;26.1;23.7;13322;12;1;0;0
2022:08:17:13:32:00,656;0;0;22.7;130.4;131.7;0.17;0;0;26.3;26.1;23.8;13322;12;1;0;0
2022:08:17:13:33:00,845;0;0;22.6;130.4;131.7;0.16;0;0;26.3;26.2;23.8;13322;12;1;0;0
2022:08:17:13:34:00,833;0;0;22.7;130.6;131.9;0.16;0;0;26.4;26.2;23.8;13322;12;1;0;0
2022:08:17:13:35:00,882;0;0;22.7;130.4;131.7;0.16;0;0;26.4;26.2;23.9;13322;12;1;0;0
2022:08:17:13:36:00,991;0;0;22.7;130.4;131.7;0.14;0;0;26.4;26.2;23.9;13322;12;1;0;0
2022:08:17:13:37:01,199;0;0;22.7;130.1;131.8;0.14;0;0;26.4;26.3;24.0;13322;12;1;0;0
2022:08:17:13:38:01,188;0;0;22.7;130.4;131.9;0.16;0;0;26.5;26.3;24.0;13322;12;1;0;0
2022:08:17:13:39:00,296;0;0;22.7;130.1;131.8;0.14;0;0;26.5;26.4;24.1;13322;12;1;0;0
2022:08:17:13:40:01,466;0;0;22.7;130.4;131.9;0.14;0;0;26.5;26.4;24.1;13322;12;1;0;0
2022:08:17:13:41:00,073;0;0;22.7;130.6;132.3;0.14;0;0;26.5;26.4;24.1;13322;12;1;0;0
2022:08:17:13:42:00,142;0;0;22.7;130.4;131.9;0.14;0;0;26.5;26.3;24.1;13322;12;1;0;0
2022:08:17:13:43:00,211;0;0;22.6;130.4;131.4;0.14;0;0;26.5;26.3;24.1;13322;12;1;0;0
2022:08:17:13:44:00,239;0;0;22.7;130.1;131.4;0.13;0;0;26.5;26.3;24.1;13322;12;1;0;0
2022:08:17:13:45:01,269;0;0;22.7;130.6;131.7;0.14;0;0;26.4;26.3;24.1;13322;12;1;0;0
2022:08:17:13:46:00,956;0;0;22.7;130.4;131.9;0.14;0;0;26.4;26.2;24.1;13322;12;1;0;0
2022:08:17:13:47:01,045;0;0;22.7;130.4;131.7;0.16;0;0;26.4;26.2;24.1;13322;12;1;0;0
2022:08:17:13:48:01,073;0;0;22.7;130.4;131.7;0.14;0;0;26.4;26.2;24.1;13322;12;1;0;0
2022:08:17:13:49:01,050;0;0;22.7;130.4;131.7;0.14;0;0;26.4;26.2;24.0;13322;12;1;0;0
2022:08:17:13:50:01,130;0;0;22.8;130.4;131.7;0.16;0;0;26.3;26.1;24.0;13322;12;1;0;0
2022:08:17:13:51:01,091;0;0;22.7;130.6;132.3;0.14;0;0;26.2;26.0;23.9;13322;12;1;0;0
2022:08:17:13:52:01,172;0;0;22.7;130.4;131.9;0.14;0;0;26.2;25.9;23.9;13322;12;1;0;0
2022:08:17:13:53:01,373;0;0;22.7;130.4;131.9;0.14;0;0;26.1;25.9;23.9;13322;12;1;0;0
2022:08:17:13:54:01,429;0;0;22.7;130.6;131.7;0.14;0;0;26.1;25.9;23.8;13322;12;1;0;0
2022:08:17:13:55:00,003;0;0;22.7;130.1;131.4;0.14;0;0;26.0;25.9;23.7;13322;12;1;0;0
2022:08:17:13:56:00,038;0;0;22.7;130.1;131.8;0.16;0;0;26.0;25.8;23.7;13322;12;1;0;0
2022:08:17:13:57:00,073;0;0;22.7;130.4;131.9;0.14;0;0;25.9;25.8;23.6;13322;12;1;0;0
2022:08:17:13:58:00,227;0;0;22.8;130.6;132.3;0.16;0;0;25.9;25.7;23.6;13322;12;1;0;0
2022:08:17:13:59:01,638;0;0;22.8;130.6;131.9;0.14;0;0;25.9;25.7;23.5;13322;12;1;0;0
2022:08:17:14:00:00,166;0;0;22.8;130.8;132.3;0.16;0;0;25.9;25.7;23.5;13322;12;1;0;0
2022:08:17:14:01:00,195;0;0;22.8;130.8;132.3;0.14;0;0;25.9;25.6;23.4;13322;12;1;0;0
2022:08:17:14:02:00,283;0;0;22.8;130.8;132.3;0.16;0;0;25.8;25.6;23.4;13322;12;1;0;0
2022:08:17:14:03:00,272;0;0;22.8;130.6;131.9;0.16;0;0;25.8;25.5;23.4;13322;12;1;0;0
2022:08:17:14:04:00,101;0;0;22.8;130.6;131.9;0.16;0;0;25.8;25.5;23.4;13322;12;1;0;0
2022:08:17:14:05:00,049;0;0;22.8;130.6;131.9;0.16;0;0;25.7;25.4;23.3;13322;12;1;0;0
2022:08:17:14:06:00,278;0;0;22.8;130.6;132.3;0.14;0;0;25.7;25.4;23.3;13322;12;1;0;0
2022:08:17:14:07:00,326;0;0;22.8;130.4;131.9;0.14;0;0;25.7;25.4;23.3;13322;12;1;0;0
2022:08:17:14:08:00,415;0;0;22.8;130.6;131.9;0.16;0;0;25.7;25.4;23.3;13322;12;1;0;0
2022:08:17:14:09:00,723;0;0;22.8;130.6;131.9;0.14;0;0;25.7;25.4;23.3;13322;12;1;0;0
2022:08:17:14:10:00,852;0;0;22.6;129.7;131.1;0.14;0;0;25.7;25.4;23.3;13322;12;1;0;0
2022:08:17:14:11:01,020;0;0;22.6;129.7;131.6;0.14;0;0;25.6;25.4;23.3;13322;12;1;0;0
2022:08:17:14:12:00,809;0;0;22.6;129.7;130.8;0.14;0;0;25.6;25.4;23.3;13322;12;1;0;0
2022:08:17:14:13:00,938;0;0;22.6;130.1;131.2;0.14;0;0;25.6;25.4;23.2;13322;12;1;0;0
2022:08:17:14:14:00,926;0;0;22.6;130.4;131.7;0.16;0;0;25.6;25.3;23.2;13322;12;1;0;0
2022:08:17:14:15:00,915;0;0;22.6;130.4;131.7;0.16;0;0;25.5;25.3;23.2;13322;12;1;0;0
2022:08:17:14:16:01,023;0;0;22.6;129.5;131.0;0.14;0;0;25.5;25.3;23.2;13322;12;1;0;0
2022:08:17:14:17:00,472;0;0;22.6;129.5;130.8;0.14;0;0;25.5;25.3;23.2;13322;12;1;0;0
2022:08:17:14:18:00,720;0;0;22.6;129.7;131.1;0.14;0;0;25.5;25.3;23.2;13322;12;1;0;0
2022:08:17:14:19:00,969;0;0;22.6;129.5;131.3;0.14;0;0;25.5;25.3;23.2;13322;12;1;0;0
2022:08:17:14:20:01,038;0;0;22.6;129.9;131.4;0.14;0;0;25.5;25.3;23.2;13322;12;1;0;0
2022:08:17:14:21:01,126;0;0;22.6;130.1;131.8;0.16;0;0;25.5;25.3;23.1;13322;12;1;0;0
2022:08:17:14:22:01,495;0;0;22.6;129.9;131.4;0.16;0;0;25.5;25.3;23.1;13322;12;1;0;0
2022:08:17:14:23:00,023;0;0;22.6;130.4;131.4;0.16;0;0;25.5;25.3;23.1;13322;12;1;0;0
2022:08:17:14:24:00,152;0;0;22.6;130.4;131.7;0.16;0;0;25.5;25.3;23.1;13322;12;1;0;0
2022:08:17:14:25:00,160;0;0;22.6;129.9;131.6;0.16;0;0;25.4;25.3;23.0;13322;12;1;0;0
2022:08:17:14:26:00,209;0;0;22.6;129.9;131.2;0.16;0;0;25.4;25.2;23.0;13322;12;1;0;0
2022:08:17:14:27:00,218;0;0;22.6;130.1;131.8;0.16;0;0;25.4;25.2;22.9;13322;12;1;0;0
2022:08:17:14:28:00,326;0;0;22.6;130.4;131.9;0.16;0;0;25.3;25.1;22.9;13322;12;1;0;0
2022:08:17:14:29:01,335;0;0;22.6;130.4;131.7;0.16;0;0;25.3;25.1;22.9;13322;12;1;0;0
2022:08:17:14:30:01,383;0;0;22.7;130.4;131.7;0.16;0;0;25.2;25.1;22.8;13322;12;1;0;0
2022:08:17:14:31:01,432;0;0;22.7;130.4;131.4;0.14;0;0;25.2;25.0;22.8;13322;12;1;0;0
2022:08:17:14:32:01,500;0;0;22.7;130.6;131.9;0.16;0;0;25.1;24.9;22.7;13322;12;1;0;0
2022:08:17:14:33:01,409;0;0;22.7;130.6;131.7;0.14;0;0;25.1;24.8;22.7;13322;12;1;0;0
2022:08:17:14:34:00,138;0;0;22.7;130.6;131.9;0.14;0;0;25.0;24.7;22.6;13322;12;1;0;0
2022:08:17:14:35:00,226;0;0;22.8;130.6;131.9;0.16;0;0;24.9;24.6;22.6;13322;12;1;0;0
2022:08:17:14:36:00,615;0;0;22.8;130.8;132.1;0.16;0;0;24.8;24.5;22.5;13322;12;1;0;0
2022:08:17:14:37:00,543;0;0;22.8;130.8;132.1;0.14;0;0;24.7;24.4;22.4;13322;12;1;0;0
2022:08:17:14:38:00,552;0;0;22.7;130.4;131.9;0.16;0;0;24.5;24.3;22.4;13322;12;1;0;0
2022:08:17:14:39:00,440;0;0;22.7;130.8;132.1;0.16;0;0;24.5;24.1;22.3;13322;12;1;0;0
2022:08:17:14:40:00,549;0;0;22.7;130.6;131.9;0.16;0;0;24.4;24.0;22.2;13322;12;1;0;0
2022:08:17:14:41:00,518;0;0;22.7;130.4;131.4;0.16;0;0;24.3;23.9;22.1;13322;12;1;0;0
2022:08:17:14:42:00,486;0;0;22.7;130.6;131.5;0.16;0;0;24.2;23.8;22.0;13322;12;1;0;0
2022:08:17:14:43:00,495;0;0;22.7;130.4;131.4;0.16;0;0;24.1;23.7;21.9;13322;12;1;0;0
2022:08:17:14:44:00,483;0;0;22.7;130.6;131.7;0.16;0;0;24.0;23.6;21.8;13322;12;1;0;0
2022:08:17:14:45:00,472;0;0;22.7;130.6;131.5;0.16;0;0;23.9;23.5;21.8;13322;12;1;0;0
2022:08:17:14:46:00,680;0;0;22.7;130.6;131.5;0.16;0;0;23.8;23.5;21.7;13322;12;1;0;0
2022:08:17:14:47:00,809;0;0;22.7;130.8;132.1;0.18;0;0;23.7;23.3;21.6;13322;12;1;0;0
2022:08:17:14:48:00,957;0;0;22.7;130.6;131.9;0.16;0;0;23.6;23.2;21.5;13322;12;1;0;0
2022:08:17:14:49:01,386;0;0;22.8;130.8;132.1;0.16;0;0;23.5;23.1;21.4;13322;12;1;0;0
2022:08:17:14:50:01,555;0;0;22.8;130.8;131.7;0.16;0;0;23.5;23.0;21.3;13322;12;1;0;0
2022:08:17:14:51:00,043;0;0;22.8;130.8;132.1;0.16;0;0;23.4;23.0;21.2;13322;12;1;0;0
2022:08:17:14:52:00,032;0;0;22.8;130.6;131.9;0.16;0;0;23.4;22.9;21.2;13322;12;1;0;0
2022:08:17:14:53:00,020;0;0;22.8;130.8;131.7;0.16;0;0;23.4;22.9;21.1;13322;12;1;0;0
2022:08:17:14:54:00,149;0;0;22.8;130.4;131.4;0.16;0;0;23.3;22.9;21.1;13322;12;1;0;0
2022:08:17:14:55:00,377;0;0;22.7;130.6;131.9;0.16;0;0;23.3;22.9;21.1;13322;12;1;0;0
2022:08:17:14:56:00,586;0;0;22.7;130.8;132.1;0.16;0;0;23.3;22.9;21.0;13322;12;1;0;0
2022:08:17:14:57:00,175;0;0;22.8;130.6;131.7;0.16;0;0;23.3;22.9;21.0;13322;12;1;0;0
2022:08:17:14:58:00,643;0;0;22.7;130.8;132.1;0.17;0;0;23.3;22.9;21.0;13322;12;1;0;0
2022:08:17:14:59:00,872;0;0;22.8;130.8;131.7;0.16;0;0;23.3;22.9;21.0;13322;12;1;0;0
2022:08:17:15:00:00,960;0;0;22.8;130.8;132.1;0.16;0;0;23.3;22.9;20.9;13322;12;1;0;0
2022:08:17:15:01:01,129;0;0;22.9;131.2;132.4;0.16;0;0;23.2;22.9;20.9;13322;12;1;0;0
2022:08:17:15:02:01,497;0;0;22.9;131.2;132.7;0.16;0;0;23.2;22.8;20.9;13322;12;1;0;0
2022:08:17:15:03:00,526;0;0;22.9;131.5;132.5;0.16;0;0;23.2;22.8;20.8;13322;12;1;0;0
2022:08:17:15:04:00,295;0;0;23.0;131.2;132.4;0.16;0;0;23.1;22.8;20.8;13322;12;1;0;0
2022:08:17:15:05:00,103;0;0;23.0;131.5;132.7;0.16;0;0;23.1;22.7;20.8;13322;12;1;0;0
2022:08:17:15:06:00,232;0;0;23.0;131.5;132.7;0.14;0;0;23.1;22.7;20.7;13322;12;1;0;0
2022:08:17:15:07:00,360;0;0;23.0;131.5;132.7;0.16;0;0;23.1;22.7;20.7;13322;12;1;0;0
2022:08:17:15:08:00,449;0;0;23.0;131.0;132.1;0.16;0;0;23.1;22.7;20.7;13322;12;1;0;0
2022:08:17:15:09:00,417;0;0;23.0;131.2;132.7;0.16;0;0;23.1;22.7;20.7;13322;12;1;0;0
2022:08:17:15:10:00,466;0;0;22.9;131.0;131.9;0.16;0;0;23.1;22.7;20.7;13322;12;1;0;0
2022:08:17:15:11:01,095;0;0;22.9;131.5;132.7;0.16;0;0;23.1;22.7;20.7;13322;12;1;0;0
2022:08:17:15:12:01,243;0;0;23.0;131.5;132.7;0.16;0;0;23.1;22.8;20.7;13322;12;1;0;0
2022:08:17:15:13:01,252;0;0;22.9;131.2;132.7;0.16;0;0;23.1;22.8;20.7;13322;12;1;0;0
2022:08:17:15:14:01,020;0;0;23.0;131.5;132.7;0.14;0;0;23.1;22.8;20.7;13322;12;1;0;0
2022:08:17:15:15:01,109;0;0;23.0;131.2;132.1;0.16;0;0;23.1;22.8;20.7;13322;12;1;0;0
2022:08:17:15:16:00,257;0;0;22.9;131.5;132.5;0.16;0;0;23.1;22.9;20.7;13322;12;1;0;0
2022:08:17:15:17:00,166;0;0;22.9;131.2;132.4;0.16;0;0;23.2;22.9;20.7;13322;12;1;0;0
2022:08:17:15:18:00,175;0;0;22.9;131.0;132.3;0.16;0;0;23.2;22.9;20.8;13322;12;1;0;0
2022:08:17:15:19:00,223;0;0;22.9;131.2;132.7;0.16;0;0;23.2;23.0;20.8;13322;12;1;0;0
2022:08:17:15:20:00,152;0;0;22.9;131.5;132.5;0.16;0;0;23.2;23.0;20.8;13322;12;1;0;0
2022:08:17:15:21:01,480;0;0;22.9;131.2;132.7;0.16;0;0;23.3;23.0;20.9;13322;12;1;0;0
2022:08:17:15:22:01,529;0;0;22.9;131.5;132.5;0.16;0;0;23.3;23.0;20.9;13322;12;1;0;0
2022:08:17:15:23:00,057;0;0;22.9;131.0;132.1;0.16;0;0;23.3;23.1;20.9;13322;12;1;0;0
2022:08:17:15:24:01,426;0;0;22.9;131.0;132.1;0.16;0;0;23.3;23.0;21.0;13322;12;1;0;0
2022:08:17:15:25:01,454;0;0;22.9;131.0;132.1;0.16;0;0;23.2;23.0;21.0;13322;12;1;0;0
2022:08:17:15:26:01,443;0;0;22.9;131.2;132.4;0.14;0;0;23.1;22.9;21.0;13322;12;1;0;0
2022:08:17:15:27:01,452;0;0;23.0;131.5;132.5;0.16;0;0;23.0;22.8;21.0;13322;12;1;0;0
2022:08:17:15:28:01,520;0;0;23.0;131.5;132.7;0.16;0;0;23.0;22.7;20.9;13322;12;1;0;0
2022:08:17:15:29:00,029;0;0;23.0;131.5;132.7;0.16;0;0;23.0;22.7;20.9;13322;12;1;0;0
2022:08:17:15:30:00,057;0;0;23.0;131.5;132.5;0.16;0;0;23.0;22.7;20.9;13322;12;1;0;0
2022:08:17:15:31:00,126;0;0;22.9;131.5;132.5;0.16;0;0;22.9;22.6;20.9;13322;12;1;0;0
2022:08:17:15:32:00,175;0;0;23.0;131.7;133.0;0.16;0;0;22.9;22.6;20.9;13322;12;1;0;0
2022:08:17:15:33:00,423;0;0;23.0;131.2;132.4;0.16;0;0;23.0;22.7;20.9;13322;12;1;0;0
2022:08:17:15:34:00,392;0;0;23.0;131.5;132.5;0.16;0;0;23.0;22.7;21.0;13322;12;1;0;0
2022:08:17:15:35:00,440;0;0;23.0;131.5;132.5;0.16;0;0;23.0;22.7;21.0;13322;12;1;0;0
2022:08:17:15:36:00,469;0;0;23.0;131.5;132.5;0.16;0;0;23.0;22.8;21.0;13322;12;1;0;0
2022:08:17:15:37:00,557;0;0;23.0;131.7;133.0;0.16;0;0;23.1;22.8;21.0;13322;12;1;0;0
2022:08:17:15:38:00,626;0;0;23.0;131.5;132.9;0.16;0;0;23.1;22.9;21.0;13322;12;1;0;0
2022:08:17:15:39:00,714;0;0;23.0;131.5;132.5;0.16;0;0;23.1;22.9;21.0;13322;12;1;0;0
2022:08:17:15:40:00,763;0;0;23.0;131.5;132.7;0.16;0;0;23.1;22.9;21.0;13322;12;1;0;0
2022:08:17:15:41:00,912;0;0;23.0;131.7;132.7;0.16;0;0;23.1;22.9;21.0;13322;12;1;0;0
2022:08:17:15:42:00,960;0;0;23.0;131.5;132.7;0.16;0;0;23.1;22.9;21.0;13322;12;1;0;0
2022:08:17:15:43:01,069;0;0;23.0;131.2;132.7;0.16;0;0;23.1;22.9;21.0;13322;12;1;0;0
2022:08:17:15:44:01,057;0;0;23.0;131.2;132.1;0.16;0;0;23.1;22.9;21.0;13322;12;1;0;0
2022:08:17:15:45:01,006;0;0;23.0;131.2;132.1;0.14;0;0;23.1;22.9;21.0;13322;12;1;0;0
2022:08:17:15:46:00,974;0;0;23.0;131.5;132.5;0.16;0;0;23.1;22.9;21.0;13322;12;1;0;0
2022:08:17:15:47:01,143;0;0;23.0;131.2;132.1;0.19;0;0;23.2;22.9;21.0;13322;12;1;0;0
2022:08:17:15:48:01,192;0;0;23.0;131.2;132.4;0.14;0;0;23.2;22.9;21.0;13322;12;1;0;0
2022:08:17:15:49:01,340;0;0;23.0;131.2;132.4;0.14;0;0;23.2;22.9;21.0;13322;12;1;0;0
2022:08:17:15:50:01,409;0;0;23.0;131.2;132.4;0.14;0;0;23.2;22.9;21.0;13322;12;1;0;0
2022:08:17:15:51:01,517;0;0;22.9;131.0;132.3;0.16;0;0;23.1;22.9;21.0;13322;12;1;0;0
2022:08:17:15:52:01,486;0;0;22.9;131.5;132.7;0.14;0;0;23.1;22.9;21.0;13322;12;1;0;0
2022:08:17:15:53:01,494;0;0;23.0;131.5;132.9;0.16;0;0;23.1;22.9;20.9;13322;12;1;0;0
2022:08:17:15:54:00,343;0;0;23.0;131.5;132.5;0.16;0;0;23.1;22.9;20.9;13322;12;1;0;0
2022:08:17:15:55:00,292;0;0;23.0;131.5;132.9;0.16;0;0;23.1;22.8;20.9;13322;12;1;0;0
2022:08:17:15:56:00,340;0;0;23.0;131.5;132.9;0.16;0;0;23.0;22.8;20.9;13322;12;1;0;0
2022:08:17:15:57:00,309;0;0;23.0;131.5;132.5;0.14;0;0;22.9;22.7;20.8;13322;12;1;0;0
2022:08:17:15:58:00,537;0;0;23.0;131.5;132.7;0.14;0;0;22.8;22.6;20.8;13322;12;1;0;0
2022:08:17:15:59:00,486;0;0;23.0;131.2;132.4;0.14;0;0;22.7;22.4;20.7;13322;12;1;0;0
2022:08:17:16:00:00,514;0;0;23.0;131.5;132.7;0.16;0;0;22.5;22.3;20.6;13322;12;1;0;0
2022:08:17:16:01:00,323;0;0;23.0;131.5;132.7;0.16;0;0;22.5;22.1;20.5;13322;12;1;0;0
2022:08:17:16:02:00,432;0;0;23.0;131.7;132.5;0.16;0;0;22.4;22.0;20.4;13322;12;1;0;0
2022:08:17:16:03:00,620;0;0;23.0;131.2;132.4;0.16;0;0;22.2;21.8;20.2;13322;12;1;0;0
2022:08:17:16:04:00,149;0;0;23.0;131.7;132.5;0.16;0;0;22.1;21.7;20.2;13322;12;1;0;0
2022:08:17:16:05:00,197;0;0;23.0;131.5;132.9;0.16;0;0;22.1;21.6;20.1;13322;12;1;0;0
2022:08:17:16:06:01,226;0;0;23.0;131.5;132.5;0.14;0;0;22.0;21.5;20.0;13322;12;1;0;0
2022:08:17:16:07:01,194;0;0;23.0;131.5;132.5;0.16;0;0;22.0;21.5;19.9;13322;12;1;0;0
2022:08:17:16:08:01,103;0;0;23.0;131.5;132.5;0.16;0;0;21.9;21.5;19.9;13322;12;1;0;0
2022:08:17:16:09:01,152;0;0;23.0;131.5;132.7;0.16;0;0;21.9;21.5;19.9;13322;12;1;0;0
2022:08:17:16:10:00,820;0;0;23.0;131.5;132.7;0.16;0;0;21.9;21.5;19.8;13322;12;1;0;0
2022:08:17:16:11:00,589;0;0;22.9;131.5;132.7;0.16;0;0;22.0;21.5;19.8;13322;12;1;0;0
2022:08:17:16:12:00,077;0;0;23.0;131.5;132.7;0.16;0;0;22.0;21.6;19.8;13322;12;1;0;0
2022:08:17:16:13:00,106;0;0;23.0;131.5;132.7;0.16;0;0;22.0;21.6;19.8;13322;12;1;0;0
2022:08:17:16:14:01,034;0;0;23.0;131.2;132.7;0.16;0;0;22.0;21.7;19.8;13322;12;1;0;0
2022:08:17:16:15:01,143;0;0;23.0;131.5;132.7;0.16;0;0;22.0;21.7;19.8;13322;12;1;0;0
2022:08:17:16:16:01,152;0;0;23.0;131.7;132.7;0.16;0;0;22.0;21.7;19.8;13322;12;1;0;0
2022:08:17:16:17:01,100;0;0;23.0;131.7;133.0;0.16;0;0;22.0;21.7;19.8;13322;12;1;0;0
2022:08:17:16:18:01,029;0;0;23.0;131.7;133.0;0.16;0;0;22.0;21.7;19.8;13322;12;1;0;0
2022:08:17:16:19:00,997;0;0;23.0;131.5;132.7;0.16;0;0;22.0;21.7;19.8;13322;12;1;0;0
2022:08:17:16:20:01,006;0;0;23.0;131.7;132.7;0.16;0;0;22.0;21.7;19.8;13322;12;1;0;0
2022:08:17:16:21:01,114;0;0;23.0;131.7;132.7;0.16;0;0;22.0;21.7;19.8;13322;12;1;0;0
2022:08:17:16:22:01,143;0;0;23.0;131.7;133.3;0.16;0;0;22.0;21.7;19.8;13322;12;1;0;0
2022:08:17:16:23:01,191;0;0;23.0;131.9;133.1;0.16;0;0;22.0;21.6;19.8;13322;12;1;0;0
2022:08:17:16:24:01,160;0;0;23.0;131.7;132.7;0.16;0;0;21.9;21.6;19.8;13322;12;1;0;0
2022:08:17:16:25:01,129;0;0;23.0;131.2;132.4;0.16;0;0;21.9;21.6;19.8;13322;12;1;0;0
2022:08:17:16:26:00,897;0;0;23.0;131.7;132.7;0.16;0;0;21.8;21.5;19.8;13322;12;1;0;0
2022:08:17:16:27:00,946;0;0;23.0;131.5;132.5;0.16;0;0;21.8;21.4;19.7;13322;12;1;0;0
2022:08:17:16:28:00,854;0;0;23.0;131.9;133.1;0.16;0;0;21.7;21.4;19.7;13322;12;1;0;0
2022:08:17:16:29:00,763;0;0;23.0;131.2;132.1;0.16;0;0;21.6;21.4;19.6;13322;12;1;0;0
2022:08:17:16:30:00,811;0;0;23.0;131.9;132.8;0.16;0;0;21.6;21.3;19.6;13322;12;1;0;0
2022:08:17:16:31:00,780;0;0;23.0;131.5;132.5;0.17;0;0;21.6;21.3;19.6;13322;12;1;0;0
2022:08:17:16:32:00,689;0;0;23.0;131.5;132.7;0.16;0;0;21.5;21.3;19.5;13322;12;1;0;0
2022:08:17:16:33:00,737;0;0;23.0;131.9;133.1;0.16;0;0;21.5;21.2;19.5;13322;12;1;0;0
2022:08:17:16:34:00,706;0;0;23.0;132.1;133.6;0.16;0;0;21.5;21.2;19.5;13322;12;1;0;0
2022:08:17:16:35:00,674;0;0;23.0;132.1;133.4;0.16;0;0;21.4;21.2;19.4;13322;12;1;0;0
2022:08:17:16:36:00,683;0;0;23.0;132.4;133.6;0.16;0;0;21.4;21.1;19.4;13322;12;1;0;0
2022:08:17:16:37:00,172;0;0;23.0;131.9;133.1;0.16;0;0;21.4;21.1;19.4;13322;12;1;0;0
2022:08:17:16:38:00,200;0;0;23.0;132.1;133.6;0.16;0;0;21.4;21.1;19.4;13322;12;1;0;0
2022:08:17:16:39:00,249;0;0;23.0;132.1;133.4;0.16;0;0;21.4;21.1;19.3;13322;12;1;0;0
2022:08:17:16:40:00,297;0;0;23.0;132.4;133.0;0.16;0;0;21.4;21.1;19.3;13322;12;1;0;0
2022:08:17:16:41:00,306;0;0;23.0;132.4;133.2;0.16;0;0;21.4;21.1;19.3;13322;12;1;0;0
2022:08:17:16:42:00,554;0;0;23.0;132.6;133.6;0.16;0;0;21.4;21.1;19.2;13322;12;1;0;0
2022:08:17:16:43:00,543;0;0;23.0;132.4;133.6;0.16;0;0;21.4;21.1;19.2;13322;12;1;0;0
2022:08:17:16:44:00,611;0;0;23.0;132.1;133.1;0.16;0;0;21.4;21.1;19.2;13322;12;1;0;0
2022:08:17:16:45:00,380;0;0;23.0;132.4;133.6;0.16;0;0;21.4;21.1;19.2;13322;12;1;0;0
2022:08:17:16:46:00,329;0;0;23.0;132.1;133.1;0.16;0;0;21.4;21.2;19.2;13322;12;1;0;0
2022:08:17:16:47:01,477;0;0;23.0;132.4;133.8;0.18;0;0;21.4;21.1;19.2;13322;12;1;0;0
2022:08:17:16:48:01,506;0;0;23.0;132.1;133.1;0.16;0;0;21.4;21.1;19.2;13322;12;1;0;0
2022:08:17:16:49:00,074;0;0;23.0;132.4;133.6;0.16;0;0;21.4;21.1;19.2;13322;12;1;0;0
2022:08:17:16:50:00,163;0;0;23.0;132.4;133.2;0.16;0;0;21.4;21.0;19.2;13322;12;1;0;0
2022:08:17:16:51:00,191;0;0;23.0;132.4;133.0;0.16;0;0;21.3;21.0;19.2;13322;12;1;0;0
2022:08:17:16:52:00,960;0;0;23.0;132.6;133.9;0.16;0;0;21.3;21.0;19.1;13322;12;1;0;0
2022:08:17:16:53:00,089;0;0;23.1;132.6;134.2;0.16;0;0;21.3;20.9;19.1;13322;12;1;0;0
2022:08:17:16:54:01,097;0;0;23.1;132.6;134.2;0.16;0;0;21.3;20.9;19.1;13322;12;1;0;0
2022:08:17:16:55:00,386;0;0;23.1;132.8;134.0;0.16;0;0;21.2;20.9;19.0;13322;12;1;0;0
2022:08:17:16:56:00,534;0;0;23.2;132.6;133.6;0.17;0;0;21.2;20.9;19.0;13322;12;1;0;0
2022:08:17:16:57:00,063;0;0;23.2;133.0;134.3;0.16;0;0;21.2;20.8;19.0;13322;12;1;0;0
2022:08:17:16:58:01,271;0;0;23.2;131.5;132.9;0.16;0;0;21.1;20.8;18.9;13322;12;1;0;0
2022:08:17:16:59:00,320;0;0;23.0;131.5;132.5;0.17;0;0;21.1;20.7;18.9;13322;12;1;0;0
2022:08:17:17:00:00,449;0;0;23.0;131.5;132.9;0.16;0;0;21.0;20.6;18.8;13322;12;1;0;0
2022:08:17:17:01:00,617;0;0;23.0;131.5;132.7;0.16;0;0;20.9;20.6;18.8;13322;12;1;0;0
2022:08:17:17:02:00,666;0;0;23.0;131.5;132.5;0.16;0;0;20.9;20.5;18.7;13322;12;1;0;0
2022:08:17:17:03:00,774;0;0;22.9;131.0;132.3;0.16;0;0;20.8;20.4;18.7;13322;12;1;0;0
2022:08:17:17:04:00,963;0;0;22.9;131.2;132.7;0.16;0;0;20.8;20.4;18.6;13322;12;1;0;0
2022:08:17:17:05:00,891;0;0;22.9;131.0;132.6;0.17;0;0;20.7;20.4;18.6;13322;12;1;0;0
2022:08:17:17:06:00,320;0;0;22.9;131.2;132.7;0.16;0;0;20.7;20.4;18.5;13322;12;1;0;0
2022:08:17:17:07:00,689;0;0;22.9;131.2;132.4;0.16;0;0;20.6;20.3;18.5;13322;12;1;0;0
2022:08:17:17:08:00,597;0;0;22.9;130.8;132.1;0.16;0;0;20.5;20.2;18.4;13322;12;1;0;0
2022:08:17:17:09:00,626;0;0;22.9;131.2;132.4;0.17;0;0;20.5;20.2;18.4;13322;12;1;0;0
2022:08:17:17:10:00,414;0;0;22.9;131.0;132.3;0.17;0;0;20.4;20.1;18.3;13322;12;1;0;0
2022:08:17:17:11:00,683;0;0;22.9;131.0;132.1;0.17;0;0;20.4;20.0;18.3;13322;12;1;0;0
2022:08:17:17:12:00,811;0;0;22.9;131.0;132.3;0.16;0;0;20.4;20.0;18.2;13322;12;1;0;0
2022:08:17:17:13:00,820;0;0;22.8;130.8;132.3;0.16;0;0;20.4;20.0;18.2;13322;12;1;0;0
2022:08:17:17:14:00,889;0;0;22.8;131.0;132.6;0.16;0;0;20.3;19.9;18.2;13322;12;1;0;0
2022:08:17:17:15:01,097;0;0;22.8;130.6;131.5;0.16;0;0;20.3;19.8;18.2;13322;12;1;0;0
2022:08:17:17:16:00,666;0;0;22.8;130.8;132.3;0.17;0;0;20.2;19.8;18.1;13322;12;1;0;0
2022:08:17:17:17:00,834;0;0;22.7;130.6;131.5;0.17;0;0;20.1;19.7;18.1;13322;12;1;0;0
2022:08:17:17:18:00,823;0;0;22.8;130.8;132.3;0.17;0;0;20.1;19.7;18.0;13322;12;1;0;0
2022:08:17:17:19:00,891;0;0;22.7;130.8;132.1;0.17;0;0;20.0;19.6;18.0;13322;12;1;0;0
2022:08:17:17:20:01,300;0;0;22.8;130.8;132.3;0.16;0;0;20.0;19.5;17.9;13322;12;1;0;0
2022:08:17:17:21:01,388;0;0;22.7;130.8;132.1;0.17;0;0;19.9;19.5;17.9;13322;12;1;0;0
2022:08:17:17:22:00,057;0;0;22.7;130.8;132.1;0.16;0;0;19.9;19.4;17.8;13322;12;1;0;0
2022:08:17:17:23:00,186;0;0;22.7;130.8;132.1;0.19;0;0;19.8;19.4;17.8;13322;12;1;0;0
2022:08:17:17:24:00,254;0;0;22.8;130.8;132.1;0.16;0;0;19.8;19.4;17.7;13322;12;1;0;0
2022:08:17:17:25:00,263;0;0;22.8;131.0;132.3;0.17;0;0;19.7;19.4;17.7;13322;12;1;0;0
2022:08:17:17:26:00,431;0;0;22.8;130.8;132.1;0.17;0;0;19.7;19.4;17.6;13322;12;1;0;0
2022:08:17:17:27:00,920;0;0;22.8;131.2;132.4;0.16;0;0;19.6;19.3;17.6;13322;12;1;0;0
2022:08:17:17:28:00,988;0;0;22.8;131.0;132.6;0.17;0;0;19.6;19.3;17.5;13322;12;1;0;0
2022:08:17:17:29:00,977;0;0;22.9;131.0;132.3;0.17;0;0;19.6;19.3;17.5;13322;12;1;0;0
2022:08:17:17:30:00,946;0;0;22.8;131.0;132.3;0.16;0;0;19.5;19.2;17.4;13322;12;1;0;0
2022:08:17:17:31:00,954;0;0;22.8;131.0;132.3;0.17;0;0;19.5;19.2;17.4;13322;12;1;0;0
2022:08:17:17:32:01,103;0;0;22.8;131.0;132.3;0.17;0;0;19.5;19.2;17.4;13322;12;1;0;0
2022:08:17:17:33:01,131;0;0;22.8;130.8;132.1;0.17;0;0;19.4;19.2;17.3;13322;12;1;0;0
2022:08:17:17:34:00,140;0;0;22.8;130.8;132.1;0.16;0;0;19.4;19.1;17.3;13322;12;1;0;0
2022:08:17:17:35:00,168;0;0;22.8;130.8;132.3;0.17;0;0;19.4;19.1;17.3;13322;12;1;0;0
2022:08:17:17:36:00,317;0;0;22.8;130.8;132.3;0.17;0;0;19.4;19.1;17.2;13322;12;1;0;0
2022:08:17:17:37:00,406;0;0;22.8;130.8;132.3;0.17;0;0;19.4;19.1;17.2;13322;12;1;0;0
2022:08:17:17:38:00,174;0;0;22.7;130.6;131.9;0.17;0;0;19.4;19.0;17.2;13322;12;1;0;0
2022:08:17:17:39:00,063;0;0;22.8;130.6;131.7;0.16;0;0;19.4;19.0;17.2;13322;12;1;0;0
2022:08:17:17:40:00,111;0;0;22.7;130.6;131.9;0.16;0;0;19.4;19.0;17.2;13322;12;1;0;0
2022:08:17:17:41:01,400;0;0;22.7;130.8;132.1;0.17;0;0;19.4;19.0;17.2;13322;12;1;0;0
2022:08:17:17:42:01,408;0;0;22.7;130.4;131.9;0.18;0;0;19.3;19.0;17.2;13322;12;1;0;0
2022:08:17:17:43:01,397;0;0;22.7;130.6;131.9;0.17;0;0;19.3;19.0;17.2;13322;12;1;0;0
2022:08:17:17:44:01,426;0;0;22.6;130.4;131.7;0.17;0;0;19.3;19.0;17.1;13322;12;1;0;0
2022:08:17:17:45:00,034;0;0;22.7;130.6;131.7;0.17;0;0;19.3;18.9;17.1;13322;12;1;0;0
2022:08:17:17:46:01,363;0;0;22.7;130.1;131.4;0.17;0;0;19.2;18.9;17.1;13322;12;1;0;0
2022:08:17:17:47:01,351;0;0;22.6;130.6;131.7;0.17;0;0;19.2;18.9;17.0;13322;12;1;0;0
2022:08:17:17:48:01,480;0;0;22.7;130.4;131.7;0.17;0;0;19.2;18.8;17.0;13322;12;1;0;0
2022:08:17:17:49:00,128;0;0;22.6;130.6;131.7;0.17;0;0;19.1;18.8;17.0;13322;12;1;0;0
2022:08:17:17:50:00,157;0;0;22.6;130.6;131.7;0.17;0;0;19.1;18.8;17.0;13322;12;1;0;0
2022:08:17:17:51:00,166;0;0;22.7;130.8;132.1;0.17;0;0;19.1;18.7;16.9;13322;12;1;0;0
2022:08:17:17:52:00,214;0;0;22.7;130.8;132.3;0.17;0;0;19.0;18.7;16.9;13322;12;1;0;0
2022:08:17:17:53:00,383;0;0;22.8;131.0;131.9;0.17;0;0;19.0;18.7;16.9;13322;12;1;0;0
2022:08:17:17:54:00,431;0;0;22.8;130.8;132.1;0.17;0;0;19.0;18.6;16.9;13322;12;1;0;0
2022:08:17:17:55:00,480;0;0;22.8;131.0;132.3;0.17;0;0;19.0;18.6;16.8;13322;12;1;0;0
2022:08:17:17:56:00,508;0;0;22.8;131.0;132.1;0.17;0;0;18.9;18.6;16.8;13322;12;1;0;0
2022:08:17:17:57:00,757;0;0;22.8;130.8;132.3;0.17;0;0;18.9;18.6;16.8;13322;12;1;0;0
2022:08:17:17:58:00,786;0;0;22.8;131.2;132.4;0.17;0;0;18.9;18.5;16.8;13322;12;1;0;0
2022:08:17:17:59:00,774;0;0;22.9;131.0;132.3;0.17;0;0;18.8;18.5;16.8;13322;12;1;0;0
2022:08:17:18:00:00,783;0;0;22.9;131.0;132.3;0.17;0;0;18.8;18.5;16.7;13322;12;1;0;0
2022:08:17:18:01:00,811;0;0;22.9;130.8;132.1;0.17;0;0;18.8;18.4;16.7;13322;12;1;0;0
2022:08:17:18:02:00,900;0;0;22.8;131.0;132.3;0.17;0;0;18.8;18.4;16.7;13322;12;1;0;0
2022:08:17:18:03:00,928;0;0;22.9;131.0;132.1;0.17;0;0;18.7;18.4;16.6;13322;12;1;0;0
2022:08:17:18:04:00,757;0;0;22.8;130.8;132.3;0.17;0;0;18.7;18.4;16.6;13322;12;1;0;0
2022:08:17:18:05:00,866;0;0;22.8;130.8;132.5;0.17;0;0;18.7;18.4;16.6;13322;12;1;0;0
2022:08:17:18:06:00,894;0;0;22.8;130.8;132.3;0.17;0;0;18.7;18.4;16.6;13322;12;1;0;0
2022:08:17:18:07:01,103;0;0;22.8;130.8;132.1;0.17;0;0;18.7;18.4;16.6;13322;12;1;0;0
2022:08:17:18:08:00,671;0;0;22.7;130.8;131.7;0.17;0;0;18.6;18.4;16.6;13322;12;1;0;0
2022:08:17:18:09:00,360;0;0;22.7;130.6;131.7;0.17;0;0;18.6;18.4;16.6;13322;12;1;0;0
2022:08:17:18:10:00,648;0;0;22.7;130.6;131.5;0.17;0;0;18.6;18.4;16.6;13322;12;1;0;0
2022:08:17:18:11:01,017;0;0;22.7;130.6;131.5;0.17;0;0;18.6;18.4;16.6;13322;12;1;0;0
2022:08:17:18:12:01,065;0;0;22.7;130.6;131.7;0.14;0;0;18.6;18.4;16.6;13322;12;1;0;0
2022:08:17:18:13:00,854;0;0;22.7;130.6;132.3;0.17;0;0;18.6;18.4;16.6;13322;12;1;0;0
2022:08:17:18:14:01,263;0;0;22.6;130.1;131.4;0.17;0;0;18.7;18.4;16.6;13322;12;1;0;0
2022:08:17:18:15:01,051;0;0;22.6;130.1;131.4;0.17;0;0;18.7;18.4;16.7;13322;12;1;0;0
2022:08:17:18:16:01,200;0;0;22.6;130.1;131.4;0.17;0;0;18.7;18.4;16.7;13322;12;1;0;0
2022:08:17:18:17:00,668;0;0;22.6;130.6;131.9;0.17;0;0;18.7;18.4;16.7;13322;12;1;0;0
2022:08:17:18:18:00,557;0;0;22.6;130.1;131.8;0.16;0;0;18.7;18.4;16.7;13322;12;1;0;0
2022:08:17:18:19:00,585;0;0;22.6;130.1;131.2;0.17;0;0;18.7;18.5;16.8;13322;12;1;0;0
2022:08:17:18:20:00,634;0;0;22.6;130.1;131.2;0.17;0;0;18.7;18.5;16.8;13322;12;1;0;0
2022:08:17:18:21:00,783;0;0;22.6;130.6;131.5;0.17;0;0;18.8;18.5;16.8;13322;12;1;0;0
2022:08:17:18:22:01,251;0;0;22.7;130.6;131.7;0.17;0;0;18.8;18.5;16.9;13322;12;1;0;0
2022:08:17:18:23:00,100;0;0;22.6;130.1;131.4;0.17;0;0;18.8;18.6;16.9;13322;12;1;0;0
2022:08:17:18:24:00,508;0;0;22.6;130.6;131.7;0.17;0;0;18.8;18.6;17.0;13322;12;1;0;0
2022:08:17:18:25:00,477;0;0;22.6;130.1;131.4;0.17;0;0;18.8;18.6;17.0;13322;12;1;0;0
2022:08:17:18:26:00,465;0;0;22.6;130.1;131.2;0.17;0;0;18.9;18.7;17.0;13322;12;1;0;0
2022:08:17:18:27:00,734;0;0;22.6;130.1;131.8;0.17;0;0;18.9;18.7;17.1;13322;12;1;0;0
2022:08:17:18:28:00,743;0;0;22.6;130.4;131.4;0.17;0;0;18.9;18.7;17.1;13322;12;1;0;0
2022:08:17:18:29:00,911;0;0;22.6;130.4;131.7;0.17;0;0;19.0;18.8;17.1;13322;12;1;0;0
2022:08:17:18:30:00,840;0;0;22.6;130.6;131.7;0.17;0;0;19.0;18.8;17.2;13322;12;1;0;0
2022:08:17:18:31:00,868;0;0;22.7;130.8;131.7;0.17;0;0;19.0;18.8;17.2;13322;12;1;0;0
2022:08:17:18:32:00,857;0;0;22.7;130.4;131.4;0.17;0;0;19.0;18.8;17.2;13322;12;1;0;0
2022:08:17:18:33:00,985;0;0;22.7;130.6;131.5;0.17;0;0;19.0;18.8;17.2;13322;12;1;0;0
2022:08:17:18:34:00,914;0;0;22.7;130.6;131.7;0.17;0;0;19.0;18.8;17.2;13322;12;1;0;0
2022:08:17:18:35:01,083;0;0;22.7;130.4;131.4;0.17;0;0;19.0;18.7;17.2;13322;12;1;0;0
2022:08:17:18:36:01,471;0;0;22.7;130.8;131.7;0.17;0;0;18.9;18.7;17.2;13322;12;1;0;0
2022:08:17:18:37:01,520;0;0;22.7;130.6;131.5;0.16;0;0;18.9;18.6;17.2;13322;12;1;0;0
2022:08:17:18:38:00,128;0;0;22.8;130.6;131.9;0.16;0;0;18.9;18.6;17.2;13322;12;1;0;0
2022:08:17:18:39:00,177;0;0;22.7;130.4;131.7;0.17;0;0;18.8;18.5;17.1;13322;12;1;0;0
2022:08:17:18:40:00,219;0;0;22.7;130.6;131.7;0.17;0;0;18.8;18.5;17.1;13322;12;1;0;0
2022:08:17:18:41:00,406;0;0;22.7;130.6;131.9;0.17;0;0;18.8;18.5;17.1;13322;12;1;0;0
2022:08:17:18:42:00,533;0;0;22.8;130.6;131.5;0.17;0;0;18.8;18.5;17.1;13322;12;1;0;0
2022:08:17:18:43:00,760;0;0;22.7;130.6;131.7;0.17;0;0;18.8;18.5;17.1;13322;12;1;0;0
2022:08:17:18:44:01,147;0;0;22.6;130.1;131.2;0.17;0;0;18.8;18.5;17.1;13322;12;1;0;0
2022:08:17:18:45:01,167;0;0;22.6;130.1;131.2;0.17;0;0;18.8;18.5;17.1;13322;12;1;0;0
2022:08:17:18:46:01,482;0;0;22.6;129.9;131.4;0.17;0;0;18.8;18.5;17.1;13322;12;1;0;0
2022:08:17:18:47:01,476;0;0;22.6;129.9;131.2;0.18;0;0;18.8;18.5;17.1;13322;12;1;0;0
2022:08:17:18:48:00,191;0;0;22.6;129.9;130.9;0.17;0;0;18.8;18.6;17.2;13322;12;1;0;0
2022:08:17:18:49:00,386;0;0;22.6;130.1;131.4;0.17;0;0;18.9;18.6;17.2;13322;12;1;0;0
2022:08:17:18:50:00,437;0;0;22.6;130.1;131.4;0.18;0;0;18.9;18.6;17.2;13322;12;1;0;0
2022:08:17:18:51:00,286;0;0;22.6;129.9;130.9;0.17;0;0;18.9;18.7;17.2;13322;12;1;0;0
2022:08:17:18:52:00,574;0;0;22.7;131.2;132.7;0.17;0;0;18.9;18.7;17.2;13322;12;1;0;0
2022:08:17:18:53:00,643;0;0;22.9;131.0;132.3;0.17;0;0;19.0;18.7;17.2;13322;12;1;0;0
2022:08:17:18:54:00,651;0;0;22.9;131.2;132.7;0.16;0;0;19.0;18.8;17.2;13322;12;1;0;0
2022:08:17:18:55:00,640;0;0;22.9;131.2;132.4;0.17;0;0;19.0;18.8;17.3;13322;12;1;0;0
2022:08:17:18:56:00,829;0;0;23.0;131.2;132.7;0.16;0;0;19.1;18.8;17.3;13322;12;1;0;0
2022:08:17:18:57:01,060;0;0;23.0;131.0;131.9;0.17;0;0;19.1;18.9;17.3;13322;12;1;0;0
2022:08:17:18:58:01,195;0;0;23.0;131.2;132.7;0.17;0;0;19.1;18.9;17.4;13322;12;1;0;0
2022:08:17:18:59:00,209;0;0;23.0;131.5;132.9;0.16;0;0;19.1;18.9;17.4;13322;12;1;0;0
2022:08:17:19:00:00,744;0;0;23.0;131.2;132.4;0.17;0;0;19.1;18.9;17.4;13322;12;1;0;0
2022:08:17:19:01:01,278;0;0;23.0;131.2;132.7;0.17;0;0;19.2;18.9;17.4;13322;12;1;0;0
2022:08:17:19:02:00,970;0;0;23.0;131.2;132.4;0.17;0;0;19.2;19.0;17.5;13322;12;1;0;0
2022:08:17:19:03:01,039;0;0;22.9;131.5;132.7;0.16;0;0;19.2;19.0;17.5;13322;12;1;0;0
2022:08:17:19:04:00,247;0;0;23.0;131.2;132.7;0.16;0;0;19.2;19.0;17.5;13322;12;1;0;0
2022:08:17:19:05:01,356;0;0;23.0;131.5;132.5;0.17;0;0;19.2;19.0;17.5;13322;12;1;0;0
2022:08:17:19:06:01,484;0;0;23.0;131.2;132.7;0.17;0;0;19.2;19.1;17.5;13322;12;1;0;0
2022:08:17:19:07:00,393;0;0;23.0;131.2;132.4;0.17;0;0;19.3;19.1;17.6;13322;12;1;0;0
2022:08:17:19:08:00,061;0;0;23.0;131.2;132.4;0.17;0;0;19.3;19.1;17.6;13322;12;1;0;0
2022:08:17:19:09:00,890;0;0;23.0;131.0;132.6;0.17;0;0;19.3;19.1;17.6;13322;12;1;0;0
2022:08:17:19:10:00,798;0;0;23.0;131.5;132.9;0.17;0;0;19.3;19.1;17.6;13322;12;1;0;0
2022:08:17:19:11:00,667;0;0;23.0;131.2;132.4;0.16;0;0;19.3;19.1;17.7;13322;12;1;0;0
2022:08:17:19:12:00,116;0;0;23.0;131.5;132.9;0.16;0;0;19.3;19.1;17.7;13322;12;1;0;0
2022:08:17:19:13:01,044;0;0;23.0;131.2;132.4;0.17;0;0;19.4;19.2;17.7;13322;12;1;0;0
2022:08:17:19:14:00,053;0;0;23.0;131.7;133.0;0.11;0;0;19.4;19.2;17.7;13322;12;1;0;0
2022:08:17:19:15:01,561;0;0;23.0;131.0;132.3;0.17;0;0;19.4;19.2;17.7;13322;12;1;0;0
2022:08:17:19:16:00,030;0;0;23.0;131.5;132.5;0.17;0;0;19.4;19.2;17.7;13322;12;1;0;0
2022:08:17:19:17:01,498;0;0;23.0;131.2;132.7;0.17;0;0;19.4;19.2;17.7;13322;12;1;0;0
2022:08:17:19:18:00,067;0;0;23.0;131.5;132.7;0.17;0;0;19.4;19.2;17.8;13322;12;1;0;0
2022:08:17:19:19:00,076;0;0;23.0;131.7;133.0;0.16;0;0;19.4;19.2;17.8;13322;12;1;0;0
2022:08:17:19:20:00,164;0;0;23.0;131.5;132.9;0.17;0;0;19.4;19.2;17.8;13322;12;1;0;0
2022:08:17:19:21:00,153;0;0;23.0;131.2;132.9;0.16;0;0;19.4;19.2;17.8;13322;12;1;0;0
2022:08:17:19:22:00,261;0;0;23.0;131.5;132.9;0.18;0;0;19.4;19.2;17.8;13322;12;1;0;0
2022:08:17:19:23:00,350;0;0;23.0;131.2;132.4;0.17;0;0;19.4;19.2;17.8;13322;12;1;0;0
2022:08:17:19:24:00,678;0;0;23.0;131.7;132.7;0.16;0;0;19.4;19.2;17.8;13322;12;1;0;0
2022:08:17:19:25:00,867;0;0;23.0;131.5;132.7;0.16;0;0;19.4;19.2;17.8;13322;12;1;0;0
2022:08:17:19:26:01,096;0;0;23.0;131.7;133.0;0.17;0;0;19.4;19.2;17.8;13322;12;1;0;0
2022:08:17:19:27:01,224;0;0;23.0;131.7;132.7;0.17;0;0;19.4;19.2;17.8;13322;12;1;0;0
2022:08:17:19:28:01,253;0;0;23.0;131.7;132.7;0.17;0;0;19.4;19.2;17.8;13322;12;1;0;0
2022:08:17:19:29:00,661;0;0;23.0;131.7;133.0;0.17;0;0;19.4;19.2;17.8;13322;12;1;0;0
2022:08:17:19:30:00,650;0;0;23.0;131.9;133.1;0.17;0;0;19.4;19.2;17.8;13322;12;1;0;0
2022:08:17:19:31:00,958;0;0;23.0;131.7;133.0;0.17;0;0;19.4;19.2;17.8;13322;12;1;0;0
2022:08:17:19:32:00,967;0;0;23.0;131.7;133.0;0.17;0;0;19.4;19.2;17.8;13322;12;1;0;0
2022:08:17:19:33:00,956;0;0;23.0;131.9;133.1;0.17;0;0;19.4;19.2;17.8;13322;12;1;0;0
2022:08:17:19:34:00,924;0;0;23.0;131.5;132.5;0.17;0;0;19.4;19.2;17.8;13322;12;1;0;0
2022:08:17:19:35:00,933;0;0;23.0;131.7;133.3;0.17;0;0;19.4;19.2;17.8;13322;12;1;0;0
2022:08:17:19:36:00,941;0;0;23.0;131.9;133.1;0.16;0;0;19.4;19.2;17.8;13322;12;1;0;0
2022:08:17:19:37:00,930;0;0;23.0;131.9;133.1;0.16;0;0;19.4;19.3;17.8;13322;12;1;0;0
2022:08:17:19:38:01,038;0;0;23.0;131.7;133.3;0.17;0;0;19.4;19.3;17.8;13322;12;1;0;0
2022:08:17:19:39:01,087;0;0;23.0;131.7;133.0;0.17;0;0;19.4;19.3;17.8;13322;12;1;0;0
2022:08:17:19:40:00,816;0;0;23.0;131.5;132.7;0.17;0;0;19.4;19.3;17.8;13322;12;1;0;0
2022:08:17:19:41:00,304;0;0;23.0;131.7;132.7;0.17;0;0;19.4;19.3;17.8;13322;12;1;0;0
2022:08:17:19:42:00,273;0;0;23.0;131.7;133.0;0.17;0;0;19.4;19.3;17.8;13322;12;1;0;0
2022:08:17:19:43:00,341;0;0;23.0;131.9;133.3;0.17;0;0;19.4;19.3;17.8;13322;12;1;0;0
2022:08:17:19:44:00,350;0;0;23.0;132.1;133.1;0.17;0;0;19.5;19.3;17.8;13322;12;1;0;0
2022:08:17:19:45:01,358;0;0;23.0;132.1;133.4;0.17;0;0;19.5;19.3;17.8;13322;12;1;0;0
2022:08:17:19:46:01,327;0;0;23.0;131.9;133.3;0.17;0;0;19.5;19.3;17.8;13322;12;1;0;0
2022:08:17:19:47:01,376;0;0;23.0;131.9;133.1;0.17;0;0;19.5;19.3;17.8;13322;12;1;0;0
2022:08:17:19:48:01,344;0;0;23.0;131.7;133.0;0.16;0;0;19.5;19.3;17.8;13322;12;1;0;0
2022:08:17:19:49:01,279;0;0;23.0;131.7;133.3;0.17;0;0;19.5;19.3;17.8;13322;12;1;0;0
2022:08:17:19:50:01,333;0;0;23.0;131.7;132.5;0.17;0;0;19.5;19.3;17.8;13322;12;1;0;0
2022:08:17:19:51:01,328;0;0;23.0;131.7;133.3;0.17;0;0;19.4;19.3;17.8;13322;12;1;0;0
2022:08:17:19:52:01,440;0;0;23.0;131.9;133.1;0.17;0;0;19.4;19.2;17.8;13322;12;1;0;0
2022:08:17:19:53:01,409;0;0;23.0;131.9;133.3;0.17;0;0;19.4;19.2;17.7;13322;12;1;0;0
2022:08:17:19:54:01,457;0;0;23.0;131.7;133.3;0.17;0;0;19.4;19.2;17.7;13322;12;1;0;0
2022:08:17:19:55:01,386;0;0;23.0;132.1;133.4;0.16;0;0;19.4;19.2;17.7;13322;12;1;0;0
2022:08:17:19:56:01,415;0;0;23.0;132.1;133.4;0.16;0;0;19.4;19.1;17.6;13322;12;1;0;0
2022:08:17:19:57:01,383;0;0;23.0;131.9;133.1;0.17;0;0;19.4;19.1;17.6;13322;12;1;0;0
2022:08:17:19:58:01,412;0;0;23.0;131.9;133.1;0.17;0;0;19.4;19.1;17.6;13322;12;1;0;0
2022:08:17:19:59:01,420;0;0;23.0;132.4;133.6;0.17;0;0;19.4;19.1;17.6;13322;12;1;0;0
2022:08:17:20:00:01,369;0;0;23.0;132.1;133.6;0.17;0;0;19.4;19.1;17.6;13322;12;1;0;0
2022:08:17:20:01:01,417;0;0;23.0;131.7;133.3;0.17;0;0;19.4;19.1;17.6;13322;12;1;0;0
2022:08:17:20:02:00,885;0;0;23.0;131.2;132.7;0.18;0;0;19.4;19.1;17.6;13322;12;1;0;0
2022:08:17:20:03:00,914;0;0;23.0;131.5;132.5;0.17;0;0;19.4;19.1;17.6;13322;12;1;0;0
2022:08:17:20:04:01,162;0;0;23.0;131.2;132.4;0.19;0;0;19.4;19.1;17.6;13322;12;1;0;0
2022:08:17:20:05:01,151;0;0;23.0;131.0;132.3;0.17;0;0;19.4;19.1;17.6;13322;12;1;0;0
2022:08:17:20:06:01,199;0;0;22.9;131.2;132.4;0.17;0;0;19.4;19.1;17.5;13322;12;1;0;0
2022:08:17:20:07:01,228;0;0;22.9;131.0;132.3;0.17;0;0;19.3;19.0;17.5;13322;12;1;0;0
2022:08:17:20:08:01,196;0;0;23.0;131.2;132.7;0.17;0;0;19.3;18.9;17.5;13322;12;1;0;0
2022:08:17:20:09:01,205;0;0;23.0;131.0;132.1;0.17;0;0;19.2;18.9;17.4;13322;12;1;0;0
2022:08:17:20:10:01,214;0;0;22.9;131.2;132.4;0.17;0;0;19.1;18.8;17.4;13322;12;1;0;0
2022:08:17:20:11:01,262;0;0;22.9;131.2;132.9;0.17;0;0;19.1;18.7;17.3;13322;12;1;0;0
2022:08:17:20:12:01,111;0;0;23.0;131.5;132.7;0.17;0;0;19.0;18.6;17.3;13322;12;1;0;0
2022:08:17:20:13:01,119;0;0;23.0;131.7;133.0;0.17;0;0;18.9;18.5;17.2;13322;12;1;0;0
2022:08:17:20:14:00,708;0;0;23.0;131.5;132.5;0.17;0;0;18.9;18.5;17.2;13322;12;1;0;0
2022:08:17:20:15:00,636;0;0;23.0;131.2;132.4;0.17;0;0;18.8;18.4;17.1;13322;12;1;0;0
2022:08:17:20:16:00,665;0;0;23.0;131.2;132.7;0.16;0;0;18.8;18.4;17.1;13322;12;1;0;0
2022:08:17:20:17:00,634;0;0;23.0;131.9;133.3;0.17;0;0;18.7;18.4;17.0;13322;12;1;0;0
2022:08:17:20:18:00,642;0;0;23.0;131.5;132.9;0.17;0;0;18.7;18.4;17.0;13322;12;1;0;0
2022:08:17:20:19:00,531;0;0;23.0;131.5;132.9;0.17;0;0;18.7;18.3;16.9;13322;12;1;0;0
2022:08:17:20:20:00,559;0;0;23.0;131.5;132.9;0.17;0;0;18.6;18.3;16.9;13322;12;1;0;0
2022:08:17:20:21:00,568;0;0;23.0;131.5;132.7;0.17;0;0;18.6;18.3;16.9;13322;12;1;0;0
2022:08:17:20:22:00,596;0;0;23.0;131.7;133.0;0.17;0;0;18.6;18.3;16.9;13322;12;1;0;0
2022:08:17:20:23:00,525;0;0;23.0;131.7;133.3;0.18;0;0;18.6;18.3;16.8;13322;12;1;0;0
2022:08:17:20:24:00,494;0;0;23.0;131.9;133.1;0.17;0;0;18.6;18.3;16.8;13322;12;1;0;0
2022:08:17:20:25:00,342;0;0;23.0;131.9;133.1;0.17;0;0;18.6;18.3;16.8;13322;12;1;0;0
2022:08:17:20:26:00,411;0;0;23.0;131.5;132.7;0.17;0;0;18.6;18.4;16.8;13322;12;1;0;0
2022:08:17:20:27:00,419;0;0;23.0;131.7;133.0;0.17;0;0;18.6;18.4;16.8;13322;12;1;0;0
2022:08:17:20:28:00,488;0;0;23.0;131.7;132.7;0.17;0;0;18.6;18.4;16.8;13322;12;1;0;0
2022:08:17:20:29:00,556;0;0;23.0;131.5;132.7;0.17;0;0;18.7;18.4;16.8;13322;12;1;0;0
2022:08:17:20:30:00,545;0;0;23.0;131.7;132.7;0.17;0;0;18.7;18.4;16.9;13322;12;1;0;0
2022:08:17:20:31:00,734;0;0;23.0;131.7;132.7;0.16;0;0;18.7;18.4;16.9;13322;12;1;0;0
2022:08:17:20:32:00,682;0;0;23.0;131.9;133.1;0.17;0;0;18.7;18.4;16.9;13322;12;1;0;0
2022:08:17:20:33:00,691;0;0;23.0;131.7;133.3;0.17;0;0;18.7;18.4;16.9;13322;12;1;0;0
2022:08:17:20:34:00,719;0;0;23.0;131.9;133.3;0.17;0;0;18.7;18.4;16.9;13322;12;1;0;0
2022:08:17:20:35:00,628;0;0;23.0;131.9;133.6;0.17;0;0;18.8;18.5;16.9;13322;12;1;0;0
2022:08:17:20:36:00,696;0;0;23.0;131.9;133.3;0.17;0;0;18.8;18.5;17.0;13322;12;1;0;0
2022:08:17:20:37:00,665;0;0;23.0;132.1;133.4;0.17;0;0;18.8;18.5;17.0;13322;12;1;0;0
2022:08:17:20:38:00,694;0;0;23.0;131.9;133.3;0.17;0;0;18.8;18.5;17.0;13322;12;1;0;0
2022:08:17:20:39:00,662;0;0;23.0;131.9;133.8;0.17;0;0;18.8;18.6;17.0;13322;12;1;0;0
2022:08:17:20:40:00,651;0;0;23.0;132.1;133.4;0.17;0;0;18.8;18.6;17.1;13322;12;1;0;0
2022:08:17:20:41:00,659;0;0;23.0;132.1;133.1;0.17;0;0;18.9;18.6;17.1;13322;12;1;0;0
2022:08:17:20:42:00,088;0;0;23.0;132.4;133.6;0.17;0;0;18.9;18.6;17.1;13322;12;1;0;0
2022:08:17:20:43:00,036;0;0;23.0;132.1;133.6;0.17;0;0;18.9;18.6;17.1;13322;12;1;0;0
2022:08:17:20:44:00,165;0;0;23.0;132.4;133.6;0.16;0;0;18.9;18.7;17.1;13322;12;1;0;0
2022:08:17:20:45:00,154;0;0;23.1;132.4;133.2;0.17;0;0;18.9;18.7;17.2;13322;12;1;0;0
2022:08:17:20:46:00,042;0;0;23.0;131.9;133.6;0.17;0;0;19.0;18.7;17.2;13322;12;1;0;0
2022:08:17:20:47:01,511;0;0;23.0;132.1;133.6;0.17;0;0;19.0;18.7;17.2;13322;12;1;0;0
2022:08:17:20:48:00,059;0;0;23.0;132.4;133.6;0.17;0;0;19.0;18.7;17.2;13322;12;1;0;0
2022:08:17:20:49:00,028;0;0;23.1;132.4;133.6;0.17;0;0;19.0;18.8;17.2;13322;12;1;0;0
2022:08:17:20:50:01,496;0;0;23.0;132.1;133.6;0.17;0;0;19.0;18.8;17.2;13322;12;1;0;0
2022:08:17:20:51:01,425;0;0;23.0;132.4;133.6;0.17;0;0;19.0;18.8;17.2;13322;12;1;0;0
2022:08:17:20:52:01,413;0;0;23.0;132.1;133.6;0.17;0;0;19.1;18.8;17.2;13322;12;1;0;0
2022:08:17:20:53:01,442;0;0;23.0;132.4;133.2;0.17;0;0;19.1;18.8;17.3;13322;12;1;0;0
2022:08:17:20:54:01,511;0;0;23.0;132.4;133.6;0.17;0;0;19.1;18.8;17.3;13322;12;1;0;0
2022:08:17:20:55:00,079;0;0;23.1;132.6;133.6;0.17;0;0;19.1;18.9;17.3;13322;12;1;0;0
2022:08:17:20:56:00,168;0;0;23.1;132.6;133.6;0.17;0;0;19.1;18.9;17.3;13322;12;1;0;0
2022:08:17:20:57:01,476;0;0;23.2;132.6;133.9;0.17;0;0;19.1;18.9;17.3;13322;12;1;0;0
2022:08:17:20:58:00,045;0;0;23.1;132.4;133.6;0.17;0;0;19.1;18.9;17.3;13322;12;1;0;0
2022:08:17:20:59:00,074;0;0;23.0;132.1;133.4;0.17;0;0;19.1;18.9;17.4;13322;12;1;0;0
2022:08:17:21:00:00,003;0;0;23.0;132.1;133.1;0.17;0;0;19.2;18.9;17.4;13322;12;1;0;0
2022:08:17:21:01:01,498;0;0;23.0;132.1;133.4;0.17;0;0;19.2;18.9;17.4;13322;12;1;0;0
2022:08:17:21:02:01,472;0;0;23.0;132.1;133.4;0.17;0;0;19.2;18.9;17.4;13322;12;1;0;0
2022:08:17:21:03:00,027;0;0;23.0;131.9;133.3;0.17;0;0;19.2;18.9;17.4;13322;12;1;0;0
2022:08:17:21:04:00,021;0;0;23.0;131.9;133.1;0.17;0;0;19.2;19.0;17.4;13322;12;1;0;0
2022:08:17:21:05:01,515;0;0;23.0;131.7;133.0;0.16;0;0;19.2;19.0;17.4;13322;12;1;0;0
2022:08:17:21:06:01,543;0;0;23.0;131.9;133.3;0.17;0;0;19.2;19.0;17.4;13322;12;1;0;0
2022:08:17:21:07:00,012;0;0;23.0;132.1;133.1;0.17;0;0;19.2;19.0;17.4;13322;12;1;0;0
2022:08:17:21:08:01,461;0;0;23.0;132.1;133.4;0.17;0;0;19.2;19.0;17.5;13322;12;1;0;0
2022:08:17:21:09:01,509;0;0;23.0;132.1;133.1;0.17;0;0;19.2;19.0;17.5;13322;12;1;0;0
2022:08:17:21:10:00,278;0;0;23.0;131.9;133.1;0.17;0;0;19.3;19.0;17.5;13322;12;1;0;0
2022:08:17:21:11:01,466;0;0;23.0;132.4;133.2;0.17;0;0;19.3;19.0;17.5;13322;12;1;0;0
2022:08:17:21:12:01,475;0;0;23.0;132.6;133.6;0.17;0;0;19.3;19.0;17.5;13322;12;1;0;0
2022:08:17:21:13:01,483;0;0;23.0;132.6;133.9;0.17;0;0;19.3;19.0;17.5;13322;12;1;0;0
2022:08:17:21:14:01,452;0;0;23.1;132.4;133.8;0.17;0;0;19.3;19.1;17.6;13322;12;1;0;0
2022:08:17:21:15:01,481;0;0;23.1;132.6;133.9;0.17;0;0;19.3;19.1;17.6;13322;12;1;0;0
2022:08:17:21:16:01,509;0;0;23.1;132.6;133.9;0.16;0;0;19.3;19.0;17.6;13322;12;1;0;0
2022:08:17:21:17:01,478;0;0;23.1;132.4;133.6;0.17;0;0;19.3;19.1;17.6;13322;12;1;0;0
2022:08:17:21:18:01,486;0;0;23.1;132.8;134.0;0.17;0;0;19.3;19.1;17.6;13322;12;1;0;0
2022:08:17:21:19:01,495;0;0;23.1;132.6;133.9;0.17;0;0;19.3;19.1;17.6;13322;12;1;0;0
2022:08:17:21:20:01,503;0;0;23.1;132.4;133.6;0.16;0;0;19.3;19.1;17.6;13322;12;1;0;0
2022:08:17:21:21:00,012;0;0;23.1;132.4;133.6;0.13;0;0;19.3;19.1;17.6;13322;12;1;0;0
2022:08:17:21:22:00,041;0;0;23.1;132.4;133.6;0.17;0;0;19.3;19.1;17.6;13322;12;1;0;0
2022:08:17:21:23:01,489;0;0;23.1;132.6;133.9;0.17;0;0;19.3;19.1;17.6;13322;12;1;0;0
2022:08:17:21:24:01,438;0;0;23.1;132.4;133.8;0.14;0;0;19.3;19.1;17.6;13322;12;1;0;0
2022:08:17:21:25:01,426;0;0;23.1;132.4;133.2;0.16;0;0;19.4;19.1;17.6;13322;12;1;0;0
2022:08:17:21:26:01,335;0;0;23.0;132.4;133.8;0.17;0;0;19.4;19.1;17.6;13322;12;1;0;0
2022:08:17:21:27:01,323;0;0;23.0;132.1;133.1;0.17;0;0;19.4;19.1;17.6;13322;12;1;0;0
2022:08:17:21:28:01,412;0;0;23.1;132.6;134.2;0.17;0;0;19.4;19.1;17.7;13322;12;1;0;0
2022:08:17:21:29:01,481;0;0;23.1;132.4;133.8;0.17;0;0;19.4;19.2;17.7;13322;12;1;0;0
2022:08:17:21:30:01,469;0;0;23.1;132.6;134.2;0.16;0;0;19.4;19.2;17.7;13322;12;1;0;0
2022:08:17:21:31:01,558;0;0;23.1;132.6;133.9;0.16;0;0;19.4;19.2;17.7;13322;12;1;0;0
2022:08:17:21:32:00,046;0;0;23.1;132.6;134.2;0.16;0;0;19.4;19.2;17.7;13322;12;1;0;0
2022:08:17:21:33:00,075;0;0;23.1;132.8;134.0;0.17;0;0;19.4;19.2;17.7;13322;12;1;0;0
2022:08:17:21:34:00,143;0;0;23.2;132.8;134.2;0.16;0;0;19.4;19.2;17.7;13322;12;1;0;0
2022:08:17:21:35:00,132;0;0;23.1;132.8;134.5;0.16;0;0;19.4;19.2;17.7;13322;12;1;0;0
2022:08:17:21:36:00,101;0;0;23.2;133.0;134.0;0.16;0;0;19.4;19.2;17.7;13322;12;1;0;0
2022:08:17:21:37:00,189;0;0;23.1;132.8;134.5;0.17;0;0;19.4;19.2;17.7;13322;12;1;0;0
2022:08:17:21:38:00,238;0;0;23.2;133.0;134.5;0.16;0;0;19.4;19.2;17.7;13322;12;1;0;0
2022:08:17:21:39:00,206;0;0;23.3;133.3;134.8;0.16;0;0;19.4;19.2;17.8;13322;12;1;0;0
2022:08:17:21:40:00,195;0;0;23.3;133.5;134.6;0.16;0;0;19.4;19.2;17.8;13322;12;1;0;0
2022:08:17:21:41:00,103;0;0;23.3;133.3;134.6;0.16;0;0;19.4;19.2;17.8;13322;12;1;0;0
2022:08:17:21:42:00,092;0;0;23.3;133.5;134.9;0.16;0;0;19.4;19.2;17.8;13322;12;1;0;0
2022:08:17:21:43:00,061;0;0;23.2;132.1;133.4;0.16;0;0;19.4;19.3;17.8;13322;12;1;0;0
2022:08:17:21:44:00,029;0;0;23.0;132.1;133.4;0.16;0;0;19.4;19.3;17.8;13322;12;1;0;0
2022:08:17:21:45:01,558;0;0;23.0;132.1;133.1;0.17;0;0;19.4;19.3;17.8;13322;12;1;0;0
2022:08:17:21:46:00,026;0;0;23.0;132.1;133.4;0.17;0;0;19.4;19.3;17.8;13322;12;1;0;0
2022:08:17:21:47:00,015;0;0;23.0;132.1;133.4;0.16;0;0;19.4;19.3;17.8;13322;12;1;0;0
2022:08:17:21:48:00,043;0;0;23.0;132.4;133.6;0.17;0;0;19.4;19.3;17.8;13322;12;1;0;0
2022:08:17:21:49:00,072;0;0;23.0;132.1;133.6;0.17;0;0;19.5;19.3;17.8;13322;12;1;0;0
2022:08:17:21:50:00,101;0;0;23.0;132.1;133.4;0.16;0;0;19.5;19.3;17.8;13322;12;1;0;0
2022:08:17:21:51:00,069;0;0;23.0;132.6;133.6;0.16;0;0;19.5;19.3;17.9;13322;12;1;0;0
2022:08:17:21:52:01,478;0;0;23.1;132.4;133.6;0.17;0;0;19.5;19.3;17.9;13322;12;1;0;0
2022:08:17:21:53:00,052;0;0;23.1;132.6;133.6;0.16;0;0;19.5;19.3;17.9;13322;12;1;0;0
2022:08:17:21:54:00,067;0;0;23.1;132.6;133.9;0.17;0;0;19.5;19.3;17.9;13322;12;1;0;0
2022:08:17:21:55:00,041;0;0;23.2;132.6;134.2;0.17;0;0;19.5;19.3;17.9;13322;12;1;0;0
2022:08:17:21:56:00,136;0;0;23.1;132.6;133.9;0.16;0;0;19.5;19.3;17.9;13322;12;1;0;0
2022:08:17:21:57:00,051;0;0;23.1;132.8;134.2;0.16;0;0;19.5;19.3;17.9;13322;12;1;0;0
2022:08:17:21:58:00,039;0;0;23.2;132.8;134.0;0.16;0;0;19.5;19.3;17.9;13322;12;1;0;0
2022:08:17:21:59:00,088;0;0;23.2;132.8;134.2;0.16;0;0;19.5;19.3;17.9;13322;12;1;0;0
2022:08:17:22:00:00,056;0;0;23.2;132.6;133.6;0.16;0;0;19.5;19.4;17.9;13322;12;1;0;0
2022:08:17:22:01:00,145;0;0;23.2;132.8;134.0;0.17;0;0;19.5;19.4;17.9;13322;12;1;0;0
2022:08:17:22:02:00,213;0;0;23.2;132.8;134.0;0.17;0;0;19.5;19.4;17.9;13322;12;1;0;0
2022:08:17:22:03:00,202;0;0;23.1;132.6;133.9;0.17;0;0;19.6;19.4;17.9;13322;12;1;0;0
2022:08:17:22:04:00,350;0;0;23.1;132.4;133.2;0.16;0;0;19.6;19.4;17.9;13322;12;1;0;0
2022:08:17:22:05:00,439;0;0;23.1;132.6;133.9;0.16;0;0;19.6;19.4;18.0;13322;12;1;0;0
2022:08:17:22:06:00,628;0;0;23.1;132.4;133.6;0.16;0;0;19.6;19.4;18.0;13322;12;1;0;0
2022:08:17:22:07:00,676;0;0;23.1;132.6;133.6;0.16;0;0;19.6;19.4;18.0;13322;12;1;0;0
2022:08:17:22:08:00,645;0;0;23.1;132.4;133.6;0.16;0;0;19.6;19.4;18.0;13322;12;1;0;0
2022:08:17:22:09:00,673;0;0;23.0;132.6;133.6;0.17;0;0;19.6;19.4;18.0;13322;12;1;0;0
2022:08:17:22:10:00,642;0;0;23.0;132.4;133.2;0.16;0;0;19.6;19.4;18.0;13322;12;1;0;0
2022:08:17:22:11:00,670;0;0;23.1;132.4;133.2;0.16;0;0;19.6;19.4;18.0;13322;12;1;0;0
2022:08:17:22:12:00,679;0;0;23.1;132.6;133.6;0.16;0;0;19.6;19.4;18.0;13322;12;1;0;0
2022:08:17:22:13:00,688;0;0;23.1;132.8;134.2;0.16;0;0;19.6;19.4;18.0;13322;12;1;0;0
2022:08:17:22:14:00,716;0;0;23.1;132.6;133.6;0.16;0;0;19.7;19.4;18.1;13322;12;1;0;0
2022:08:17:22:15:00,705;0;0;23.1;132.6;133.9;0.17;0;0;19.7;19.4;18.1;13322;12;1;0;0
2022:08:17:22:16:00,653;0;0;23.1;132.6;133.9;0.17;0;0;19.7;19.4;18.1;13322;12;1;0;0
2022:08:17:22:17:01,362;0;0;23.2;132.6;133.6;0.16;0;0;19.7;19.4;18.1;13322;12;1;0;0
2022:08:17:22:18:01,330;0;0;23.1;132.1;133.6;0.17;0;0;19.7;19.4;18.1;13322;12;1;0;0
2022:08:17:22:19:01,379;0;0;23.0;131.9;133.1;0.17;0;0;19.7;19.4;18.1;13322;12;1;0;0
2022:08:17:22:20:01,388;0;0;23.0;131.9;133.3;0.16;0;0;19.7;19.4;18.1;13322;12;1;0;0
2022:08:17:22:21:01,416;0;0;23.0;131.7;133.0;0.17;0;0;19.7;19.4;18.1;13322;12;1;0;0
2022:08:17:22:22:01,305;0;0;23.0;131.7;133.3;0.17;0;0;19.7;19.4;18.1;13322;12;1;0;0
2022:08:17:22:23:01,353;0;0;23.0;131.9;133.3;0.17;0;0;19.7;19.4;18.1;13322;12;1;0;0
2022:08:17:22:24:01,362;0;0;23.0;131.9;132.8;0.17;0;0;19.7;19.4;18.1;13322;12;1;0;0
2022:08:17:22:25:01,410;0;0;23.0;131.9;133.1;0.16;0;0;19.7;19.4;18.1;13322;12;1;0;0
2022:08:17:22:26:01,279;0;0;23.0;131.9;133.3;0.17;0;0;19.7;19.5;18.1;13322;12;1;0;0
2022:08:17:22:27:01,208;0;0;23.0;132.1;133.4;0.17;0;0;19.7;19.5;18.1;13322;12;1;0;0
2022:08:17:22:28:01,116;0;0;23.0;131.9;133.1;0.17;0;0;19.7;19.5;18.1;13322;12;1;0;0
2022:08:17:22:29:01,165;0;0;23.0;131.9;133.3;0.17;0;0;19.7;19.5;18.1;13322;12;1;0;0
2022:08:17:22:30:01,153;0;0;23.0;132.1;133.4;0.16;0;0;19.7;19.5;18.1;13322;12;1;0;0
2022:08:17:22:31:01,082;0;0;23.0;132.4;133.2;0.16;0;0;19.7;19.5;18.1;13322;12;1;0;0
2022:08:17:22:32:01,070;0;0;23.0;132.1;133.4;0.16;0;0;19.7;19.5;18.1;13322;12;1;0;0
2022:08:17:22:33:01,139;0;0;23.0;132.1;133.6;0.17;0;0;19.7;19.5;18.1;13322;12;1;0;0
2022:08:17:22:34:01,108;0;0;23.0;132.4;133.6;0.17;0;0;19.8;19.5;18.1;13322;12;1;0;0
2022:08:17:22:35:01,136;0;0;23.0;132.4;133.6;0.17;0;0;19.8;19.5;18.1;13322;12;1;0;0
2022:08:17:22:36:01,165;0;0;23.1;132.6;133.6;0.16;0;0;19.8;19.5;18.1;13322;12;1;0;0
2022:08:17:22:37:01,133;0;0;23.1;132.4;133.8;0.16;0;0;19.8;19.5;18.1;13322;12;1;0;0
2022:08:17:22:38:01,142;0;0;23.1;132.6;133.9;0.16;0;0;19.8;19.5;18.1;13322;12;1;0;0
2022:08:17:22:39:01,210;0;0;23.1;132.8;133.7;0.16;0;0;19.8;19.5;18.1;13322;12;1;0;0
2022:08:17:22:40:01,199;0;0;23.2;132.8;134.0;0.17;0;0;19.8;19.5;18.1;13322;12;1;0;0
2022:08:17:22:41:01,187;0;0;23.2;132.8;134.2;0.16;0;0;19.8;19.5;18.2;13322;12;1;0;0
2022:08:17:22:42:01,156;0;0;23.2;132.8;134.0;0.16;0;0;19.8;19.5;18.2;13322;12;1;0;0
2022:08:17:22:43:01,105;0;0;23.2;132.4;133.6;0.16;0;0;19.8;19.5;18.2;13322;12;1;0;0
2022:08:17:22:44:01,033;0;0;23.1;132.4;133.8;0.17;0;0;19.8;19.5;18.1;13322;12;1;0;0
2022:08:17:22:45:01,122;0;0;23.1;132.4;133.8;0.16;0;0;19.8;19.5;18.1;13322;12;1;0;0
2022:08:17:22:46:01,210;0;0;23.0;131.9;133.3;0.16;0;0;19.8;19.5;18.1;13322;12;1;0;0
2022:08:17:22:47:00,999;0;0;23.0;132.1;133.9;0.17;0;0;19.8;19.5;18.1;13322;12;1;0;0
2022:08:17:22:48:01,287;0;0;23.0;132.1;133.6;0.16;0;0;19.8;19.5;18.1;13322;12;1;0;0
2022:08:17:22:49:01,196;0;0;23.0;131.9;133.6;0.16;0;0;19.8;19.5;18.1;13322;12;1;0;0
2022:08:17:22:50:01,145;0;0;23.0;132.4;133.6;0.17;0;0;19.8;19.5;18.1;13322;12;1;0;0
2022:08:17:22:51:01,153;0;0;23.0;132.1;133.6;0.17;0;0;19.8;19.5;18.2;13322;12;1;0;0
2022:08:17:22:52:01,242;0;0;23.0;132.4;133.8;0.16;0;0;19.8;19.5;18.1;13322;12;1;0;0
2022:08:17:22:53:01,310;0;0;23.1;132.4;133.2;0.16;0;0;19.8;19.5;18.2;13322;12;1;0;0
2022:08:17:22:54:01,319;0;0;23.1;132.6;133.6;0.13;0;0;19.8;19.5;18.2;13322;12;1;0;0
2022:08:17:22:55:01,367;0;0;23.1;132.6;133.9;0.16;0;0;19.8;19.5;18.2;13322;12;1;0;0
2022:08:17:22:56:01,396;0;0;23.1;132.6;133.9;0.17;0;0;19.8;19.5;18.1;13322;12;1;0;0
2022:08:17:22:57:01,365;0;0;23.1;132.8;134.0;0.16;0;0;19.8;19.5;18.1;13322;12;1;0;0
2022:08:17:22:58:01,333;0;0;23.1;132.4;133.0;0.16;0;0;19.8;19.5;18.1;13322;12;1;0;0
2022:08:17:22:59:01,322;0;0;23.0;131.9;133.3;0.16;0;0;19.8;19.5;18.1;13322;12;1;0;0
2022:08:17:23:00:01,370;0;0;23.0;131.9;133.3;0.17;0;0;19.8;19.5;18.1;13322;12;1;0;0
2022:08:17:23:01:01,324;0;0;23.0;131.9;133.1;0.17;0;0;19.8;19.5;18.1;13322;12;1;0;0
2022:08:17:23:02:01,519;0;0;23.0;131.9;132.8;0.16;0;0;19.8;19.5;18.1;13322;12;1;0;0
2022:08:17:23:03:01,473;0;0;23.0;131.9;133.1;0.16;0;0;19.8;19.5;18.1;13322;12;1;0;0
2022:08:17:23:04:01,508;0;0;23.0;131.9;132.8;0.17;0;0;19.8;19.5;18.1;13322;12;1;0;0
2022:08:17:23:05:00,021;0;0;23.0;132.1;133.4;0.16;0;0;19.8;19.5;18.1;13322;12;1;0;0
2022:08:17:23:06:00,032;0;0;23.0;132.4;133.2;0.17;0;0;19.8;19.5;18.1;13322;12;1;0;0
2022:08:17:23:07:00,080;0;0;23.0;132.4;133.6;0.19;0;0;19.8;19.5;18.1;13322;12;1;0;0
2022:08:17:23:08:00,089;0;0;23.0;132.1;133.4;0.16;0;0;19.8;19.5;18.1;13322;12;1;0;0
2022:08:17:23:09:00,097;0;0;23.0;132.1;133.6;0.17;0;0;19.8;19.6;18.2;13322;12;1;0;0
2022:08:17:23:10:01,526;0;0;23.0;132.1;133.4;0.16;0;0;19.8;19.6;18.2;13322;12;1;0;0
2022:08:17:23:11:01,495;0;0;23.0;132.1;133.6;0.17;0;0;19.8;19.6;18.1;13322;12;1;0;0
2022:08:17:23:12:00,063;0;0;23.0;132.4;133.6;0.17;0;0;19.8;19.6;18.2;13322;12;1;0;0
2022:08:17:23:13:00,092;0;0;23.0;132.4;133.6;0.16;0;0;19.8;19.6;18.2;13322;12;1;0;0
2022:08:17:23:14:00,080;0;0;23.0;132.4;133.6;0.16;0;0;19.8;19.6;18.2;13322;12;1;0;0
2022:08:17:23:15:00,129;0;0;23.0;131.9;133.3;0.16;0;0;19.9;19.6;18.2;13322;12;1;0;0
2022:08:17:23:16:00,097;0;0;23.0;132.4;133.2;0.16;0;0;19.9;19.6;18.2;13322;12;1;0;0
2022:08:17:23:17:00,086;0;0;23.0;132.1;133.6;0.17;0;0;19.9;19.6;18.2;13322;12;1;0;0
2022:08:17:23:18:00,075;0;0;23.0;132.6;133.6;0.16;0;0;19.9;19.6;18.2;13322;12;1;0;0
2022:08:17:23:19:00,043;0;0;23.0;132.6;133.9;0.16;0;0;19.9;19.6;18.2;13322;12;1;0;0
2022:08:17:23:20:00,032;0;0;23.0;132.6;133.6;0.16;0;0;19.9;19.6;18.2;13322;12;1;0;0
2022:08:17:23:21:00,080;0;0;23.1;132.6;133.6;0.16;0;0;19.9;19.6;18.2;13322;12;1;0;0
2022:08:17:23:22:00,009;0;0;23.1;132.6;133.6;0.17;0;0;19.9;19.6;18.2;13322;12;1;0;0
2022:08:17:23:23:00,037;0;0;23.1;132.4;133.0;0.16;0;0;19.9;19.6;18.2;13322;12;1;0;0
2022:08:17:23:24:00,046;0;0;23.1;132.4;133.6;0.17;0;0;19.9;19.6;18.2;13322;12;1;0;0
2022:08:17:23:25:00,115;0;0;23.0;132.1;133.1;0.17;0;0;19.9;19.6;18.2;13322;12;1;0;0
2022:08:17:23:26:00,223;0;0;23.0;132.1;133.4;0.16;0;0;19.9;19.6;18.2;13322;12;1;0;0
2022:08:17:23:27:00,192;0;0;23.0;131.9;133.3;0.17;0;0;19.9;19.6;18.2;13322;12;1;0;0
2022:08:17:23:28:01,541;0;0;23.0;131.9;133.3;0.16;0;0;19.9;19.6;18.2;13322;12;1;0;0
2022:08:17:23:29:00,029;0;0;23.0;131.9;133.3;0.16;0;0;19.9;19.6;18.2;13322;12;1;0;0
2022:08:17:23:30:00,017;0;0;23.0;131.7;133.0;0.17;0;0;19.9;19.6;18.2;13322;12;1;0;0
2022:08:17:23:31:00,066;0;0;23.0;131.9;133.1;0.16;0;0;19.9;19.6;18.2;13322;12;1;0;0
2022:08:17:23:32:01,514;0;0;23.0;131.9;132.8;0.16;0;0;19.9;19.6;18.2;13322;12;1;0;0
2022:08:17:23:33:01,543;0;0;23.0;131.9;133.3;0.16;0;0;19.9;19.6;18.2;13322;12;1;0;0
2022:08:17:23:34:01,452;0;0;23.0;132.1;133.6;0.17;0;0;19.9;19.6;18.2;13322;12;1;0;0
2022:08:17:23:35:01,500;0;0;23.0;132.1;133.4;0.17;0;0;19.9;19.6;18.2;13322;12;1;0;0
2022:08:17:23:36:01,469;0;0;23.0;131.9;132.8;0.16;0;0;19.9;19.6;18.2;13322;12;1;0;0
2022:08:17:23:37:01,297;0;0;23.0;132.1;133.4;0.17;0;0;19.9;19.6;18.2;13322;12;1;0;0
2022:08:17:23:38:01,326;0;0;23.0;132.1;133.6;0.16;0;0;19.9;19.6;18.2;13322;12;1;0;0
2022:08:17:23:39:01,314;0;0;23.0;132.4;133.6;0.16;0;0;19.9;19.6;18.2;13322;12;1;0;0
2022:08:17:23:40:01,323;0;0;23.0;132.1;133.4;0.17;0;0;19.9;19.6;18.2;13322;12;1;0;0
2022:08:17:23:41:01,352;0;0;23.0;132.1;133.4;0.17;0;0;19.9;19.6;18.2;13322;12;1;0;0
2022:08:17:23:42:01,300;0;0;23.0;132.1;133.4;0.16;0;0;19.9;19.6;18.1;13322;12;1;0;0
2022:08:17:23:43:01,269;0;0;23.0;132.1;133.4;0.17;0;0;19.9;19.6;18.1;13322;12;1;0;0
2022:08:17:23:44:01,217;0;0;23.0;132.4;133.2;0.16;0;0;19.9;19.6;18.1;13322;12;1;0;0
2022:08:17:23:45:01,166;0;0;23.0;132.6;133.4;0.16;0;0;19.9;19.6;18.1;13322;12;1;0;0
2022:08:17:23:46:01,314;0;0;23.1;132.6;133.4;0.16;0;0;19.9;19.6;18.1;13322;12;1;0;0
2022:08:17:23:47:01,263;0;0;23.1;132.4;133.6;0.17;0;0;19.9;19.6;18.1;13322;12;1;0;0
2022:08:17:23:48:01,292;0;0;23.1;132.4;133.2;0.16;0;0;19.9;19.6;18.1;13322;12;1;0;0
2022:08:17:23:49:01,280;0;0;23.1;132.6;133.6;0.16;0;0;19.9;19.6;18.1;13322;12;1;0;0
2022:08:17:23:50:01,269;0;0;23.1;132.6;133.6;0.16;0;0;19.9;19.6;18.1;13322;12;1;0;0
2022:08:17:23:51:01,197;0;0;23.1;132.8;133.7;0.17;0;0;19.9;19.6;18.1;13322;12;1;0;0
2022:08:17:23:52:01,226;0;0;23.2;132.8;133.7;0.16;0;0;19.9;19.6;18.1;13322;12;1;0;0
2022:08:17:23:53:01,194;0;0;23.1;132.6;133.6;0.16;0;0;19.9;19.6;18.1;13322;12;1;0;0
2022:08:17:23:54:01,203;0;0;23.2;132.6;133.9;0.16;0;0;19.9;19.6;18.2;13322;12;1;0;0
2022:08:17:23:55:01,172;0;0;23.1;132.4;133.2;0.16;0;0;19.9;19.6;18.1;13322;12;1;0;0
2022:08:17:23:56:01,180;0;0;23.1;132.6;133.6;0.16;0;0;19.9;19.6;18.1;13322;12;1;0;0
2022:08:17:23:57:01,189;0;0;23.1;132.8;133.7;0.14;0;0;19.9;19.6;18.2;13322;12;1;0;0
2022:08:17:23:58:01,277;0;0;23.1;132.6;133.6;0.16;0;0;19.9;19.6;18.2;13322;12;1;0;0
2022:08:17:23:59:01,246;0;0;23.0;131.5;132.7;0.17;0;0;19.9;19.6;18.2;13322;12;1;0;0
2022:08:18:00:01:14,025;0;0;22.9;131.0;132.3;0.17;0;0;19.9;19.6;18.1;13323;107;1;0;0
2022:08:18:00:02:00,772;0;0;22.9;131.2;132.4;0.16;0;0;19.9;19.6;18.2;13323;107;1;0;0
2022:08:18:00:03:00,781;0;0;22.9;131.5;132.7;0.16;0;0;19.9;19.6;18.2;13323;107;1;0;0
2022:08:18:00:04:00,810;0;0;22.9;131.2;132.7;0.16;0;0;19.9;19.6;18.2;13323;107;1;0;0
2022:08:18:00:05:00,818;0;0;22.9;131.2;132.7;0.17;0;0;19.8;19.6;18.1;13323;107;1;0;0
2022:08:18:00:06:00,807;0;0;22.9;131.2;132.1;0.16;0;0;19.8;19.6;18.1;13323;107;1;0;0
2022:08:18:00:07:00,015;0;0;23.0;131.2;132.4;0.16;0;0;19.8;19.6;18.1;13323;107;1;0;0
2022:08:18:00:08:01,484;0;0;23.0;131.5;132.5;0.16;0;0;19.8;19.5;18.1;13323;107;1;0;0
2022:08:18:00:09:01,512;0;0;23.0;131.5;132.5;0.16;0;0;19.8;19.5;18.1;13323;107;1;0;0
2022:08:18:00:10:01,461;0;0;23.0;131.5;132.7;0.16;0;0;19.8;19.5;18.1;13323;107;1;0;0
2022:08:18:00:11:01,489;0;0;22.9;131.2;132.1;0.17;0;0;19.8;19.5;18.1;13323;107;1;0;0
2022:08:18:00:12:01,498;0;0;23.0;131.2;132.1;0.16;0;0;19.8;19.5;18.1;13323;107;1;0;0
2022:08:18:00:13:00,047;0;0;23.0;131.5;132.7;0.16;0;0;19.8;19.5;18.1;13323;107;1;0;0
2022:08:18:00:14:00,035;0;0;23.0;131.2;132.4;0.16;0;0;19.8;19.5;18.1;13323;107;1;0;0
2022:08:18:00:15:00,084;0;0;23.0;131.5;132.7;0.17;0;0;19.8;19.5;18.1;13323;107;1;0;0
2022:08:18:00:16:00,112;0;0;23.0;131.5;132.7;0.16;0;0;19.8;19.5;18.1;13323;107;1;0;0
2022:08:18:00:17:00,081;0;0;23.0;131.7;132.7;0.16;0;0;19.8;19.5;18.1;13323;107;1;0;0
2022:08:18:00:18:00,190;0;0;23.0;131.5;132.7;0.17;0;0;19.8;19.5;18.1;13323;107;1;0;0
2022:08:18:00:19:00,158;0;0;23.0;131.7;133.3;0.16;0;0;19.8;19.5;18.0;13323;107;1;0;0
2022:08:18:00:20:00,207;0;0;23.0;131.5;132.9;0.16;0;0;19.8;19.5;18.0;13323;107;1;0;0
2022:08:18:00:21:00,235;0;0;23.0;131.7;133.3;0.16;0;0;19.7;19.5;18.0;13323;107;1;0;0
2022:08:18:00:22:00,264;0;0;23.0;131.5;132.5;0.16;0;0;19.7;19.4;18.0;13323;107;1;0;0
2022:08:18:00:23:00,172;0;0;23.0;131.5;132.9;0.17;0;0;19.7;19.4;18.0;13323;107;1;0;0
2022:08:18:00:24:00,061;0;0;23.0;131.5;132.5;0.16;0;0;19.7;19.4;18.0;13323;107;1;0;0
2022:08:18:00:25:00,030;0;0;23.0;131.5;132.1;0.16;0;0;19.7;19.4;18.0;13323;107;1;0;0
2022:08:18:00:26:01,338;0;0;23.0;131.5;132.9;0.16;0;0;19.7;19.4;18.0;13323;107;1;0;0
2022:08:18:00:27:01,347;0;0;23.0;131.5;132.9;0.16;0;0;19.7;19.4;18.0;13323;107;1;0;0
2022:08:18:00:28:01,375;0;0;23.0;131.7;133.0;0.16;0;0;19.7;19.4;18.0;13323;107;1;0;0
2022:08:18:00:29:00,152;0;0;23.0;131.2;132.7;0.16;0;0;19.7;19.4;18.0;13323;107;1;0;0
2022:08:18:00:30:00,733;0;0;23.0;131.2;132.9;0.16;0;0;19.7;19.4;17.9;13323;107;1;0;0
2022:08:18:00:31:00,841;0;0;23.0;131.5;132.7;0.17;0;0;19.7;19.4;17.9;13323;107;1;0;0
2022:08:18:00:32:00,869;0;0;23.0;131.5;132.9;0.16;0;0;19.7;19.4;17.9;13323;107;1;0;0
2022:08:18:00:33:00,878;0;0;23.0;131.5;132.9;0.16;0;0;19.6;19.4;17.9;13323;107;1;0;0
2022:08:18:00:34:00,847;0;0;23.0;131.7;133.0;0.16;0;0;19.6;19.4;17.9;13323;107;1;0;0
2022:08:18:00:35:00,795;0;0;23.0;131.5;132.5;0.16;0;0;19.6;19.4;17.9;13323;107;1;0;0
2022:08:18:00:36:00,844;0;0;23.0;131.5;132.7;0.17;0;0;19.6;19.4;17.8;13323;107;1;0;0
2022:08:18:00:37:00,872;0;0;23.0;131.7;132.7;0.16;0;0;19.6;19.4;17.8;13323;107;1;0;0
2022:08:18:00:38:00,881;0;0;23.0;131.9;133.1;0.16;0;0;19.6;19.4;17.8;13323;107;1;0;0
2022:08:18:00:39:00,849;0;0;23.0;131.5;132.9;0.16;0;0;19.6;19.4;17.8;13323;107;1;0;0
2022:08:18:00:40:00,818;0;0;23.0;131.5;132.7;0.16;0;0;19.5;19.3;17.8;13323;107;1;0;0
2022:08:18:00:41:00,827;0;0;23.0;131.7;133.0;0.17;0;0;19.5;19.3;17.8;13323;107;1;0;0
2022:08:18:00:42:00,835;0;0;23.0;131.5;132.7;0.17;0;0;19.5;19.3;17.7;13323;107;1;0;0
2022:08:18:00:43:00,844;0;0;23.0;131.7;133.3;0.17;0;0;19.5;19.3;17.7;13323;107;1;0;0
2022:08:18:00:44:00,792;0;0;23.0;131.7;132.7;0.17;0;0;19.5;19.3;17.7;13323;107;1;0;0
2022:08:18:00:45:00,701;0;0;23.0;131.9;132.8;0.16;0;0;19.5;19.3;17.7;13323;107;1;0;0
2022:08:18:00:46:00,789;0;0;23.0;131.7;133.0;0.16;0;0;19.5;19.3;17.7;13323;107;1;0;0
2022:08:18:00:47:00,818;0;0;23.0;131.9;133.1;0.19;0;0;19.5;19.3;17.7;13323;107;1;0;0
2022:08:18:00:48:00,867;0;0;23.0;132.1;133.6;0.17;0;0;19.4;19.2;17.7;13323;107;1;0;0
2022:08:18:00:49:00,855;0;0;23.0;132.1;133.1;0.16;0;0;19.4;19.2;17.6;13323;107;1;0;0
2022:08:18:00:50:00,904;0;0;23.0;131.9;133.1;0.17;0;0;19.4;19.2;17.6;13323;107;1;0;0
2022:08:18:00:51:00,892;0;0;23.0;131.7;133.0;0.17;0;0;19.4;19.2;17.6;13323;107;1;0;0
2022:08:18:00:52:00,861;0;0;23.0;131.9;133.3;0.16;0;0;19.4;19.2;17.6;13323;107;1;0;0
2022:08:18:00:53:00,829;0;0;23.0;131.9;133.3;0.16;0;0;19.4;19.2;17.6;13323;107;1;0;0
2022:08:18:00:54:00,838;0;0;23.0;131.9;133.1;0.17;0;0;19.4;19.2;17.6;13323;107;1;0;0
2022:08:18:00:55:00,847;0;0;23.0;131.9;133.1;0.16;0;0;19.4;19.2;17.6;13323;107;1;0;0
2022:08:18:00:56:00,855;0;0;23.0;132.1;133.4;0.16;0;0;19.4;19.2;17.6;13323;107;1;0;0
2022:08:18:00:57:00,824;0;0;23.0;131.9;133.1;0.17;0;0;19.4;19.2;17.5;13323;107;1;0;0
2022:08:18:00:58:00,812;0;0;23.0;131.7;132.7;0.17;0;0;19.4;19.2;17.5;13323;107;1;0;0
2022:08:18:00:59:00,721;0;0;23.0;131.7;133.0;0.17;0;0;19.4;19.1;17.5;13323;107;1;0;0
2022:08:18:01:00:00,709;0;0;23.0;131.7;133.0;0.16;0;0;19.4;19.1;17.5;13323;107;1;0;0
2022:08:18:01:01:00,598;0;0;23.0;131.9;133.1;0.16;0;0;19.4;19.1;17.5;13323;107;1;0;0
2022:08:18:01:02:00,687;0;0;23.0;131.7;132.7;0.17;0;0;19.4;19.1;17.5;13323;107;1;0;0
2022:08:18:01:03:00,715;0;0;23.0;131.9;133.3;0.17;0;0;19.4;19.1;17.4;13323;107;1;0;0
2022:08:18:01:04:00,744;0;0;23.0;132.1;133.4;0.16;0;0;19.4;19.1;17.4;13323;107;1;0;0
2022:08:18:01:05:00,692;0;0;23.0;131.9;133.1;0.16;0;0;19.3;19.1;17.4;13323;107;1;0;0
2022:08:18:01:06:00,641;0;0;23.0;131.9;133.6;0.17;0;0;19.3;19.0;17.4;13323;107;1;0;0
2022:08:18:01:07:00,529;0;0;23.0;131.9;133.6;0.16;0;0;19.3;19.0;17.3;13323;107;1;0;0
2022:08:18:01:08:00,538;0;0;23.0;132.1;133.4;0.17;0;0;19.3;19.0;17.3;13323;107;1;0;0
2022:08:18:01:09:00,527;0;0;23.0;131.9;133.3;0.17;0;0;19.3;19.0;17.3;13323;107;1;0;0
2022:08:18:01:10:00,475;0;0;23.0;132.1;133.4;0.16;0;0;19.3;19.0;17.3;13323;107;1;0;0
2022:08:18:01:11:00,484;0;0;23.0;131.9;133.3;0.17;0;0;19.3;19.0;17.3;13323;107;1;0;0
2022:08:18:01:12:00,532;0;0;23.0;132.1;133.6;0.17;0;0;19.3;19.0;17.3;13323;107;1;0;0
2022:08:18:01:13:00,221;0;0;23.0;132.4;133.2;0.16;0;0;19.3;19.0;17.3;13323;107;1;0;0
2022:08:18:01:14:00,169;0;0;23.0;131.0;132.1;0.17;0;0;19.3;19.0;17.3;13323;107;1;0;0
2022:08:18:01:15:00,178;0;0;22.9;131.2;132.4;0.17;0;0;19.3;19.0;17.3;13323;107;1;0;0
2022:08:18:01:16:00,207;0;0;22.9;131.0;132.6;0.17;0;0;19.3;19.0;17.3;13323;107;1;0;0
2022:08:18:01:17:00,235;0;0;22.9;131.0;131.9;0.17;0;0;19.3;19.0;17.3;13323;107;1;0;0
2022:08:18:01:18:00,264;0;0;22.9;131.0;131.9;0.16;0;0;19.3;19.0;17.3;13323;107;1;0;0
2022:08:18:01:19:00,392;0;0;22.9;131.0;132.6;0.17;0;0;19.3;19.0;17.4;13323;107;1;0;0
2022:08:18:01:20:00,361;0;0;22.9;131.0;132.9;0.17;0;0;19.3;19.0;17.4;13323;107;1;0;0
2022:08:18:01:21:00,389;0;0;22.9;131.2;132.4;0.17;0;0;19.3;19.0;17.4;13323;107;1;0;0
2022:08:18:01:22:00,318;0;0;22.9;131.0;131.9;0.16;0;0;19.3;19.0;17.3;13323;107;1;0;0
2022:08:18:01:23:00,326;0;0;22.9;130.8;132.1;0.17;0;0;19.3;19.0;17.3;13323;107;1;0;0
2022:08:18:01:24:00,275;0;0;22.8;130.8;132.1;0.17;0;0;19.3;19.0;17.3;13323;107;1;0;0
2022:08:18:01:25:00,284;0;0;22.8;130.4;131.4;0.17;0;0;19.3;19.0;17.3;13323;107;1;0;0
2022:08:18:01:26:00,232;0;0;22.8;130.6;131.7;0.17;0;0;19.3;19.0;17.3;13323;107;1;0;0
2022:08:18:01:27:00,201;0;0;22.8;130.8;132.1;0.17;0;0;19.3;19.0;17.3;13323;107;1;0;0
2022:08:18:01:28:00,129;0;0;22.8;130.8;132.3;0.17;0;0;19.2;19.0;17.3;13323;107;1;0;0
2022:08:18:01:29:00,098;0;0;22.8;130.8;131.5;0.17;0;0;19.2;19.0;17.3;13323;107;1;0;0
2022:08:18:01:30:00,106;0;0;22.8;130.8;132.1;0.17;0;0;19.2;19.0;17.3;13323;107;1;0;0
2022:08:18:01:31:00,074;0;0;22.9;131.0;132.3;0.16;0;0;19.2;19.0;17.3;13323;107;1;0;0
2022:08:18:01:32:00,123;0;0;22.8;131.0;132.1;0.17;0;0;19.2;18.9;17.3;13323;107;1;0;0
2022:08:18:01:33:00,152;0;0;22.9;131.0;132.3;0.17;0;0;19.2;18.9;17.2;13323;107;1;0;0
2022:08:18:01:34:00,140;0;0;22.8;130.8;132.1;0.17;0;0;19.2;18.9;17.2;13323;107;1;0;0
2022:08:18:01:35:00,289;0;0;22.8;130.6;131.9;0.16;0;0;19.2;18.9;17.2;13323;107;1;0;0
2022:08:18:01:36:00,358;0;0;22.8;130.8;132.3;0.17;0;0;19.2;18.9;17.2;13323;107;1;0;0
2022:08:18:01:37:00,386;0;0;22.8;130.8;132.1;0.17;0;0;19.1;18.9;17.2;13323;107;1;0;0
2022:08:18:01:38:00,295;0;0;22.8;130.6;131.7;0.17;0;0;19.1;18.9;17.2;13323;107;1;0;0
2022:08:18:01:39:00,344;0;0;22.8;130.8;132.1;0.17;0;0;19.1;18.9;17.2;13323;107;1;0;0
2022:08:18:01:40:00,292;0;0;22.8;131.0;132.3;0.16;0;0;19.1;18.8;17.2;13323;107;1;0;0
2022:08:18:01:41:00,281;0;0;22.8;130.8;132.1;0.17;0;0;19.1;18.8;17.2;13323;107;1;0;0
2022:08:18:01:42:00,228;0;0;22.9;131.0;132.1;0.16;0;0;19.1;18.8;17.2;13323;107;1;0;0
2022:08:18:01:43:00,258;0;0;22.9;131.0;132.3;0.17;0;0;19.1;18.8;17.2;13323;107;1;0;0
2022:08:18:01:44:00,185;0;0;22.8;130.8;132.3;0.17;0;0;19.1;18.8;17.2;13323;107;1;0;0
2022:08:18:01:45:00,194;0;0;22.8;130.8;131.7;0.17;0;0;19.1;18.8;17.2;13323;107;1;0;0
2022:08:18:01:46:00,163;0;0;22.8;130.8;132.1;0.16;0;0;19.1;18.8;17.2;13323;107;1;0;0
2022:08:18:01:47:00,211;0;0;22.8;130.8;132.1;0.17;0;0;19.0;18.8;17.2;13323;107;1;0;0
2022:08:18:01:48:00,220;0;0;22.8;130.8;131.7;0.17;0;0;19.0;18.8;17.2;13323;107;1;0;0
2022:08:18:01:49:00,188;0;0;22.8;130.8;132.1;0.17;0;0;19.0;18.7;17.1;13323;107;1;0;0
2022:08:18:01:50:00,217;0;0;22.8;130.8;132.1;0.17;0;0;19.0;18.7;17.1;13323;107;1;0;0
2022:08:18:01:51:00,265;0;0;22.9;131.0;132.3;0.17;0;0;19.0;18.7;17.1;13323;107;1;0;0
2022:08:18:01:52:00,294;0;0;22.9;130.8;132.1;0.17;0;0;19.0;18.7;17.1;13323;107;1;0;0
2022:08:18:01:53:00,323;0;0;22.9;131.0;132.1;0.17;0;0;19.0;18.7;17.1;13323;107;1;0;0
2022:08:18:01:54:00,271;0;0;22.9;130.8;132.1;0.17;0;0;19.0;18.7;17.1;13323;107;1;0;0
2022:08:18:01:55:00,240;0;0;22.9;131.2;132.1;0.17;0;0;19.0;18.7;17.1;13323;107;1;0;0
2022:08:18:01:56:00,208;0;0;22.9;131.2;132.7;0.17;0;0;19.0;18.7;17.1;13323;107;1;0;0
2022:08:18:01:57:00,277;0;0;22.9;131.0;132.6;0.17;0;0;19.0;18.7;17.1;13323;107;1;0;0
2022:08:18:01:58:00,205;0;0;22.9;130.8;132.1;0.17;0;0;19.0;18.7;17.1;13323;107;1;0;0
2022:08:18:01:59:00,234;0;0;22.9;130.8;132.3;0.17;0;0;19.0;18.7;17.1;13323;107;1;0;0
2022:08:18:02:00:00,123;0;0;22.9;131.0;132.3;0.17;0;0;19.0;18.7;17.1;13323;107;1;0;0
2022:08:18:02:01:00,211;0;0;22.9;131.0;132.1;0.17;0;0;19.0;18.7;17.1;13323;107;1;0;0
2022:08:18:02:02:00,180;0;0;22.9;131.2;132.4;0.17;0;0;19.0;18.7;17.1;13323;107;1;0;0
2022:08:18:02:03:00,188;0;0;22.9;131.0;132.3;0.17;0;0;19.0;18.7;17.1;13323;107;1;0;0
2022:08:18:02:04:00,237;0;0;23.0;131.0;132.1;0.17;0;0;19.0;18.7;17.1;13323;107;1;0;0
2022:08:18:02:05:00,285;0;0;22.9;131.0;132.1;0.17;0;0;18.9;18.7;17.1;13323;107;1;0;0
2022:08:18:02:06:00,214;0;0;22.9;131.0;132.1;0.17;0;0;18.9;18.7;17.1;13323;107;1;0;0
2022:08:18:02:07:00,283;0;0;22.9;131.0;132.6;0.17;0;0;18.9;18.7;17.1;13323;107;1;0;0
2022:08:18:02:08:00,271;0;0;22.9;131.0;132.3;0.17;0;0;18.9;18.7;17.1;13323;107;1;0;0
2022:08:18:02:09:00,220;0;0;22.9;131.0;132.1;0.17;0;0;18.9;18.6;17.0;13323;107;1;0;0
2022:08:18:02:10:00,208;0;0;22.9;131.2;132.1;0.17;0;0;18.9;18.6;17.0;13323;107;1;0;0
2022:08:18:02:11:00,297;0;0;22.9;131.0;132.1;0.17;0;0;18.9;18.6;17.0;13323;107;1;0;0
2022:08:18:02:12:00,225;0;0;22.9;131.0;132.3;0.17;0;0;18.9;18.6;17.0;13323;107;1;0;0
2022:08:18:02:13:00,274;0;0;22.9;131.0;132.3;0.17;0;0;18.9;18.6;17.0;13323;107;1;0;0
2022:08:18:02:14:00,202;0;0;22.9;131.0;132.1;0.17;0;0;18.9;18.6;17.0;13323;107;1;0;0
2022:08:18:02:15:00,231;0;0;22.9;131.0;132.3;0.17;0;0;18.9;18.6;17.0;13323;107;1;0;0
2022:08:18:02:16:00,160;0;0;22.9;131.2;132.4;0.16;0;0;18.8;18.6;17.0;13323;107;1;0;0
2022:08:18:02:17:00,068;0;0;22.9;131.0;132.3;0.17;0;0;18.8;18.6;17.0;13323;107;1;0;0
2022:08:18:02:18:00,057;0;0;22.9;131.2;132.7;0.17;0;0;18.8;18.6;17.0;13323;107;1;0;0
2022:08:18:02:19:00,045;0;0;22.9;131.2;132.7;0.17;0;0;18.8;18.5;16.9;13323;107;1;0;0
2022:08:18:02:20:00,014;0;0;22.9;131.2;132.7;0.17;0;0;18.8;18.5;16.9;13323;107;1;0;0
2022:08:18:02:21:00,002;0;0;22.9;131.5;132.7;0.17;0;0;18.8;18.5;16.9;13323;107;1;0;0
2022:08:18:02:22:00,051;0;0;23.0;131.2;132.7;0.16;0;0;18.8;18.5;16.9;13323;107;1;0;0
2022:08:18:02:23:01,501;0;0;23.0;131.2;132.4;0.17;0;0;18.8;18.5;16.9;13323;107;1;0;0
2022:08:18:02:24:01,229;0;0;22.9;131.2;132.4;0.17;0;0;18.8;18.5;16.9;13323;107;1;0;0
2022:08:18:02:25:01,278;0;0;22.9;131.0;132.3;0.17;0;0;18.8;18.5;16.9;13323;107;1;0;0
2022:08:18:02:26:01,252;0;0;22.9;131.2;132.4;0.17;0;0;18.7;18.5;16.8;13323;107;1;0;0
2022:08:18:02:27:01,267;0;0;22.9;131.2;132.4;0.16;0;0;18.7;18.5;16.8;13323;107;1;0;0
2022:08:18:02:28:01,240;0;0;22.9;131.2;132.4;0.17;0;0;18.7;18.4;16.8;13323;107;1;0;0
2022:08:18:02:29:01,175;0;0;22.9;131.0;132.3;0.17;0;0;18.7;18.4;16.8;13323;107;1;0;0
2022:08:18:02:30:01,270;0;0;22.9;131.2;132.4;0.17;0;0;18.7;18.4;16.8;13323;107;1;0;0
2022:08:18:02:31:01,264;0;0;22.9;131.0;132.6;0.17;0;0;18.7;18.4;16.8;13323;107;1;0;0
2022:08:18:02:32:01,259;0;0;22.9;131.0;132.3;0.17;0;0;18.7;18.4;16.7;13323;107;1;0;0
2022:08:18:02:33:01,273;0;0;22.9;131.2;132.4;0.17;0;0;18.7;18.4;16.7;13323;107;1;0;0
2022:08:18:02:34:01,188;0;0;22.9;131.0;132.3;0.17;0;0;18.7;18.4;16.7;13323;107;1;0;0
2022:08:18:02:35:01,222;0;0;23.0;131.2;132.7;0.17;0;0;18.6;18.4;16.7;13323;107;1;0;0
2022:08:18:02:36:01,212;0;0;23.0;131.2;132.7;0.17;0;0;18.6;18.4;16.7;13323;107;1;0;0
2022:08:18:02:37:01,161;0;0;22.9;131.2;132.7;0.17;0;0;18.6;18.4;16.7;13323;107;1;0;0
2022:08:18:02:38:01,109;0;0;22.9;131.2;132.4;0.17;0;0;18.6;18.4;16.7;13323;107;1;0;0
2022:08:18:02:39:01,178;0;0;22.9;131.2;132.7;0.17;0;0;18.6;18.4;16.7;13323;107;1;0;0
2022:08:18:02:40:01,106;0;0;22.9;131.5;132.7;0.17;0;0;18.6;18.4;16.7;13323;107;1;0;0
2022:08:18:02:41:01,055;0;0;22.9;131.2;132.4;0.17;0;0;18.6;18.4;16.7;13323;107;1;0;0
2022:08:18:02:42:01,043;0;0;23.0;131.2;132.7;0.17;0;0;18.6;18.4;16.7;13323;107;1;0;0
2022:08:18:02:43:01,031;0;0;23.0;131.5;132.5;0.17;0;0;18.6;18.4;16.7;13323;107;1;0;0
2022:08:18:02:44:00,960;0;0;23.0;131.2;132.7;0.18;0;0;18.6;18.4;16.7;13323;107;1;0;0
2022:08:18:02:45:00,948;0;0;22.9;131.2;132.4;0.17;0;0;18.6;18.4;16.7;13323;107;1;0;0
2022:08:18:02:46:00,977;0;0;22.9;131.2;132.4;0.17;0;0;18.6;18.4;16.6;13323;107;1;0;0
2022:08:18:02:47:00,985;0;0;22.9;131.2;132.4;0.17;0;0;18.6;18.4;16.6;13323;107;1;0;0
2022:08:18:02:48:00,934;0;0;22.9;130.8;132.3;0.17;0;0;18.6;18.4;16.6;13323;107;1;0;0
2022:08:18:02:49:00,902;0;0;22.8;131.0;132.1;0.17;0;0;18.6;18.4;16.6;13323;107;1;0;0
2022:08:18:02:50:00,851;0;0;22.8;130.8;132.1;0.17;0;0;18.6;18.4;16.6;13323;107;1;0;0
2022:08:18:02:51:00,899;0;0;22.8;130.8;131.7;0.14;0;0;18.5;18.4;16.6;13323;107;1;0;0
2022:08:18:02:52:00,888;0;0;22.8;130.8;132.1;0.17;0;0;18.5;18.4;16.6;13323;107;1;0;0
2022:08:18:02:53:00,837;0;0;22.8;130.8;132.1;0.18;0;0;18.5;18.4;16.6;13323;107;1;0;0
2022:08:18:02:54:00,845;0;0;22.7;129.5;130.8;0.17;0;0;18.5;18.4;16.6;13323;107;1;0;0
2022:08:18:02:55:00,814;0;0;22.6;129.7;130.6;0.17;0;0;18.5;18.4;16.6;13323;107;1;0;0
2022:08:18:02:56:00,802;0;0;22.6;129.5;130.8;0.17;0;0;18.5;18.4;16.6;13323;107;1;0;0
2022:08:18:02:57:00,811;0;0;22.5;128.1;129.3;0.18;0;0;18.5;18.3;16.6;13323;107;1;0;0
2022:08:18:02:58:00,779;0;0;22.4;127.9;129.3;0.17;0;0;18.5;18.3;16.6;13323;107;1;0;0
2022:08:18:02:59:00,828;0;0;22.4;128.6;129.3;0.17;0;0;18.5;18.3;16.5;13323;107;1;0;0
2022:08:18:03:00:00,857;0;0;22.3;127.9;129.3;0.17;0;0;18.5;18.3;16.5;13323;107;1;0;0
2022:08:18:03:01:00,945;0;0;22.2;127.9;129.3;0.18;0;0;18.5;18.3;16.5;13323;107;1;0;0
2022:08:18:03:02:00,874;0;0;22.4;129.0;130.4;0.17;0;0;18.5;18.3;16.5;13323;107;1;0;0
2022:08:18:03:03:00,862;0;0;22.5;129.0;130.4;0.17;0;0;18.5;18.3;16.5;13323;107;1;0;0
2022:08:18:03:04:00,911;0;0;22.5;129.0;130.4;0.17;0;0;18.5;18.3;16.5;13323;107;1;0;0
2022:08:18:03:05:00,919;0;0;22.5;129.2;130.2;0.17;0;0;18.5;18.3;16.5;13323;107;1;0;0
2022:08:18:03:06:00,928;0;0;22.5;129.2;130.2;0.17;0;0;18.4;18.3;16.5;13323;107;1;0;0
2022:08:18:03:07:00,857;0;0;22.5;129.0;130.4;0.17;0;0;18.4;18.3;16.5;13323;107;1;0;0
2022:08:18:03:08:00,845;0;0;22.5;129.2;130.2;0.17;0;0;18.4;18.3;16.5;13323;107;1;0;0
2022:08:18:03:09:00,874;0;0;22.5;129.2;130.6;0.17;0;0;18.4;18.2;16.5;13323;107;1;0;0
2022:08:18:03:10:00,782;0;0;22.5;129.0;130.2;0.17;0;0;18.4;18.2;16.5;13323;107;1;0;0
2022:08:18:03:11:00,891;0;0;22.5;129.0;130.4;0.18;0;0;18.4;18.2;16.5;13323;107;1;0;0
2022:08:18:03:12:00,899;0;0;22.5;129.0;130.2;0.17;0;0;18.4;18.2;16.4;13323;107;1;0;0
2022:08:18:03:13:00,948;0;0;22.5;129.2;130.2;0.17;0;0;18.4;18.2;16.4;13323;107;1;0;0
2022:08:18:03:14:00,917;0;0;22.5;129.2;130.6;0.17;0;0;18.4;18.2;16.4;13323;107;1;0;0
2022:08:18:03:15:00,945;0;0;22.5;129.2;130.8;0.17;0;0;18.4;18.2;16.4;13323;107;1;0;0
2022:08:18:03:16:00,854;0;0;22.5;129.2;130.6;0.17;0;0;18.4;18.2;16.4;13323;107;1;0;0
2022:08:18:03:17:00,862;0;0;22.5;129.2;130.2;0.17;0;0;18.4;18.2;16.4;13323;107;1;0;0
2022:08:18:03:18:00,771;0;0;22.5;129.2;130.2;0.17;0;0;18.4;18.2;16.4;13323;107;1;0;0
2022:08:18:03:19:00,759;0;0;22.5;129.0;129.9;0.17;0;0;18.4;18.2;16.4;13323;107;1;0;0
2022:08:18:03:20:00,728;0;0;22.5;129.0;130.4;0.17;0;0;18.4;18.2;16.4;13323;107;1;0;0
2022:08:18:03:21:00,737;0;0;22.5;129.0;130.2;0.17;0;0;18.4;18.2;16.4;13323;107;1;0;0
2022:08:18:03:22:00,685;0;0;22.5;129.2;130.6;0.17;0;0;18.4;18.2;16.4;13323;107;1;0;0
2022:08:18:03:23:00,794;0;0;22.5;128.8;130.1;0.17;0;0;18.4;18.2;16.4;13323;107;1;0;0
2022:08:18:03:24:00,682;0;0;22.5;130.1;131.8;0.17;0;0;18.4;18.2;16.4;13323;107;1;0;0
2022:08:18:03:25:00,711;0;0;22.6;130.4;131.4;0.17;0;0;18.4;18.2;16.3;13323;107;1;0;0
2022:08:18:03:26:00,719;0;0;22.6;130.4;131.4;0.18;0;0;18.4;18.2;16.3;13323;107;1;0;0
2022:08:18:03:27:00,748;0;0;22.6;130.1;131.2;0.17;0;0;18.4;18.1;16.3;13323;107;1;0;0
2022:08:18:03:28:00,737;0;0;22.6;130.4;131.4;0.17;0;0;18.4;18.1;16.3;13323;107;1;0;0
2022:08:18:03:29:00,725;0;0;22.6;130.1;131.8;0.17;0;0;18.4;18.1;16.3;13323;107;1;0;0
2022:08:18:03:30:00,694;0;0;22.6;130.1;131.8;0.17;0;0;18.4;18.1;16.3;13323;107;1;0;0
2022:08:18:03:31:00,662;0;0;22.6;130.4;131.7;0.18;0;0;18.4;18.1;16.3;13323;107;1;0;0
2022:08:18:03:32:00,611;0;0;22.6;130.1;131.8;0.17;0;0;18.3;18.1;16.3;13323;107;1;0;0
2022:08:18:03:33:00,699;0;0;22.6;130.4;131.7;0.17;0;0;18.3;18.1;16.3;13323;107;1;0;0
2022:08:18:03:34:00,688;0;0;22.6;130.1;131.4;0.17;0;0;18.3;18.1;16.3;13323;107;1;0;0
2022:08:18:03:35:00,777;0;0;22.6;130.4;131.7;0.17;0;0;18.3;18.1;16.3;13323;107;1;0;0
2022:08:18:03:36:00,725;0;0;22.6;130.4;131.7;0.17;0;0;18.3;18.0;16.3;13323;107;1;0;0
2022:08:18:03:37:00,754;0;0;22.6;130.4;131.4;0.17;0;0;18.3;18.0;16.3;13323;107;1;0;0
2022:08:18:03:38:00,762;0;0;22.6;130.4;131.7;0.17;0;0;18.3;18.0;16.3;13323;107;1;0;0
2022:08:18:03:39:00,731;0;0;22.7;130.4;131.9;0.19;0;0;18.3;18.0;16.3;13323;107;1;0;0
2022:08:18:03:40:00,719;0;0;22.7;130.1;131.4;0.17;0;0;18.3;18.0;16.2;13323;107;1;0;0
2022:08:18:03:41:00,708;0;0;22.7;130.4;131.7;0.17;0;0;18.2;18.0;16.2;13323;107;1;0;0
2022:08:18:03:42:00,677;0;0;22.7;130.1;131.2;0.17;0;0;18.2;18.0;16.2;13323;107;1;0;0
2022:08:18:03:43:00,885;0;0;22.7;130.4;131.9;0.17;0;0;18.2;18.0;16.2;13323;107;1;0;0
2022:08:18:03:44:01,414;0;0;22.7;130.6;131.9;0.17;0;0;18.2;18.0;16.2;13323;107;1;0;0
2022:08:18:03:45:00,542;0;0;22.7;130.6;131.9;0.17;0;0;18.2;18.0;16.2;13323;107;1;0;0
2022:08:18:03:46:00,611;0;0;22.7;130.4;131.7;0.17;0;0;18.2;17.9;16.2;13323;107;1;0;0
2022:08:18:03:47:00,639;0;0;22.7;130.4;131.9;0.17;0;0;18.2;17.9;16.2;13323;107;1;0;0
2022:08:18:03:48:00,588;0;0;22.7;130.4;131.7;0.17;0;0;18.2;17.9;16.2;13323;107;1;0;0
2022:08:18:03:49:00,596;0;0;22.6;130.4;131.7;0.17;0;0;18.2;17.9;16.2;13323;107;1;0;0
2022:08:18:03:50:00,605;0;0;22.6;130.4;131.7;0.17;0;0;18.2;17.9;16.2;13323;107;1;0;0
2022:08:18:03:51:00,654;0;0;22.6;130.4;131.7;0.17;0;0;18.2;17.9;16.2;13323;107;1;0;0
2022:08:18:03:52:00,582;0;0;22.7;130.4;131.7;0.17;0;0;18.2;17.9;16.2;13323;107;1;0;0
2022:08:18:03:53:00,491;0;0;22.7;130.4;131.4;0.17;0;0;18.2;17.9;16.2;13323;107;1;0;0
2022:08:18:03:54:00,239;0;0;22.7;130.4;131.4;0.17;0;0;18.2;17.9;16.2;13323;107;1;0;0
2022:08:18:03:55:00,248;0;0;22.7;130.4;131.7;0.18;0;0;18.1;17.9;16.2;13323;107;1;0;0
2022:08:18:03:56:00,276;0;0;22.6;130.4;131.4;0.17;0;0;18.1;17.9;16.2;13323;107;1;0;0
2022:08:18:03:57:00,245;0;0;22.6;130.4;131.7;0.17;0;0;18.1;17.9;16.2;13323;107;1;0;0
2022:08:18:03:58:00,254;0;0;22.6;130.1;131.4;0.17;0;0;18.1;17.9;16.2;13323;107;1;0;0
2022:08:18:03:59:00,142;0;0;22.6;130.4;131.7;0.17;0;0;18.1;17.9;16.1;13323;107;1;0;0
2022:08:18:04:00:00,211;0;0;22.7;130.4;131.4;0.17;0;0;18.1;17.9;16.1;13323;107;1;0;0
2022:08:18:04:01:00,219;0;0;22.6;130.4;131.4;0.17;0;0;18.1;17.8;16.1;13323;107;1;0;0
2022:08:18:04:02:00,268;0;0;22.6;130.1;131.2;0.17;0;0;18.1;17.8;16.1;13323;107;1;0;0
2022:08:18:04:03:00,276;0;0;22.6;130.1;131.8;0.17;0;0;18.1;17.8;16.1;13323;107;1;0;0
2022:08:18:04:04:00,245;0;0;22.6;129.9;130.9;0.17;0;0;18.1;17.8;16.1;13323;107;1;0;0
2022:08:18:04:05:00,174;0;0;22.6;130.1;131.2;0.18;0;0;18.1;17.8;16.1;13323;107;1;0;0
2022:08:18:04:06:00,262;0;0;22.6;130.1;131.2;0.17;0;0;18.1;17.8;16.1;13323;107;1;0;0
2022:08:18:04:07:00,211;0;0;22.6;130.1;131.4;0.17;0;0;18.0;17.8;16.1;13323;107;1;0;0
2022:08:18:04:08:00,179;0;0;22.6;130.1;131.4;0.17;0;0;18.0;17.8;16.1;13323;107;1;0;0
2022:08:18:04:09:00,128;0;0;22.6;130.1;131.2;0.17;0;0;18.0;17.8;16.1;13323;107;1;0;0
2022:08:18:04:10:00,116;0;0;22.6;130.1;131.4;0.17;0;0;18.0;17.8;16.1;13323;107;1;0;0
2022:08:18:04:11:00,085;0;0;22.6;130.4;131.7;0.17;0;0;18.0;17.8;16.1;13323;107;1;0;0
2022:08:18:04:12:00,174;0;0;22.6;130.1;131.4;0.17;0;0;18.0;17.8;16.0;13323;107;1;0;0
2022:08:18:04:13:00,262;0;0;22.6;130.4;131.7;0.17;0;0;18.0;17.8;16.0;13323;107;1;0;0
2022:08:18:04:14:00,311;0;0;22.6;130.1;131.0;0.17;0;0;18.0;17.7;16.0;13323;107;1;0;0
2022:08:18:04:15:00,279;0;0;22.6;130.4;131.4;0.17;0;0;18.0;17.7;16.0;13323;107;1;0;0
2022:08:18:04:16:00,328;0;0;22.6;130.1;131.8;0.18;0;0;18.0;17.7;16.0;13323;107;1;0;0
2022:08:18:04:17:00,356;0;0;22.6;130.4;131.4;0.17;0;0;18.0;17.7;16.0;13323;107;1;0;0
2022:08:18:04:18:00,425;0;0;22.6;129.9;130.9;0.17;0;0;18.0;17.7;16.0;13323;107;1;0;0
2022:08:18:04:19:00,454;0;0;22.6;130.1;131.4;0.17;0;0;18.0;17.7;16.0;13323;107;1;0;0
2022:08:18:04:20:00,462;0;0;22.6;129.9;131.2;0.17;0;0;18.0;17.7;16.0;13323;107;1;0;0
2022:08:18:04:21:00,531;0;0;22.6;129.9;130.9;0.18;0;0;18.0;17.7;16.0;13323;107;1;0;0
2022:08:18:04:22:00,499;0;0;22.6;129.9;131.2;0.17;0;0;18.0;17.7;16.0;13323;107;1;0;0
2022:08:18:04:23:00,568;0;0;22.6;129.9;130.9;0.17;0;0;18.0;17.8;16.0;13323;107;1;0;0
2022:08:18:04:24:00,616;0;0;22.6;129.7;130.8;0.17;0;0;18.0;17.8;16.1;13323;107;1;0;0
2022:08:18:04:25:00,605;0;0;22.6;130.1;131.4;0.17;0;0;18.0;17.8;16.1;13323;107;1;0;0
2022:08:18:04:26:00,634;0;0;22.6;129.9;131.4;0.17;0;0;18.0;17.8;16.1;13323;107;1;0;0
2022:08:18:04:27:00,622;0;0;22.6;130.1;131.4;0.17;0;0;18.0;17.8;16.1;13323;107;1;0;0
2022:08:18:04:28:00,671;0;0;22.6;129.9;130.9;0.17;0;0;18.0;17.8;16.1;13323;107;1;0;0
2022:08:18:04:29:00,579;0;0;22.6;130.1;131.2;0.17;0;0;18.0;17.8;16.1;13323;107;1;0;0
2022:08:18:04:30:00,628;0;0;22.6;129.9;131.4;0.18;0;0;18.0;17.8;16.1;13323;107;1;0;0
2022:08:18:04:31:00,636;0;0;22.6;130.1;131.4;0.17;0;0;18.0;17.8;16.1;13323;107;1;0;0
2022:08:18:04:32:00,625;0;0;22.6;129.9;131.4;0.17;0;0;18.0;17.8;16.1;13323;107;1;0;0
2022:08:18:04:33:00,694;0;0;22.6;130.1;131.4;0.17;0;0;18.0;17.8;16.1;13324;111;1;0;0
2022:08:18:04:34:00,762;0;0;22.6;130.1;131.8;0.17;0;0;18.0;17.8;16.1;13324;111;1;0;0
2022:08:18:04:35:00,751;0;0;22.6;130.4;131.4;0.17;0;0;18.0;17.8;16.1;13324;111;1;0;0
2022:08:18:04:36:00,800;0;0;22.6;130.4;131.4;0.17;0;0;18.0;17.8;16.1;13324;111;1;0;0
2022:08:18:04:37:00,768;0;0;22.6;130.1;131.2;0.17;0;0;18.0;17.8;16.1;13324;111;1;0;0
2022:08:18:04:38:00,816;0;0;22.6;129.9;131.4;0.17;0;0;18.0;17.8;16.1;13324;111;1;0;0
2022:08:18:04:39:00,705;0;0;22.6;129.9;131.4;0.17;0;0;18.0;17.8;16.1;13324;111;1;0;0
2022:08:18:04:40:00,753;0;0;22.6;130.1;131.2;0.17;0;0;18.0;17.8;16.1;13324;111;1;0;0
2022:08:18:04:41:00,682;0;0;22.6;130.1;131.4;0.17;0;0;18.0;17.8;16.1;13324;111;1;0;0
2022:08:18:04:42:00,774;0;0;22.6;130.1;131.2;0.17;0;0;18.0;17.8;16.1;13324;111;1;0;0
2022:08:18:04:43:00,808;0;0;22.6;130.4;131.7;0.17;0;0;18.0;17.8;16.1;13324;111;1;0;0
2022:08:18:04:44:00,903;0;0;22.6;130.4;131.4;0.17;0;0;18.0;17.8;16.1;13324;111;1;0;0
2022:08:18:04:45:00,617;0;0;22.6;130.4;131.4;0.17;0;0;18.0;17.8;16.1;13324;111;1;0;0
2022:08:18:04:46:00,752;0;0;22.6;129.9;131.2;0.17;0;0;18.0;17.8;16.1;13324;111;1;0;0
2022:08:18:04:47:00,763;0;0;22.6;130.4;131.7;0.14;0;0;18.0;17.7;16.1;13324;111;1;0;0
2022:08:18:04:48:00,772;0;0;22.6;129.9;131.2;0.18;0;0;18.0;17.7;16.1;13324;111;1;0;0
2022:08:18:04:49:00,781;0;0;22.6;129.9;130.9;0.17;0;0;18.0;17.7;16.1;13324;111;1;0;0
2022:08:18:04:50:00,809;0;0;22.6;129.9;131.2;0.18;0;0;18.0;17.7;16.1;13324;111;1;0;0
2022:08:18:04:51:00,798;0;0;22.6;130.1;131.2;0.18;0;0;18.0;17.7;16.1;13324;111;1;0;0
2022:08:18:04:52:00,726;0;0;22.6;130.1;131.2;0.17;0;0;18.0;17.7;16.1;13324;111;1;0;0
2022:08:18:04:53:00,795;0;0;22.6;129.9;131.4;0.17;0;0;18.0;17.7;16.1;13324;111;1;0;0
2022:08:18:04:54:00,763;0;0;22.6;129.9;130.9;0.17;0;0;18.0;17.7;16.0;13324;111;1;0;0
2022:08:18:04:55:00,812;0;0;22.6;129.9;131.2;0.18;0;0;18.0;17.7;16.1;13324;111;1;0;0
2022:08:18:04:56:00,721;0;0;22.6;130.1;131.2;0.18;0;0;18.0;17.7;16.1;13324;111;1;0;0
2022:08:18:04:57:00,729;0;0;22.6;130.1;131.4;0.17;0;0;18.0;17.7;16.1;13324;111;1;0;0
2022:08:18:04:58:00,658;0;0;22.6;129.9;131.2;0.17;0;0;17.9;17.7;16.0;13324;111;1;0;0
2022:08:18:04:59:00,606;0;0;22.6;129.9;131.4;0.18;0;0;17.9;17.7;16.0;13324;111;1;0;0
2022:08:18:05:00:00,535;0;0;22.6;129.7;131.1;0.17;0;0;17.9;17.7;16.0;13324;111;1;0;0
2022:08:18:05:01:00,743;0;0;22.6;129.9;131.2;0.17;0;0;17.9;17.7;16.0;13324;111;1;0;0
2022:08:18:05:02:00,672;0;0;22.6;129.9;130.9;0.18;0;0;17.9;17.7;16.0;13324;111;1;0;0
2022:08:18:05:03:00,641;0;0;22.6;129.7;130.8;0.18;0;0;17.9;17.7;16.0;13324;111;1;0;0
2022:08:18:05:04:00,589;0;0;22.6;129.9;131.4;0.17;0;0;17.9;17.7;16.0;13324;111;1;0;0
2022:08:18:05:05:00,638;0;0;22.6;129.7;130.8;0.18;0;0;17.9;17.7;16.0;13324;111;1;0;0
2022:08:18:05:06:00,666;0;0;22.6;129.5;131.0;0.17;0;0;17.9;17.7;16.0;13324;111;1;0;0
2022:08:18:05:07:00,755;0;0;22.6;129.7;130.8;0.18;0;0;17.9;17.7;16.0;13324;111;1;0;0
2022:08:18:05:08:00,743;0;0;22.6;129.7;130.8;0.17;0;0;17.9;17.7;16.0;13324;111;1;0;0
2022:08:18:05:09:00,752;0;0;22.5;129.7;130.6;0.17;0;0;17.9;17.7;16.0;13324;111;1;0;0
2022:08:18:05:10:00,721;0;0;22.5;129.5;130.8;0.17;0;0;17.9;17.7;16.0;13324;111;1;0;0
2022:08:18:05:11:00,709;0;0;22.5;129.5;130.8;0.17;0;0;17.9;17.7;16.0;13324;111;1;0;0
2022:08:18:05:12:00,658;0;0;22.5;129.2;130.2;0.18;0;0;17.9;17.7;16.0;13324;111;1;0;0
2022:08:18:05:13:00,726;0;0;22.5;129.5;130.8;0.17;0;0;17.9;17.7;16.0;13324;111;1;0;0
2022:08:18:05:14:00,755;0;0;22.5;129.5;130.5;0.17;0;0;17.9;17.7;16.0;13324;111;1;0;0
2022:08:18:05:15:00,723;0;0;22.5;129.5;130.5;0.17;0;0;17.9;17.7;16.0;13324;111;1;0;0
2022:08:18:05:16:00,632;0;0;22.5;129.7;130.8;0.18;0;0;17.9;17.7;16.0;13324;111;1;0;0
2022:08:18:05:17:00,581;0;0;22.5;129.0;130.2;0.18;0;0;17.9;17.6;16.0;13324;111;1;0;0
2022:08:18:05:18:00,469;0;0;22.5;129.2;130.2;0.18;0;0;17.9;17.7;16.0;13324;111;1;0;0
2022:08:18:05:19:00,498;0;0;22.5;129.5;130.5;0.17;0;0;17.9;17.7;16.0;13324;111;1;0;0
2022:08:18:05:20:00,466;0;0;22.5;129.2;130.6;0.17;0;0;17.9;17.7;16.0;13324;111;1;0;0
2022:08:18:05:21:00,455;0;0;22.5;129.0;130.2;0.18;0;0;17.9;17.6;16.0;13324;111;1;0;0
2022:08:18:05:22:00,363;0;0;22.5;129.2;130.6;0.17;0;0;17.9;17.6;16.0;13324;111;1;0;0
2022:08:18:05:23:00,292;0;0;22.5;129.5;131.0;0.17;0;0;17.9;17.6;16.0;13324;111;1;0;0
2022:08:18:05:24:00,221;0;0;22.5;129.5;130.8;0.17;0;0;17.9;17.6;16.0;13324;111;1;0;0
2022:08:18:05:25:00,329;0;0;22.5;129.5;130.5;0.18;0;0;17.9;17.6;16.0;13324;111;1;0;0
2022:08:18:05:26:00,398;0;0;22.5;129.5;130.8;0.18;0;0;17.9;17.6;16.0;13324;111;1;0;0
2022:08:18:05:27:00,506;0;0;22.5;129.2;130.0;0.17;0;0;17.9;17.6;16.0;13324;111;1;0;0
2022:08:18:05:28:00,415;0;0;22.5;129.2;130.2;0.17;0;0;17.9;17.6;16.0;13324;111;1;0;0
2022:08:18:05:29:00,463;0;0;22.5;129.2;130.2;0.17;0;0;17.9;17.6;16.0;13324;111;1;0;0
2022:08:18:05:30:00,452;0;0;22.5;129.2;130.6;0.18;0;0;17.9;17.6;16.0;13324;111;1;0;0
2022:08:18:05:31:00,461;0;0;22.5;129.2;130.2;0.17;0;0;17.9;17.6;16.0;13324;111;1;0;0
2022:08:18:05:32:00,369;0;0;22.5;129.0;130.2;0.17;0;0;17.9;17.6;16.0;13324;111;1;0;0
2022:08:18:05:33:00,438;0;0;22.5;129.2;130.2;0.17;0;0;17.9;17.6;16.0;13324;111;1;0;0
2022:08:18:05:34:00,346;0;0;22.5;129.5;130.8;0.17;0;0;17.9;17.6;16.0;13324;111;1;0;0
2022:08:18:05:35:00,355;0;0;22.5;129.2;130.8;0.17;0;0;17.9;17.6;16.0;13324;111;1;0;0
2022:08:18:05:36:00,243;0;0;22.5;129.2;130.6;0.17;0;0;17.9;17.6;16.0;13324;111;1;0;0
2022:08:18:05:37:00,292;0;0;22.5;129.2;130.0;0.17;0;0;17.9;17.6;16.0;13324;111;1;0;0
2022:08:18:05:38:00,181;0;0;22.5;129.2;130.6;0.17;0;0;17.9;17.6;16.0;13324;111;1;0;0
2022:08:18:05:39:00,149;0;0;22.5;129.0;130.2;0.17;0;0;17.9;17.6;16.0;13324;111;1;0;0
2022:08:18:05:40:00,138;0;0;22.5;129.0;129.9;0.17;0;0;17.9;17.6;16.0;13324;111;1;0;0
2022:08:18:05:41:00,206;0;0;22.5;129.2;130.6;0.18;0;0;17.9;17.6;16.0;13324;111;1;0;0
2022:08:18:05:42:00,115;0;0;22.5;129.0;130.2;0.17;0;0;17.8;17.6;16.0;13324;111;1;0;0
2022:08:18:05:43:00,123;0;0;22.5;129.0;129.9;0.17;0;0;17.8;17.6;16.0;13324;111;1;0;0
2022:08:18:05:44:00,132;0;0;22.5;128.8;129.9;0.17;0;0;17.8;17.6;16.0;13324;111;1;0;0
2022:08:18:05:45:00,060;0;0;22.5;128.8;129.9;0.17;0;0;17.8;17.6;16.0;13324;111;1;0;0
2022:08:18:05:46:00,049;0;0;22.6;130.4;131.4;0.18;0;0;17.8;17.6;16.0;13324;111;1;0;0
2022:08:18:05:47:00,018;0;0;22.6;130.4;131.7;0.17;0;0;17.8;17.6;16.0;13324;111;1;0;0
2022:08:18:05:48:01,546;0;0;22.6;130.6;131.5;0.18;0;0;17.8;17.6;16.0;13324;111;1;0;0
2022:08:18:05:49:00,015;0;0;22.6;130.6;131.7;0.17;0;0;17.8;17.6;16.0;13324;111;1;0;0
2022:08:18:05:50:00,084;0;0;22.7;130.4;131.7;0.17;0;0;17.8;17.6;16.0;13324;111;1;0;0
2022:08:18:05:51:00,099;0;0;22.7;130.8;132.1;0.17;0;0;17.8;17.6;16.0;13324;111;1;0;0
2022:08:18:05:52:00,093;0;0;22.7;130.8;132.1;0.18;0;0;17.8;17.6;16.0;13324;111;1;0;0
2022:08:18:05:53:00,188;0;0;22.7;130.1;131.4;0.17;0;0;17.8;17.6;16.0;13324;111;1;0;0
2022:08:18:05:54:00,043;0;0;22.6;130.6;131.7;0.18;0;0;17.8;17.6;16.0;13324;111;1;0;0
2022:08:18:05:55:00,076;0;0;22.6;130.1;131.4;0.17;0;0;17.8;17.6;16.0;13324;111;1;0;0
2022:08:18:05:56:00,045;0;0;22.7;130.6;131.9;0.17;0;0;17.8;17.6;16.0;13324;111;1;0;0
2022:08:18:05:57:00,133;0;0;22.7;130.6;131.9;0.17;0;0;17.8;17.6;16.0;13324;111;1;0;0
2022:08:18:05:58:00,162;0;0;22.7;130.4;131.7;0.17;0;0;17.8;17.6;16.0;13324;111;1;0;0
2022:08:18:05:59:01,150;0;0;22.6;130.4;131.9;0.17;0;0;17.8;17.6;16.0;13324;111;1;0;0
2022:08:18:06:00:01,239;0;0;22.6;130.1;131.4;0.18;0;0;17.8;17.6;15.9;13324;111;1;0;0
2022:08:18:06:01:01,188;0;0;22.6;130.1;131.8;0.17;0;0;17.8;17.6;15.9;13324;111;1;0;0
2022:08:18:06:02:01,056;0;0;22.6;130.1;131.0;0.17;0;0;17.8;17.6;15.9;13324;111;1;0;0
2022:08:18:06:03:01,285;0;0;22.6;129.9;130.9;0.17;0;0;17.8;17.6;15.9;13324;111;1;0;0
2022:08:18:06:04:01,353;0;0;22.6;129.7;131.1;0.17;0;0;17.8;17.6;15.9;13324;111;1;0;0
2022:08:18:06:05:01,302;0;0;22.6;129.7;131.4;0.17;0;0;17.8;17.6;15.9;13324;111;1;0;0
2022:08:18:06:06:01,350;0;0;22.5;129.5;131.3;0.17;0;0;17.8;17.6;15.9;13324;111;1;0;0
2022:08:18:06:07:01,359;0;0;22.5;129.5;130.8;0.17;0;0;17.8;17.6;15.9;13324;111;1;0;0
2022:08:18:06:08:01,348;0;0;22.5;129.5;130.3;0.16;0;0;17.8;17.6;16.0;13324;111;1;0;0
2022:08:18:06:09:01,256;0;0;22.5;129.5;130.8;0.17;0;0;17.8;17.6;16.0;13324;111;1;0;0
2022:08:18:06:10:01,325;0;0;22.5;129.2;130.2;0.17;0;0;17.8;17.6;16.0;13324;111;1;0;0
2022:08:18:06:11:01,373;0;0;22.5;129.2;130.6;0.17;0;0;17.8;17.6;16.0;13324;111;1;0;0
2022:08:18:06:12:00,362;0;0;22.5;129.2;130.6;0.16;0;0;17.8;17.6;16.0;13324;111;1;0;0
2022:08:18:06:13:00,450;0;0;22.5;129.5;130.5;0.17;0;0;17.8;17.6;16.0;13324;111;1;0;0
2022:08:18:06:14:00,439;0;0;22.5;129.5;130.5;0.17;0;0;17.8;17.6;16.0;13324;111;1;0;0
2022:08:18:06:15:00,448;0;0;22.5;129.2;130.8;0.18;0;0;17.8;17.6;16.1;13324;111;1;0;0
2022:08:18:06:16:00,456;0;0;22.5;129.2;130.8;0.17;0;0;17.8;17.6;16.1;13324;111;1;0;0
2022:08:18:06:17:00,405;0;0;22.5;129.0;130.2;0.17;0;0;17.9;17.7;16.1;13324;111;1;0;0
2022:08:18:06:18:00,393;0;0;22.5;129.2;130.8;0.17;0;0;17.9;17.7;16.1;13324;111;1;0;0
2022:08:18:06:19:00,442;0;0;22.5;129.5;130.5;0.18;0;0;17.9;17.7;16.1;13324;111;1;0;0
2022:08:18:06:20:00,550;0;0;22.5;129.5;130.5;0.17;0;0;17.9;17.7;16.1;13324;111;1;0;0
2022:08:18:06:21:00,539;0;0;22.5;129.2;130.6;0.17;0;0;17.9;17.7;16.2;13324;111;1;0;0
2022:08:18:06:22:00,628;0;0;22.5;129.2;130.6;0.17;0;0;17.9;17.7;16.2;13324;111;1;0;0
2022:08:18:06:23:00,636;0;0;22.5;129.2;130.6;0.17;0;0;17.9;17.7;16.2;13324;111;1;0;0
2022:08:18:06:24:00,645;0;0;22.5;129.5;130.5;0.17;0;0;17.9;17.7;16.2;13324;111;1;0;0
2022:08:18:06:25:00,713;0;0;22.5;129.2;130.6;0.17;0;0;17.9;17.7;16.2;13324;111;1;0;0
2022:08:18:06:26:00,702;0;0;22.5;129.5;130.5;0.18;0;0;17.9;17.7;16.2;13324;111;1;0;0
2022:08:18:06:27:00,690;0;0;22.5;129.5;130.8;0.17;0;0;17.9;17.7;16.2;13324;111;1;0;0
2022:08:18:06:28:00,619;0;0;22.5;129.2;130.6;0.17;0;0;17.9;17.7;16.2;13324;111;1;0;0
2022:08:18:06:29:00,687;0;0;22.5;129.2;130.8;0.17;0;0;17.9;17.7;16.2;13324;111;1;0;0
2022:08:18:06:30:00,676;0;0;22.5;129.0;130.2;0.17;0;0;18.0;17.7;16.2;13324;111;1;0;0
2022:08:18:06:31:00,645;0;0;22.5;129.2;130.6;0.17;0;0;18.0;17.8;16.2;13324;111;1;0;0
2022:08:18:06:32:00,653;0;0;22.5;129.0;130.2;0.17;0;0;18.0;17.7;16.2;13324;111;1;0;0
2022:08:18:06:33:00,702;0;0;22.5;129.2;130.6;0.18;0;0;18.0;17.8;16.3;13324;111;1;0;0
2022:08:18:06:34:00,670;0;0;22.5;129.7;130.8;0.17;0;0;18.0;17.8;16.3;13324;111;1;0;0
2022:08:18:06:35:00,579;0;0;22.5;129.0;130.4;0.17;0;0;18.0;17.8;16.3;13324;111;1;0;0
2022:08:18:06:36:00,507;0;0;22.5;129.2;130.8;0.17;0;0;18.0;17.8;16.3;13324;111;1;0;0
2022:08:18:06:37:00,576;0;0;22.5;129.2;130.2;0.17;0;0;18.0;17.8;16.3;13324;111;1;0;0
2022:08:18:06:38:00,565;0;0;22.5;129.2;130.6;0.17;0;0;18.0;17.8;16.3;13324;111;1;0;0
2022:08:18:06:39:00,473;0;0;22.5;128.8;130.1;0.17;0;0;18.0;17.8;16.3;13324;111;1;0;0
2022:08:18:06:40:00,542;0;0;22.5;129.0;129.9;0.18;0;0;18.0;17.8;16.3;13324;111;1;0;0
2022:08:18:06:41:00,530;0;0;22.5;129.0;130.4;0.17;0;0;18.1;17.8;16.3;13324;111;1;0;0
2022:08:18:06:42:00,579;0;0;22.5;129.2;130.2;0.17;0;0;18.1;17.9;16.3;13324;111;1;0;0
2022:08:18:06:43:00,547;0;0;22.5;129.2;130.6;0.18;0;0;18.1;17.9;16.3;13324;111;1;0;0
2022:08:18:06:44:00,416;0;0;22.5;129.2;130.6;0.17;0;0;18.1;17.9;16.3;13324;111;1;0;0
2022:08:18:06:45:00,385;0;0;22.5;129.5;130.8;0.18;0;0;18.1;17.9;16.4;13324;111;1;0;0
2022:08:18:06:46:00,353;0;0;22.5;129.0;130.2;0.17;0;0;18.1;18.0;16.4;13324;111;1;0;0
2022:08:18:06:47:00,442;0;0;22.5;129.5;130.5;0.17;0;0;18.2;18.0;16.4;13324;111;1;0;0
2022:08:18:06:48:00,390;0;0;22.5;129.2;130.2;0.17;0;0;18.2;18.0;16.4;13324;111;1;0;0
2022:08:18:06:49:00,379;0;0;22.5;129.5;130.5;0.17;0;0;18.2;18.0;16.4;13324;111;1;0;0
2022:08:18:06:50:00,367;0;0;22.5;129.2;130.8;0.17;0;0;18.2;18.0;16.5;13324;111;1;0;0
2022:08:18:06:51:00,316;0;0;22.5;129.2;130.6;0.18;0;0;18.2;18.0;16.5;13324;111;1;0;0
2022:08:18:06:52:00,285;0;0;22.5;129.2;130.6;0.17;0;0;18.3;18.1;16.5;13324;111;1;0;0
2022:08:18:06:53:00,373;0;0;22.5;129.0;130.4;0.17;0;0;18.3;18.1;16.5;13324;111;1;0;0
2022:08:18:06:54:00,402;0;0;22.5;129.0;130.8;0.18;0;0;18.3;18.1;16.6;13324;111;1;0;0
2022:08:18:06:55:00,390;0;0;22.5;128.8;130.4;0.17;0;0;18.3;18.1;16.6;13324;111;1;0;0
2022:08:18:06:56:00,379;0;0;22.5;129.0;130.4;0.18;0;0;18.3;18.1;16.6;13324;111;1;0;0
2022:08:18:06:57:00,447;0;0;22.5;129.0;129.9;0.17;0;0;18.3;18.2;16.6;13324;111;1;0;0
2022:08:18:06:58:00,396;0;0;22.4;128.8;130.1;0.17;0;0;18.4;18.1;16.6;13324;111;1;0;0
2022:08:18:06:59:00,308;0;0;22.4;128.8;130.1;0.17;0;0;18.4;18.2;16.7;13324;111;1;0;0
2022:08:18:07:00:00,262;0;0;22.5;130.1;131.4;0.17;0;0;18.4;18.2;16.7;13324;111;1;0;0
2022:08:18:07:01:00,237;0;0;22.7;131.7;133.0;0.17;0;0;18.4;18.2;16.7;13324;111;1;0;0
2022:08:18:07:02:00,271;0;0;22.8;131.5;132.5;0.17;0;0;18.4;18.2;16.8;13324;111;1;0;0
2022:08:18:07:03:00,206;0;0;22.9;131.5;132.7;0.17;0;0;18.4;18.3;16.8;13324;111;1;0;0
2022:08:18:07:04:00,217;0;0;22.9;131.2;132.4;0.17;0;0;18.4;18.3;16.8;13324;111;1;0;0
2022:08:18:07:05:01,486;0;0;22.9;131.0;132.3;0.17;0;0;18.4;18.3;16.9;13324;111;1;0;0
2022:08:18:07:06:01,454;0;0;22.8;131.5;132.7;0.17;0;0;18.4;18.3;16.9;13324;111;1;0;0
2022:08:18:07:07:01,443;0;0;22.8;131.2;132.7;0.18;0;0;18.5;18.4;16.9;13324;111;1;0;0
2022:08:18:07:08:01,392;0;0;22.8;131.2;132.7;0.17;0;0;18.5;18.4;16.9;13324;111;1;0;0
2022:08:18:07:09:00,000;0;0;22.8;131.0;132.3;0.17;0;0;18.5;18.4;17.0;13324;111;1;0;0
2022:08:18:07:10:00,049;0;0;22.8;130.8;132.3;0.17;0;0;18.5;18.4;17.0;13324;111;1;0;0
2022:08:18:07:11:00,037;0;0;22.8;131.0;132.3;0.17;0;0;18.6;18.4;17.1;13324;111;1;0;0
2022:08:18:07:12:00,066;0;0;22.8;130.8;132.1;0.17;0;0;18.6;18.4;17.1;13324;111;1;0;0
2022:08:18:07:13:00,055;0;0;22.8;131.0;132.6;0.17;0;0;18.6;18.4;17.1;13324;111;1;0;0
2022:08:18:07:14:00,043;0;0;22.7;130.8;132.1;0.17;0;0;18.6;18.5;17.2;13324;111;1;0;0
2022:08:18:07:15:01,472;0;0;22.7;130.8;131.7;0.17;0;0;18.7;18.5;17.2;13324;111;1;0;0
2022:08:18:07:16:01,460;0;0;22.7;130.8;132.1;0.17;0;0;18.7;18.5;17.2;13324;111;1;0;0
2022:08:18:07:17:01,509;0;0;22.7;130.6;132.3;0.17;0;0;18.7;18.5;17.2;13324;111;1;0;0
2022:08:18:07:18:01,277;0;0;22.7;130.8;132.1;0.17;0;0;18.7;18.6;17.2;13324;111;1;0;0
2022:08:18:07:19:01,406;0;0;22.7;130.6;131.7;0.17;0;0;18.8;18.6;17.3;13324;111;1;0;0
2022:08:18:07:20:01,394;0;0;22.6;130.6;131.9;0.17;0;0;18.8;18.6;17.3;13324;111;1;0;0
2022:08:18:07:21:01,463;0;0;22.7;130.8;132.3;0.17;0;0;18.8;18.6;17.4;13324;111;1;0;0
2022:08:18:07:22:00,012;0;0;22.9;131.0;132.6;0.17;0;0;18.9;18.7;17.4;13324;111;1;0;0
2022:08:18:07:23:01,020;0;0;22.8;131.0;132.3;0.18;0;0;18.9;18.7;17.5;13324;111;1;0;0
2022:08:18:07:24:01,129;0;0;22.9;130.6;131.9;0.17;0;0;18.9;18.7;17.5;13324;111;1;0;0
2022:08:18:07:25:01,137;0;0;22.6;129.9;131.2;0.17;0;0;19.0;18.8;17.5;13324;111;1;0;0
2022:08:18:07:26:01,226;0;0;22.6;130.4;131.7;0.17;0;0;19.0;18.8;17.6;13324;111;1;0;0
2022:08:18:07:27:01,154;0;0;22.6;130.1;131.2;0.17;0;0;19.0;18.9;17.7;13324;111;1;0;0
2022:08:18:07:28:01,223;0;0;22.6;129.9;131.2;0.17;0;0;19.1;18.9;17.7;13324;111;1;0;0
2022:08:18:07:29:01,212;0;0;22.9;131.9;133.1;0.17;0;0;19.1;18.9;17.8;13324;111;1;0;0
2022:08:18:07:30:01,200;0;0;23.0;131.9;133.1;0.18;0;0;19.1;18.9;17.8;13324;111;1;0;0
2022:08:18:07:31:01,189;0;0;23.0;131.7;133.0;0.16;0;0;19.2;19.0;17.9;13324;111;1;0;0
2022:08:18:07:32:01,157;0;0;23.0;131.9;133.1;0.16;0;0;19.2;19.0;17.9;13324;111;1;0;0
2022:08:18:07:33:01,166;0;0;23.0;131.9;133.3;0.17;0;0;19.2;19.1;18.0;13324;111;1;0;0
2022:08:18:07:34:01,194;0;0;23.0;131.9;133.3;0.17;0;0;19.3;19.1;18.0;13324;111;1;0;0
2022:08:18:07:35:01,243;0;0;23.0;131.5;132.9;0.17;0;0;19.3;19.2;18.1;13324;111;1;0;0
2022:08:18:07:36:01,192;0;0;23.0;131.9;133.3;0.17;0;0;19.4;19.2;18.1;13324;111;1;0;0
2022:08:18:07:37:01,300;0;0;23.0;131.7;133.0;0.17;0;0;19.4;19.2;18.2;13324;111;1;0;0
2022:08:18:07:38:01,349;0;0;23.0;131.7;132.7;0.17;0;0;19.4;19.3;18.2;13324;111;1;0;0
2022:08:18:07:39:01,337;0;0;23.0;131.5;132.9;0.17;0;0;19.4;19.3;18.2;13324;111;1;0;0
2022:08:18:07:40:01,386;0;0;23.0;131.7;132.7;0.17;0;0;19.5;19.4;18.3;13324;111;1;0;0
2022:08:18:07:41:01,334;0;0;22.9;131.5;132.7;0.17;0;0;19.5;19.4;18.4;13324;111;1;0;0
2022:08:18:07:42:01,383;0;0;22.9;131.5;133.2;0.17;0;0;19.6;19.4;18.5;13324;111;1;0;0
2022:08:18:07:43:01,372;0;0;22.9;131.5;132.7;0.17;0;0;19.7;19.5;18.6;13324;111;1;0;0
2022:08:18:07:44:01,460;0;0;22.9;131.5;132.7;0.16;0;0;19.8;19.6;18.8;13324;111;1;0;0
2022:08:18:07:45:01,389;0;0;23.0;131.7;133.3;0.17;0;0;19.9;19.7;19.0;13324;111;1;0;0
2022:08:18:07:46:01,397;0;0;23.0;131.5;132.9;0.16;0;0;19.9;19.8;19.1;13324;111;1;0;0
2022:08:18:07:47:01,346;0;0;22.9;131.5;132.7;0.16;0;0;20.0;19.9;19.1;13324;111;1;0;0
2022:08:18:07:48:01,414;0;0;22.9;131.2;132.7;0.16;0;0;20.1;19.9;19.2;13324;111;1;0;0
2022:08:18:07:49:01,403;0;0;22.9;131.5;132.7;0.17;0;0;20.1;20.0;19.2;13324;111;1;0;0
2022:08:18:07:50:01,512;0;0;22.9;131.0;132.3;0.17;0;0;20.2;20.1;19.2;13324;111;1;0;0
2022:08:18:07:51:01,540;0;0;22.9;131.2;132.7;0.16;0;0;20.3;20.1;19.3;13324;111;1;0;0
2022:08:18:07:52:01,129;0;0;22.9;131.2;132.4;0.16;0;0;20.3;20.2;19.4;13324;111;1;0;0
2022:08:18:07:53:01,137;0;0;22.8;130.8;132.3;0.16;0;0;20.4;20.3;19.5;13324;111;1;0;0
2022:08:18:07:54:01,106;0;0;22.8;131.0;132.3;0.17;0;0;20.4;20.3;19.6;13324;111;1;0;0
2022:08:18:07:55:01,094;0;0;22.8;131.0;132.3;0.16;0;0;20.5;20.4;19.7;13324;111;1;0;0
2022:08:18:07:56:01,123;0;0;22.8;131.0;132.9;0.17;0;0;20.5;20.4;19.8;13324;111;1;0;0
2022:08:18:07:57:01,072;0;0;22.8;131.0;132.1;0.16;0;0;20.6;20.5;20.0;13324;111;1;0;0
2022:08:18:07:58:00,540;0;0;22.9;131.0;132.3;0.16;0;0;20.7;20.6;20.2;13324;111;1;0;0
2022:08:18:07:59:00,629;0;0;22.8;131.0;132.3;0.16;0;0;20.9;20.8;20.5;13324;111;1;0;0
2022:08:18:08:00:00,197;0;0;22.8;131.0;132.3;0.16;0;0;21.0;20.9;20.6;13324;111;1;0;0
2022:08:18:08:01:00,346;0;0;22.9;131.2;132.7;0.16;0;0;21.1;21.0;20.8;13324;111;1;0;0
2022:08:18:08:02:00,494;0;0;22.9;131.2;132.4;0.16;0;0;21.2;21.1;20.9;13324;111;1;0;0
2022:08:18:08:03:00,623;0;0;22.9;131.5;132.7;0.16;0;0;21.3;21.2;21.0;13324;111;1;0;0
2022:08:18:08:04:00,212;0;0;23.0;131.7;133.3;0.16;0;0;21.4;21.3;21.1;13324;111;1;0;0
2022:08:18:08:05:00,220;0;0;23.0;132.1;133.6;0.16;0;0;21.4;21.4;21.2;13324;111;1;0;0
2022:08:18:08:06:00,249;0;0;23.0;131.9;133.8;0.16;0;0;21.5;21.5;21.3;13324;111;1;0;0
2022:08:18:08:07:00,277;0;0;23.0;132.6;133.6;0.16;0;0;21.7;21.6;21.6;13324;111;1;0;0
2022:08:18:08:08:01,986;0;0;23.0;132.1;133.4;0.14;0;0;21.8;21.7;21.9;13324;111;1;0;0
2022:08:18:08:09:00,554;0;0;23.0;132.1;133.6;0.16;0;0;22.0;21.9;22.3;13324;111;1;0;0
2022:08:18:08:10:00,683;0;0;23.0;131.7;133.5;0.16;0;0;22.1;22.1;22.5;13324;111;1;0;0
2022:08:18:08:11:00,791;0;0;23.0;131.9;133.3;0.16;0;0;22.3;22.3;22.9;13324;111;1;0;0
2022:08:18:08:12:00,840;0;0;23.0;131.9;133.3;0.16;0;0;22.5;22.4;23.1;13324;111;1;0;0
2022:08:18:08:13:00,789;0;0;23.0;131.7;133.0;0.16;0;0;22.5;22.6;23.2;13324;111;1;0;0
2022:08:18:08:14:00,977;0;0;23.0;131.9;133.8;0.16;0;0;22.7;22.7;23.2;13324;111;1;0;0
2022:08:18:08:15:00,946;0;0;23.0;131.7;133.3;0.16;0;0;22.8;22.8;23.3;13324;111;1;0;0
2022:08:18:08:16:00,854;0;0;23.0;131.7;133.0;0.16;0;0;22.9;22.9;23.3;13324;111;1;0;0
2022:08:18:08:17:01,023;0;0;23.0;131.7;133.0;0.14;0;0;23.0;23.1;23.3;13324;111;1;0;0
2022:08:18:08:18:01,211;0;0;23.0;131.9;133.3;0.14;0;0;23.1;23.2;23.3;13324;111;1;0;0
2022:08:18:08:19:01,340;0;0;23.0;131.9;133.8;0.16;0;0;23.2;23.2;23.4;13324;111;1;0;0
2022:08:18:08:20:01,509;0;0;23.0;131.9;133.3;0.16;0;0;23.3;23.3;23.4;13324;111;1;0;0
2022:08:18:08:21:00,277;0;0;23.0;131.5;132.9;0.16;0;0;23.4;23.4;23.4;13324;111;1;0;0
2022:08:18:08:22:00,566;0;0;23.0;131.5;132.5;0.16;0;0;23.5;23.5;23.4;13324;111;1;0;0
2022:08:18:08:23:00,425;0;0;24.5;131.5;132.7;0.14;0;0;23.5;23.5;23.4;13324;111;1;0;0
2022:08:18:08:24:01,502;0;0;23.8;131.2;132.9;0.14;0;0;23.5;23.5;23.4;13324;111;1;0;0
2022:08:18:08:25:01,018;0;0;23.4;131.9;133.3;0.14;0;0;23.6;23.5;23.4;13324;111;1;0;0
2022:08:18:08:26:01,295;0;0;23.1;131.7;133.0;0.14;0;0;23.6;23.6;23.4;13324;111;1;0;0
2022:08:18:08:27:01,152;0;0;23.0;131.9;133.3;0.14;0;0;23.6;23.6;23.4;13324;111;1;0;0
2022:08:18:08:28:01,093;0;0;23.0;131.5;133.2;0.14;0;0;23.7;23.6;23.4;13324;111;1;0;0
2022:08:18:08:29:01,376;0;0;23.0;131.7;133.5;0.16;0;0;23.7;23.7;23.4;13324;111;1;0;0
2022:08:18:08:30:01,358;0;0;23.0;131.9;133.3;0.16;0;0;23.8;23.7;23.4;13324;111;1;0;0
2022:08:18:08:31:01,501;0;0;23.0;131.7;133.3;0.14;0;0;23.8;23.7;23.4;13324;111;1;0;0
2022:08:18:08:32:00,223;0;0;23.0;131.5;132.9;0.16;0;0;23.9;23.8;23.4;13324;111;1;0;0
2022:08:18:08:33:00,231;0;0;23.0;131.5;132.9;0.14;0;0;23.9;23.8;23.4;13324;111;1;0;0
2022:08:18:08:34:00,460;0;0;23.0;131.7;133.0;0.14;0;0;24.0;23.9;23.4;13324;111;1;0;0
2022:08:18:08:35:00,568;0;0;23.0;131.5;132.7;0.16;0;0;24.0;23.9;23.4;13324;111;1;0;0
2022:08:18:08:36:00,517;0;0;23.0;131.5;132.9;0.14;0;0;24.0;23.9;23.4;13324;111;1;0;0
2022:08:18:08:37:01,165;0;0;23.0;131.2;132.9;0.14;0;0;24.1;24.0;23.4;13324;111;1;0;0
2022:08:18:08:38:00,794;0;0;23.0;131.5;132.9;0.14;0;0;24.1;24.0;23.4;13324;111;1;0;0
2022:08:18:08:39:01,302;0;0;23.0;131.5;133.5;0.16;0;0;24.1;24.0;23.4;13324;111;1;0;0
2022:08:18:08:40:00,151;0;0;23.0;131.7;133.3;0.14;0;0;24.2;24.0;23.4;13324;111;1;0;0
2022:08:18:08:41:00,420;0;0;23.0;131.5;132.7;0.14;0;0;24.2;24.1;23.4;13324;111;1;0;0
2022:08:18:08:42:00,068;0;0;23.1;131.0;132.6;0.14;0;0;24.2;24.1;23.4;13324;111;1;0;0
2022:08:18:08:43:00,177;0;0;23.0;131.2;132.7;0.14;0;0;24.3;24.1;23.4;13324;111;1;0;0
2022:08:18:08:44:00,525;0;0;23.0;131.2;132.9;0.14;0;0;24.3;24.1;23.4;13324;111;1;0;0
2022:08:18:08:45:00,534;0;0;23.0;131.2;132.7;0.14;0;0;24.3;24.1;23.5;13324;111;1;0;0
2022:08:18:08:46:00,642;0;0;23.0;131.2;132.7;0.14;0;0;24.3;24.1;23.5;13324;111;1;0;0
2022:08:18:08:47:00,671;0;0;23.1;131.0;132.6;0.16;0;0;24.3;24.1;23.5;13324;111;1;0;0
2022:08:18:08:48:00,280;0;0;23.0;131.2;132.9;0.16;0;0;24.3;24.2;23.5;13324;111;1;0;0
2022:08:18:08:49:00,468;0;0;23.0;131.2;132.4;0.16;0;0;24.4;24.2;23.6;13324;111;1;0;0
2022:08:18:08:50:00,498;0;0;23.0;131.0;132.3;0.14;0;0;24.4;24.2;23.6;13324;111;1;0;0
2022:08:18:08:51:00,765;0;0;22.9;131.2;132.7;0.16;0;0;24.5;24.3;23.6;13324;111;1;0;0
2022:08:18:08:52:00,734;0;0;22.9;131.0;132.9;0.14;0;0;24.5;24.3;23.7;13324;111;1;0;0
2022:08:18:08:53:00,582;0;0;22.9;131.5;132.7;0.14;0;0;24.5;24.3;23.9;13324;111;1;0;0
2022:08:18:08:54:00,031;0;0;22.9;131.0;132.9;0.14;0;0;24.5;24.4;24.1;13324;111;1;0;0
2022:08:18:08:55:00,340;0;0;23.6;131.2;132.7;0.14;0;0;24.7;24.5;24.3;13324;111;1;0;0
2022:08:18:08:56:00,368;0;0;23.9;131.5;133.2;0.16;0;0;24.7;24.6;24.4;13324;111;1;0;0
2022:08:18:08:57:00,537;0;0;23.3;131.2;132.4;0.14;0;0;24.8;24.6;24.4;13324;111;1;0;0
2022:08:18:08:58:00,465;0;0;23.0;131.2;132.7;0.14;0;0;24.8;24.7;24.6;13324;111;1;0;0
2022:08:18:08:59:00,674;0;0;23.0;131.2;132.9;0.16;0;0;24.9;24.8;24.8;13324;111;1;0;0
2022:08:18:09:00:01,242;0;0;23.0;131.0;132.6;0.14;0;0;25.0;24.9;25.1;13324;111;1;0;0
2022:08:18:09:01:00,091;0;0;23.0;131.2;132.7;0.14;0;0;25.1;25.0;25.4;13324;111;1;0;0
2022:08:18:09:02:00,060;0;0;23.5;131.2;132.4;0.14;0;0;25.2;25.1;25.7;13324;111;1;0;0
2022:08:18:09:03:00,208;0;0;23.0;131.2;132.7;0.14;0;0;25.4;25.3;25.9;13324;111;1;0;0
2022:08:18:09:04:00,297;1;21;24.1;131.2;132.4;0.14;0;0;25.6;25.5;26.0;13324;111;1;0;0
2022:08:18:09:05:00,805;0;5;31.3;131.2;132.7;0.14;0;0;25.7;25.7;26.1;13324;111;1;0;0
2022:08:18:09:06:01,174;0;0;28.6;131.0;132.6;0.14;0;0;25.9;25.9;26.2;13324;111;1;0;0
2022:08:18:09:07:01,182;0;0;24.7;131.2;132.4;0.14;0;0;26.1;26.1;26.3;13324;111;1;0;0
2022:08:18:09:08:00,131;1;35;32.3;131.2;132.7;0.14;0;0;26.3;26.4;26.4;13324;111;1;0;0
2022:08:18:09:09:01,299;1;5;48.3;131.2;132.7;0.16;0;0;26.6;26.7;26.4;13324;111;1;0;0
2022:08:18:09:10:01,068;0;0;31.4;131.0;132.3;0.16;0;0;26.7;26.8;26.5;13324;111;1;0;0
2022:08:18:09:11:00,037;0;5;27.2;131.0;132.6;0.14;0;0;26.8;26.9;26.6;13324;111;1;0;0
2022:08:18:09:12:00,185;0;0;27.5;130.8;132.3;0.14;0;0;26.8;26.9;26.7;13324;111;1;0;0
2022:08:18:09:13:00,174;0;0;24.4;131.0;132.3;0.14;0;0;26.9;27.0;26.7;13324;111;1;0;0
2022:08:18:09:14:00,282;5;184;158.3;131.2;133.4;1.32;290;297;26.7;26.9;26.6;13324;111;0;0;256
2022:08:18:09:15:01,191;5;163;137.5;131.5;132.9;0.97;205;210;27.2;27.4;26.4;13324;111;0;0;256
2022:08:18:09:16:00,339;5;184;153.7;131.5;133.7;1.35;298;303;27.6;27.4;26.2;13324;111;0;0;256
2022:08:18:09:17:01,488;4;186;161.5;131.2;132.9;0.71;138;141;27.5;27.6;26.0;13324;111;8;0;256
2022:08:18:09:18:01,497;7;237;196.7;132.1;134.7;2.94;664;662;27.6;27.5;25.9;13324;111;0;0;256
2022:08:18:09:19:00,305;3;116;100.3;130.8;132.3;0.55;52;54;27.9;28.0;25.7;13324;111;0;0;256
2022:08:18:09:20:00,494;2;77;72.2;130.6;131.7;0.16;0;1;27.6;27.6;25.5;13324;111;1;0;0
2022:08:18:09:21:00,862;5;169;141.2;131.0;132.6;1.07;231;233;27.5;27.6;25.5;13324;111;0;0;256
2022:08:18:09:22:01,311;5;193;162.6;131.2;132.9;1.57;348;358;27.5;27.4;25.3;13324;111;0;0;256
2022:08:18:09:23:00,399;4;114;94.9;130.8;132.3;0.55;60;49;28.0;27.9;25.2;13324;111;0;0;256
2022:08:18:09:24:01,448;4;153;129.8;131.5;132.7;0.82;170;168;27.8;27.7;25.1;13324;111;0;0;256
2022:08:18:09:25:00,537;7;245;201.3;131.9;134.4;3.24;729;731;27.8;27.8;25.1;13324;111;0;0;256
2022:08:18:09:26:00,665;6;209;175.1;131.5;133.5;2.03;453;454;28.1;28.3;25.0;13324;111;0;0;256
2022:08:18:09:27:00,894;2;76;66.0;130.8;131.7;0.56;0;0;28.0;27.8;24.9;13324;111;8;0;256
2022:08:18:09:28:01,362;2;53;53.3;130.4;131.9;0.13;0;0;27.7;27.7;24.8;13324;111;1;0;0
2022:08:18:09:29:00,371;3;115;107.8;130.6;131.9;0.16;0;49;27.2;27.4;24.8;13324;111;1;0;0
2022:08:18:09:30:00,519;3;109;94.8;131.0;131.9;0.55;32;33;27.5;27.5;24.7;13324;111;0;0;256
2022:08:18:09:31:00,488;9;285;230.5;132.1;135.8;5.34;1203;1188;27.4;27.7;24.7;13324;111;0;0;256
2022:08:18:09:32:01,037;8;290;234.1;132.1;136.0;5.54;1251;1262;28.5;28.6;24.7;13324;111;0;0;256
2022:08:18:09:33:00,405;4;133;113.8;131.0;132.3;0.62;107;111;28.9;28.8;24.6;13324;111;0;0;256
2022:08:18:09:34:00,214;5;177;147.6;130.8;132.8;1.32;289;288;28.6;28.4;24.6;13324;111;0;0;256
2022:08:18:09:35:00,422;3;101;87.3;130.8;131.7;0.53;20;21;28.3;28.4;24.5;13324;111;0;0;256
2022:08:18:09:36:00,131;5;156;129.3;130.4;132.1;0.95;198;196;27.9;27.8;24.5;13324;111;0;0;256
2022:08:18:09:37:00,619;5;163;135.1;130.6;131.9;1.03;218;221;27.8;27.9;24.6;13324;111;0;0;256
2022:08:18:09:38:00,708;4;131;111.8;130.4;131.9;0.6;99;99;27.7;27.6;24.5;13324;111;0;0;256
2022:08:18:09:39:01,117;5;173;146.5;130.6;132.3;1.26;274;270;27.8;28.0;24.6;13324;111;0;0;256
2022:08:18:09:40:01,545;3;110;94.4;130.4;131.7;0.55;37;37;27.9;27.7;24.5;13324;111;0;0;256
2022:08:18:09:41:00,734;0;0;0.4;130.6;131.9;0.12;0;0;28.3;28.2;24.5;13325;11;3;4096;1024
2022:08:18:09:42:00,102;0;0;16.0;130.1;131.8;0.12;0;0;27.8;27.8;24.5;13325;11;3;4096;1024
2022:08:18:09:43:01,051;0;0;20.7;130.4;131.9;0.12;0;0;27.4;27.4;24.5;13325;11;3;4096;1024
2022:08:18:09:44:00,299;0;0;22.1;130.1;131.8;0.12;0;0;27.1;27.1;24.4;13325;11;3;4096;1024
2022:08:18:09:45:01,088;0;0;22.5;130.4;132.1;0.12;0;0;26.9;26.8;24.4;13325;11;3;4096;1024
2022:08:18:09:46:00,417;0;0;23.0;130.6;132.3;0.12;0;0;26.7;26.7;24.4;13325;11;1;4096;0
2022:08:18:09:47:01,125;3;106;91.9;130.8;132.3;0.55;24;28;26.6;26.4;24.4;13325;11;0;0;256
2022:08:18:09:48:01,354;4;126;107.6;130.8;132.5;0.57;79;78;26.9;27.1;24.4;13325;11;0;0;256
2022:08:18:09:49:00,422;6;224;186.8;131.5;134.0;2.55;573;564;27.2;27.1;24.4;13325;11;0;0;256
2022:08:18:09:50:01,111;4;134;114.2;131.0;132.6;0.62;104;107;27.5;27.6;24.4;13325;11;0;0;256
2022:08:18:09:51:00,979;6;208;173.3;131.2;133.4;1.98;442;452;27.4;27.3;24.4;13325;11;0;0;256
2022:08:18:09:52:01,848;3;102;88.2;130.6;131.2;0.55;20;20;27.5;27.5;24.4;13325;11;0;0;256
2022:08:18:09:53:00,477;7;279;234.5;131.9;134.9;3.35;756;764;27.2;27.2;24.4;13325;11;0;0;256
2022:08:18:09:54:00,445;3;105;90.9;130.6;131.9;0.53;20;23;27.6;27.8;24.4;13325;11;0;0;256
2022:08:18:09:55:00,894;5;180;151.6;131.0;133.1;1.26;277;278;27.7;27.6;24.5;13325;11;0;0;256
2022:08:18:09:56:00,822;6;209;176.0;131.7;134.3;2.02;453;459;27.6;27.8;24.5;13325;11;0;0;256
2022:08:18:09:57:01,051;4;125;107.2;131.7;132.5;0.57;75;78;27.9;27.8;24.5;13325;11;0;0;256
2022:08:18:09:58:00,159;4;137;115.5;131.9;133.1;0.65;115;117;28.1;28.3;24.5;13325;11;0;0;256
2022:08:18:09:59:01,268;3;104;91.6;131.2;132.1;0.55;22;23;27.9;27.9;24.5;13325;11;0;0;256
2022:08:18:10:00:00,516;4;159;134.8;131.7;133.3;0.93;197;196;27.8;28.1;24.5;13325;11;0;0;256
2022:08:18:10:01:01,425;2;76;67.2;131.2;132.1;0.56;0;0;27.8;27.7;24.5;13325;11;8;0;256
2022:08:18:10:02:00,554;3;157;135.5;131.5;132.7;0.58;83;85;27.7;27.9;24.6;13325;11;8;0;256
2022:08:18:10:03:02,121;3;100;87.4;131.2;132.1;0.56;5;7;27.8;27.6;24.6;13325;11;8;0;256
2022:08:18:10:04:01,050;1;46;43.8;131.0;132.6;0.16;0;0;27.7;27.7;24.6;13325;11;1;0;0
2022:08:18:10:05:00,779;6;206;171.6;131.7;134.0;1.92;430;438;27.6;27.7;24.7;13325;11;0;0;256
2022:08:18:10:06:00,908;7;240;198.5;132.1;135.0;3.1;700;700;28.1;28.2;24.7;13325;11;0;0;256
2022:08:18:10:07:01,216;1;42;51.3;131.0;132.6;0.16;0;0;28.5;28.5;24.7;13325;11;1;0;0
2022:08:18:10:08:01,245;1;46;46.4;131.0;132.3;0.16;0;0;28.0;28.1;24.7;13325;11;1;0;0
2022:08:18:10:09:00,914;0;0;6.8;130.6;131.9;0.12;0;0;28.0;28.1;24.8;13326;11;3;4096;1024
2022:08:18:10:10:01,182;0;0;18.0;130.8;132.5;0.07;0;0;27.7;27.8;24.7;13326;11;3;4096;1024
2022:08:18:10:11:01,228;0;0;21.2;130.8;132.3;0.12;0;0;27.5;27.6;24.7;13326;11;3;4096;1024
2022:08:18:10:12:01,059;0;0;22.2;131.0;132.3;0.12;0;0;27.3;27.4;24.7;13326;11;3;4096;1024
2022:08:18:10:13:01,488;0;0;22.5;130.8;132.1;0.12;0;0;27.2;27.3;24.7;13326;11;3;4096;1024
2022:08:18:10:14:00,896;1;21;24.9;131.0;132.9;0.12;0;0;27.1;27.2;24.7;13326;11;1;4096;0
2022:08:18:10:15:01,145;1;39;37.1;130.8;132.5;0.12;0;0;27.0;27.1;24.6;13326;11;1;4096;0
2022:08:18:10:16:03,073;6;205;170.0;131.7;133.8;1.89;423;431;27.0;27.3;24.7;13326;11;0;0;256
2022:08:18:10:17:01,302;4;152;128.0;131.5;132.9;0.82;168;170;27.8;27.7;24.6;13326;11;0;0;256
2022:08:18:10:18:00,111;6;195;162.3;131.7;133.5;1.65;368;372;27.9;28.1;24.6;13326;11;0;0;256
2022:08:18:10:19:00,179;4;142;121.2;131.2;133.2;0.68;126;133;28.0;27.8;24.6;13326;11;0;0;256
2022:08:18:10:20:01,128;4;148;125.6;131.2;133.2;0.78;155;155;28.1;28.2;24.6;13326;11;0;0;256
2022:08:18:10:21:00,816;5;167;142.8;131.2;133.2;1.05;224;227;28.1;28.2;24.6;13326;11;0;0;256
2022:08:18:10:22:00,565;3;116;99.7;131.0;132.3;0.55;49;51;28.1;28.2;24.6;13326;11;0;0;256
2022:08:18:10:23:00,574;4;125;107.5;131.0;132.9;0.58;79;81;28.0;28.1;24.6;13326;11;0;0;256
2022:08:18:10:24:01,122;5;159;132.9;131.2;133.2;0.94;196;199;27.9;28.0;24.6;13326;11;0;0;256
2022:08:18:10:25:03,192;3;99;88.0;130.8;132.5;0.55;3;7;27.9;28.1;24.6;13326;11;8;0;256
2022:08:18:10:26:00,359;2;55;53.2;131.0;132.6;0.14;0;0;28.0;28.0;24.7;13326;11;1;0;0
2022:08:18:10:27:00,748;4;140;118.3;131.2;132.9;0.67;122;126;27.7;27.9;24.8;13326;11;0;0;256
2022:08:18:10:28:03,016;3;110;95.9;131.0;132.1;0.53;15;15;27.8;27.6;24.8;13326;11;8;0;256
2022:08:18:10:29:01,185;4;173;150.2;131.0;132.6;0.64;110;115;27.8;28.1;24.9;13326;11;8;0;256
2022:08:18:10:30:00,134;4;133;112.8;131.5;132.9;0.59;90;92;28.1;27.9;25.0;13326;11;0;0;256
2022:08:18:10:31:00,722;10;324;253.3;133.0;137.9;8.47;1927;1910;28.2;28.6;25.0;13326;11;0;0;256
2022:08:18:10:32:00,391;5;178;146.9;131.2;133.7;1.42;312;314;29.6;29.7;25.1;13326;11;0;0;256
2022:08:18:10:33:01,199;6;182;151.4;131.5;133.5;1.53;338;331;29.5;29.3;25.1;13326;11;0;0;256
2022:08:18:10:34:00,008;2;58;54.3;130.6;131.7;0.13;0;0;29.2;29.2;25.1;13326;11;1;0;0
2022:08:18:10:35:00,576;1;21;39.8;130.8;132.1;0.14;0;0;28.7;28.8;25.2;13326;11;1;0;0
2022:08:18:10:36:00,645;1;42;38.7;130.8;132.5;0.14;0;0;28.4;28.5;25.2;13326;11;1;0;0
2022:08:18:10:37:00,574;4;132;113.1;131.2;132.7;0.61;98;101;28.3;28.5;25.4;13326;11;0;0;256
2022:08:18:10:38:00,902;5;171;143.0;131.5;133.2;1.1;238;243;28.4;28.4;25.5;13326;11;0;0;256
2022:08:18:10:39:00,031;3;114;98.1;130.8;131.7;0.53;41;45;28.7;29.0;25.5;13326;11;0;0;256
2022:08:18:10:40:01,519;3;93;80.4;131.0;132.3;0.55;8;9;28.7;28.9;25.6;13326;11;0;0;256
2022:08:18:10:41:00,628;3;125;108.4;131.0;132.1;0.55;35;36;28.7;28.8;25.7;13326;11;8;0;256
2022:08:18:10:42:01,256;3;119;103.0;130.8;131.7;0.53;26;27;28.9;29.1;25.8;13326;11;8;0;256
2022:08:18:10:43:00,105;6;223;186.0;131.2;134.2;2.41;539;554;28.9;29.0;25.9;13326;11;0;0;256
2022:08:18:10:44:00,833;5;169;142.1;131.5;133.5;1.11;242;238;29.4;29.3;26.0;13326;11;0;0;256
2022:08:18:10:45:00,862;4;132;110.9;131.5;132.7;0.61;100;101;29.5;29.7;26.0;13326;11;0;0;256
2022:08:18:10:46:01,231;3;119;101.3;131.0;132.6;0.55;54;60;29.3;29.5;26.0;13326;11;0;0;256
2022:08:18:10:47:00,599;4;124;105.9;131.2;132.7;0.57;74;77;29.2;29.2;26.0;13326;11;0;0;256
2022:08:18:10:48:00,108;4;149;126.5;131.2;132.9;0.78;155;157;29.2;29.6;26.1;13326;11;0;0;256
2022:08:18:10:49:00,736;2;68;59.2;131.0;132.1;0.57;0;0;29.3;29.1;26.1;13326;11;8;0;256
2022:08:18:10:50:00,445;4;195;168.8;131.0;132.3;0.8;160;165;29.1;29.1;26.1;13326;11;8;0;256
2022:08:18:10:51:00,973;3;140;120.8;130.8;131.7;0.55;55;57;29.2;29.3;26.1;13326;11;0;0;256
2022:08:18:10:52:00,862;3;103;100.1;130.8;132.1;0.14;0;22;29.1;29.3;26.1;13326;11;1;0;0
2022:08:18:10:53:04,651;3;95;85.2;130.6;131.5;0.56;2;5;29.1;29.2;26.2;13326;11;8;0;256
2022:08:18:10:54:01,159;4;191;165.3;131.2;132.4;0.77;153;156;29.1;29.1;26.3;13326;11;8;0;256
2022:08:18:10:55:00,688;4;126;108.6;131.0;131.9;0.57;76;80;29.4;29.6;26.3;13326;11;0;0;256
2022:08:18:10:56:00,896;4;149;126.6;131.5;133.2;0.78;155;157;29.5;29.7;26.4;13326;11;0;0;256
2022:08:18:10:57:00,465;3;95;82.3;130.8;132.1;0.55;10;11;29.5;29.3;26.3;13326;11;0;0;256
2022:08:18:10:58:00,473;1;49;47.4;130.6;131.9;0.14;0;0;29.4;29.5;26.4;13326;11;1;0;0
2022:08:18:10:59:00,962;4;132;112.6;131.5;132.7;0.62;104;103;29.1;29.5;26.5;13326;11;0;0;256
2022:08:18:11:00:11,052;2;77;71.6;130.8;132.3;0.14;0;1;29.3;29.4;26.5;13326;11;1;0;0
2022:08:18:11:01:00,139;3;100;85.7;131.2;131.9;0.55;17;17;29.2;29.1;26.6;13326;11;0;0;256
2022:08:18:11:02:00,968;4;124;105.7;131.0;132.3;0.57;78;74;29.4;29.4;26.7;13326;11;0;0;256
2022:08:18:11:03:00,896;3;101;101.5;130.6;131.7;0.14;0;18;29.4;29.6;26.8;13326;11;1;0;0
2022:08:18:11:04:00,365;4;117;100.8;130.6;131.7;0.56;57;56;29.4;29.4;27.0;13326;11;0;0;256
2022:08:18:11:05:01,113;4;147;121.6;131.2;132.4;0.78;154;150;29.7;29.8;27.1;13326;11;0;0;256
2022:08:18:11:06:00,402;4;149;126.2;131.0;132.6;0.77;153;156;29.9;30.0;27.3;13326;11;0;0;256
2022:08:18:11:07:01,371;3;117;100.4;130.8;132.1;0.55;52;53;30.1;30.2;27.5;13326;11;0;0;256
2022:08:18:11:08:00,999;2;57;53.1;130.4;131.7;0.14;0;0;30.3;30.6;27.7;13326;11;1;0;0
2022:08:18:11:09:01,429;4;122;104.3;130.6;132.3;0.56;67;68;30.5;30.6;28.0;13326;11;0;0;256
2022:08:18:11:10:01,236;5;161;136.8;130.8;132.8;0.95;198;201;30.9;31.2;28.3;13326;11;0;0;256
2022:08:18:11:11:00,385;6;193;162.8;130.8;133.3;1.62;359;355;31.3;31.4;28.6;13326;11;0;0;256
2022:08:18:11:12:00,793;3;97;83.2;130.4;131.7;0.53;13;14;31.7;31.7;28.8;13326;11;0;0;256
2022:08:18:11:13:01,382;3;111;94.7;130.4;131.7;0.55;36;36;31.8;31.9;29.0;13326;11;0;0;256
2022:08:18:11:14:00,091;3;101;86.0;130.4;131.1;0.55;7;8;31.9;32.3;29.2;13326;11;8;0;256
2022:08:18:11:15:00,459;2;53;48.7;130.1;131.8;0.14;0;0;32.0;32.4;29.5;13326;11;1;0;0
2022:08:18:11:16:01,228;5;175;147.6;131.0;132.9;1.17;254;257;32.2;32.6;29.8;13326;11;0;0;256
2022:08:18:11:17:01,336;3;104;90.3;130.4;131.4;0.53;20;23;32.5;32.7;29.9;13326;11;0;0;256
2022:08:18:11:18:01,065;3;86;74.1;130.4;131.4;0.55;4;4;32.6;32.8;30.0;13326;11;0;0;256
2022:08:18:11:19:01,633;3;87;80.6;130.4;131.7;0.14;0;4;32.5;32.9;29.9;13326;11;1;0;0
2022:08:18:11:20:00,862;3;103;94.7;130.1;131.2;0.14;0;19;32.4;32.8;29.9;13326;11;1;0;0
2022:08:18:11:21:01,291;3;133;114.3;130.6;131.5;0.55;44;46;32.4;32.5;30.0;13326;11;8;0;256
2022:08:18:11:22:00,479;7;266;220.5;131.5;134.8;3.44;775;782;32.4;32.6;29.9;13326;11;0;0;256
2022:08:18:11:23:00,268;5;225;192.0;131.0;132.6;1.25;273;284;32.7;32.7;29.9;13326;11;0;0;256
2022:08:18:11:24:00,096;4;153;129.6;130.6;132.3;0.82;168;170;33.0;33.0;29.8;13326;11;0;0;256
2022:08:18:11:25:01,195;5;182;149.8;131.2;133.2;1.33;290;288;32.8;33.0;29.7;13326;11;0;0;256
2022:08:18:11:26:00,520;4;145;122.9;130.8;132.3;0.71;137;142;32.8;32.7;29.7;13326;11;0;0;256
2022:08:18:11:27:01,008;4;160;136.2;130.6;132.3;0.9;190;191;32.6;32.7;29.6;13326;11;0;0;256
2022:08:18:11:28:00,494;3;125;108.4;130.6;131.7;0.53;35;34;32.4;32.4;29.5;13326;11;8;0;256
2022:08:18:11:29:00,960;3;107;95.0;130.4;131.4;0.55;10;13;32.4;32.3;29.4;13326;11;8;0;256
2022:08:18:11:30:01,041;4;175;151.0;130.6;131.7;0.65;114;117;32.3;32.3;29.5;13326;11;8;0;256
2022:08:18:11:31:00,195;4;125;106.1;130.4;131.1;0.57;75;76;32.5;32.4;29.4;13326;11;0;0;256
2022:08:18:11:32:01,170;6;221;185.2;130.8;133.3;2.34;521;527;32.5;32.6;29.4;13326;11;0;0;256
2022:08:18:11:33:00,664;2;76;65.0;130.1;131.4;0.56;0;0;32.7;32.6;29.3;13326;11;8;0;256
2022:08:18:11:34:00,620;5;178;148.9;131.0;132.9;1.23;266;265;32.3;32.3;29.3;13326;11;0;0;256
2022:08:18:11:35:01,610;4;131;111.6;130.6;131.7;0.59;91;96;32.4;32.6;29.2;13326;11;0;0;256
2022:08:18:11:36:00,659;2;59;54.3;130.1;131.4;0.12;0;0;32.4;32.3;29.1;13326;11;1;0;0
2022:08:18:11:37:00,828;6;197;164.6;130.8;133.1;1.69;374;369;31.9;32.0;29.1;13326;11;0;0;256
2022:08:18:11:38:00,296;2;62;56.8;130.1;131.8;0.12;0;0;32.2;32.2;29.0;13326;11;1;0;0
2022:08:18:11:39:01,545;1;25;45.0;130.1;131.8;0.14;0;0;31.9;32.0;29.0;13326;11;1;0;0
2022:08:18:11:40:00,073;4;123;104.7;130.6;131.9;0.56;67;68;31.7;31.6;29.1;13326;11;0;0;256
2022:08:18:11:41:00,342;3;107;92.2;130.4;131.4;0.53;28;29;31.9;31.9;29.0;13326;11;0;0;256
2022:08:18:11:42:00,435;3;120;101.6;130.6;131.9;0.53;58;61;32.0;32.1;29.1;13326;11;0;0;256
2022:08:18:11:43:00,409;4;121;102.5;130.6;131.5;0.56;68;68;32.1;32.2;29.2;13326;11;0;0;256
2022:08:18:11:44:00,264;1;39;53.7;130.1;131.4;0.14;0;0;32.1;32.2;29.2;13326;11;1;0;0
2022:08:18:11:45:00,658;2;57;52.6;130.1;131.8;0.14;0;0;31.9;32.0;29.2;13326;11;1;0;0
2022:08:18:11:46:00,813;5;184;151.6;130.8;133.1;1.34;293;293;31.9;32.2;29.4;13326;11;0;0;256
2022:08:18:11:47:01,083;5;181;149.8;130.6;133.0;1.35;295;293;32.5;32.7;29.5;13326;11;0;0;256
2022:08:18:11:48:00,732;5;189;158.6;130.8;132.5;1.43;314;322;32.7;32.9;29.5;13326;11;0;0;256
2022:08:18:11:49:01,360;2;64;54.3;130.1;131.4;0.55;0;0;32.9;32.7;29.5;13326;11;8;0;256
2022:08:18:11:50:01,449;0;5;39.9;130.1;131.8;0.14;0;0;32.6;32.7;29.5;13326;11;1;0;0
2022:08:18:11:51:00,518;0;0;28.9;130.4;131.7;0.14;0;0;32.4;32.5;29.6;13326;11;1;0;0
2022:08:18:11:52:01,026;1;49;45.8;130.1;131.8;0.14;0;0;32.3;32.4;29.6;13326;11;1;0;0
2022:08:18:11:53:00,835;5;181;152.8;131.0;133.1;1.33;293;289;32.4;32.8;29.7;13326;11;0;0;256
2022:08:18:11:54:00,023;4;156;129.3;131.0;132.6;0.87;179;180;33.0;33.2;29.7;13326;11;0;0;256
2022:08:18:11:55:00,532;5;164;138.9;130.8;132.5;0.97;205;210;33.0;33.3;29.8;13326;11;0;0;256
2022:08:18:11:56:01,100;4;140;117.5;131.0;132.6;0.68;123;124;33.0;33.1;29.8;13326;11;0;0;256
2022:08:18:11:57:00,489;3;133;114.8;130.8;131.5;0.53;44;46;33.0;33.1;29.8;13326;11;8;0;256
2022:08:18:11:58:00,818;3;159;137.3;130.8;132.5;0.59;87;87;33.0;33.0;29.9;13326;11;8;0;256
2022:08:18:11:59:00,446;3;89;79.2;130.6;131.9;0.56;0;2;33.1;33.0;30.0;13326;11;8;0;256
2022:08:18:12:00:00,055;4;137;116.1;131.0;132.3;0.64;108;108;33.2;33.2;30.0;13326;11;0;0;256
2022:08:18:12:01:00,403;7;237;193.8;131.7;134.6;2.91;655;657;33.2;33.2;30.1;13326;11;0;0;256
2022:08:18:12:02:00,652;4;150;126.2;131.0;132.6;0.78;155;157;33.6;33.6;30.1;13326;11;0;0;256
2022:08:18:12:03:00,680;4;157;130.5;131.2;132.4;0.87;181;180;33.5;33.8;30.1;13326;11;0;0;256
2022:08:18:12:04:00,849;4;158;133.4;131.0;132.3;0.88;184;187;33.5;33.5;30.2;13326;11;0;0;256
2022:08:18:12:05:00,978;4;151;127.9;131.2;132.7;0.78;156;162;33.4;33.7;30.2;13326;11;0;0;256
2022:08:18:12:06:02,586;5;159;134.6;131.2;132.4;0.91;192;192;33.5;33.5;30.2;13326;11;0;0;256
2022:08:18:12:07:00,595;3;101;86.7;130.8;131.7;0.55;6;8;33.5;33.7;30.2;13326;11;8;0;256
2022:08:18:12:08:00,903;3;112;96.0;130.8;131.7;0.53;17;18;33.4;33.4;30.3;13326;11;8;0;256
2022:08:18:12:09:00,312;1;43;51.2;130.6;131.7;0.14;0;0;33.5;33.6;30.3;13326;11;1;0;0
2022:08:18:12:10:12,142;1;33;36.1;130.4;131.7;0.14;0;0;33.3;33.4;30.5;13326;11;1;0;0
2022:08:18:12:11:01,489;4;138;116.7;131.0;132.3;0.66;118;118;33.2;33.6;30.7;13326;11;0;0;256
2022:08:18:12:12:01,238;7;241;197.7;131.5;134.8;3.04;686;690;33.4;33.8;30.9;13326;11;0;0;256
2022:08:18:12:13:01,406;3;113;96.0;130.6;131.7;0.53;37;41;34.5;34.3;31.0;13326;11;0;0;256
2022:08:18:12:14:00,535;5;161;134.2;130.6;132.5;0.93;194;199;34.3;34.3;31.0;13326;11;0;0;256
2022:08:18:12:15:01,243;5;174;143.4;131.0;133.1;1.2;263;250;34.4;34.9;31.0;13326;11;0;0;256
2022:08:18:12:16:00,315;1;0;0.0;130.1;131.8;0.12;0;0;34.6;34.8;30.9;13327;11;3;4096;1024
2022:08:18:12:17:02,149;0;0;15.8;130.4;132.1;0.12;0;0;34.1;34.3;30.8;13327;11;3;4096;1024
2022:08:18:12:18:01,724;0;0;20.6;130.4;131.9;0.12;0;0;33.6;33.7;30.6;13327;11;3;4096;1024
2022:08:18:12:19:01,039;0;0;22.1;130.4;131.9;0.12;0;0;33.2;33.3;30.4;13327;11;3;4096;1024
2022:08:18:12:20:01,293;0;0;22.5;130.6;132.3;0.12;0;0;32.9;33.0;30.3;13327;11;3;4096;1024
2022:08:18:12:21:00,605;0;0;22.7;130.1;131.4;0.12;0;0;32.7;32.8;30.2;13327;11;1;4096;0
2022:08:18:12:22:00,052;6;204;169.3;131.5;133.2;1.84;409;411;32.4;32.7;30.2;13327;11;0;0;256
2022:08:18:12:23:00,402;0;0;9.0;130.6;131.9;0.12;0;0;33.1;33.0;30.0;13328;11;3;4096;1024
2022:08:18:12:24:00,890;0;0;18.6;130.4;131.9;0.12;0;0;32.8;32.8;29.9;13328;11;3;4096;1024
2022:08:18:12:25:00,158;0;0;21.3;130.4;131.9;0.12;0;0;32.6;32.6;29.9;13328;11;3;4096;1024
2022:08:18:12:26:01,527;0;0;22.3;130.4;131.9;0.12;0;0;32.4;32.4;29.8;13328;11;3;4096;1024
2022:08:18:12:27:00,576;0;0;22.6;130.6;131.9;0.12;0;0;32.3;32.3;29.7;13328;11;3;4096;1024
2022:08:18:12:28:00,224;2;71;65.4;130.4;131.9;0.12;0;0;32.2;32.2;29.6;13328;11;1;4096;0
2022:08:18:12:29:00,673;7;233;188.3;131.7;134.6;3.15;711;697;33.0;33.1;29.6;13328;11;0;0;256
2022:08:18:12:30:00,902;6;181;151.6;131.2;133.4;1.42;312;320;33.5;33.2;29.5;13328;11;0;0;256
2022:08:18:12:31:01,430;6;217;178.5;131.7;134.0;2.47;556;571;33.9;34.0;29.5;13328;11;0;0;256
2022:08:18:12:32:01,119;5;158;131.5;131.2;132.9;0.98;207;208;33.7;33.8;29.4;13328;11;0;0;256
2022:08:18:12:33:00,687;8;270;217.7;132.1;135.4;4.61;1041;1059;34.1;34.3;29.3;13328;11;0;0;256
2022:08:18:12:34:01,156;4;142;119.2;131.2;132.7;0.74;144;147;34.0;34.1;29.2;13328;11;0;0;256
2022:08:18:12:35:00,324;3;119;101.1;131.0;132.1;0.55;63;67;33.6;33.6;29.2;13328;11;0;0;256
2022:08:18:12:36:00,112;6;184;150.5;131.5;133.5;1.56;346;336;33.7;33.9;29.1;13328;11;0;0;256
2022:08:18:12:37:00,061;6;183;150.3;131.7;134.0;1.52;338;337;33.7;33.9;29.1;13328;11;0;0;256
2022:08:18:12:38:00,610;3;104;88.6;131.2;132.4;0.53;27;26;33.5;33.7;29.0;13328;11;0;0;256
2022:08:18:12:39:00,198;2;81;68.4;130.8;132.1;0.56;2;3;33.2;33.4;29.0;13328;11;0;0;256
2022:08:18:12:40:05,287;5;150;126.9;131.2;133.2;0.9;190;190;33.8;33.8;29.0;13328;11;0;0;256
2022:08:18:12:41:00,856;0;0;8.3;130.6;132.3;0.12;0;0;33.7;33.7;28.8;13329;11;3;4096;1024
2022:08:18:12:42:00,665;0;0;18.5;130.8;132.8;0.12;0;0;33.0;33.0;28.8;13329;11;3;4096;1024
2022:08:18:12:43:00,052;0;0;21.3;130.8;132.5;0.12;0;0;32.5;32.5;28.7;13329;11;3;4096;1024
2022:08:18:12:44:00,562;0;0;22.4;130.8;132.3;0.12;0;0;32.2;32.2;28.6;13329;11;3;4096;1024
2022:08:18:12:45:01,170;0;0;22.6;130.8;132.3;0.12;0;0;31.9;31.9;28.5;13329;11;3;4096;1024
2022:08:18:12:46:00,278;2;81;75.2;130.8;132.5;0.12;0;2;31.7;31.7;28.5;13329;11;1;4096;0
2022:08:18:12:47:01,507;6;211;172.3;131.7;133.8;2.3;513;511;32.5;32.7;28.5;13329;11;0;0;256
2022:08:18:12:48:00,535;0;0;13.5;130.8;132.3;0.12;0;0;32.8;32.6;28.4;13330;11;3;4096;1024
2022:08:18:12:49:00,625;0;0;19.9;130.8;132.5;0.12;0;0;32.2;32.2;28.3;13330;11;3;4096;1024
2022:08:18:12:50:01,013;0;0;22.0;130.6;132.3;0.12;0;0;31.9;31.9;28.3;13330;11;3;4096;1024
2022:08:18:12:51:02,522;0;0;22.5;130.6;132.3;0.12;0;0;31.7;31.6;28.2;13330;11;3;4096;1024
2022:08:18:12:52:01,290;0;0;22.6;130.8;132.3;0.12;0;0;31.5;31.5;28.2;13330;11;3;4096;1024
2022:08:18:12:53:01,119;2;89;82.0;130.6;131.9;0.12;0;5;31.3;31.4;28.2;13330;11;1;4096;0
2022:08:18:12:54:00,446;6;198;163.4;131.7;133.5;1.72;384;381;31.5;31.4;28.2;13330;11;0;0;256
2022:08:18:12:55:00,095;3;117;99.0;131.2;132.7;0.55;51;53;32.1;31.8;28.2;13330;11;0;0;256
2022:08:18:12:56:01,185;6;222;183.3;131.7;133.8;2.42;543;543;32.2;32.2;28.2;13330;11;0;0;256
2022:08:18:12:57:00,012;4;143;119.9;131.5;132.7;0.69;131;131;32.8;32.6;28.2;13330;11;0;0;256
2022:08:18:12:58:02,322;3;116;99.0;131.2;132.1;0.55;49;51;32.5;32.2;28.2;13330;11;0;0;256
2022:08:18:12:59:00,369;3;114;97.4;131.0;132.1;0.53;43;45;32.3;32.1;28.2;13330;11;0;0;256
2022:08:18:13:00:00,598;7;232;190.5;131.7;133.8;2.78;622;622;32.5;32.5;28.2;13330;11;0;0;256
2022:08:18:13:01:00,026;8;288;232.5;132.1;135.8;5.04;1138;1133;32.7;32.7;28.3;13330;11;0;0;256
2022:08:18:13:02:00,335;2;65;56.1;130.6;131.7;0.56;0;0;33.4;33.0;28.2;13330;11;8;0;256
2022:08:18:13:03:01,425;5;211;179.1;131.0;132.9;1.23;267;266;32.7;32.6;28.3;13330;11;0;0;256
2022:08:18:13:04:00,953;5;182;154.0;131.2;132.9;1.37;302;308;33.1;33.0;28.3;13330;11;0;0;256
2022:08:18:13:05:00,802;0;0;0.0;130.1;132.0;0.12;0;0;33.4;33.3;28.3;13331;11;3;4096;1024
2022:08:18:13:06:00,729;0;0;15.7;130.1;132.0;0.12;0;0;32.8;32.8;28.3;13331;11;3;4096;1024
2022:08:18:13:07:00,618;0;0;20.5;129.9;131.6;0.12;0;0;32.2;32.3;28.2;13331;11;3;4096;1024
2022:08:18:13:08:00,566;0;0;22.1;129.9;131.6;0.12;0;0;31.8;31.9;28.2;13331;11;3;4096;1024
2022:08:18:13:09:01,496;0;0;22.5;130.1;131.8;0.12;0;0;31.6;31.6;28.2;13331;11;3;4096;1024
2022:08:18:13:10:01,644;0;8;23.0;130.1;131.8;0.12;0;0;31.4;31.5;28.1;13331;11;1;4096;0
2022:08:18:13:11:00,913;6;201;165.7;130.8;133.1;1.84;408;404;31.2;31.5;28.2;13331;11;0;0;256
2022:08:18:13:12:00,922;4;143;120.2;130.6;131.9;0.72;141;138;31.7;31.8;28.2;13331;11;0;0;256
2022:08:18:13:13:01,110;3;100;86.0;130.4;131.4;0.55;4;7;31.9;31.8;28.1;13331;11;8;0;256
2022:08:18:13:14:00,178;5;220;190.2;130.8;132.5;1.16;252;256;31.8;32.0;28.2;13331;11;0;0;256
2022:08:18:13:15:00,686;3;116;98.5;130.4;131.7;0.53;48;51;32.1;32.0;28.2;13331;11;0;0;256
2022:08:18:13:16:00,815;4;155;130.6;130.8;132.3;0.86;176;178;32.0;32.0;28.2;13331;11;0;0;256
2022:08:18:13:17:01,284;4;135;114.5;130.6;132.3;0.64;108;109;32.0;31.9;28.3;13331;11;0;0;256
2022:08:18:13:18:00,913;5;194;164.4;130.6;132.5;1.05;226;226;31.8;32.0;28.3;13331;11;0;0;256
2022:08:18:13:19:00,461;5;179;151.0;130.6;132.5;1.29;283;276;32.4;32.6;28.3;13331;11;0;0;256
2022:08:18:13:20:00,409;6;205;170.9;130.6;133.0;2.02;450;451;33.0;33.2;28.3;13331;11;0;0;256
2022:08:18:13:21:00,098;8;281;225.8;131.7;135.4;5.02;1130;1127;33.7;34.0;28.3;13331;11;0;0;256
2022:08:18:13:22:01,047;5;151;123.8;130.6;132.7;0.89;186;182;34.2;34.2;28.4;13331;11;0;0;256
2022:08:18:13:23:00,655;5;163;135.6;130.6;132.3;1.03;218;223;33.4;33.6;28.4;13331;11;0;0;256
2022:08:18:13:24:01,585;8;296;239.1;131.7;135.6;5.74;1292;1303;33.0;33.5;28.4;13331;11;0;0;256
2022:08:18:13:25:00,180;6;198;162.1;130.8;133.1;1.88;419;412;33.6;33.9;28.5;13331;11;0;0;256
2022:08:18:13:26:00,015;10;315;245.3;132.4;137.2;7.94;1799;1726;33.3;33.7;28.5;13331;11;0;0;256
2022:08:18:13:27:00,549;7;244;197.8;131.2;134.2;3.53;794;808;34.2;34.5;28.5;13331;11;0;0;256
2022:08:18:13:28:00,384;7;241;196.0;131.0;134.2;3.41;766;775;33.9;34.2;28.6;13331;11;0;0;256
2022:08:18:13:29:00,636;3;123;105.1;130.4;131.7;0.57;76;80;34.0;34.0;28.6;13331;11;0;0;256
2022:08:18:13:30:00,665;4;173;148.9;130.4;131.7;0.65;112;113;33.3;33.5;28.6;13331;11;8;0;256
2022:08:18:13:31:00,393;5;172;141.9;130.8;132.5;1.13;243;241;33.1;33.2;28.7;13331;11;0;0;256
2022:08:18:13:32:00,542;4;143;120.5;130.1;132.0;0.71;133;135;33.1;33.2;28.7;13331;11;0;0;256
2022:08:18:13:33:00,691;0;0;5.9;129.7;131.8;0.12;0;0;33.2;33.2;28.7;13332;11;3;4096;1024
2022:08:18:13:34:01,119;0;0;17.6;129.7;131.4;0.12;0;0;32.6;32.7;28.7;13332;11;3;4096;1024
2022:08:18:13:35:00,168;0;0;21.1;129.9;132.0;0.12;0;0;32.2;32.3;28.7;13332;11;3;4096;1024
2022:08:18:13:36:00,016;0;0;22.1;129.9;131.6;0.12;0;0;31.9;32.1;28.6;13332;11;3;4096;1024
2022:08:18:13:37:01,246;0;0;22.5;129.7;131.4;0.12;0;0;31.8;31.9;28.6;13332;11;3;4096;1024
2022:08:18:13:38:00,813;2;78;71.7;129.7;131.4;0.12;0;1;31.5;31.7;28.5;13332;11;1;4096;0
2022:08:18:13:39:00,562;4;153;130.7;130.6;132.3;0.85;173;174;31.7;31.7;28.6;13332;11;0;0;256
2022:08:18:13:40:00,031;6;220;182.1;131.0;133.1;2.33;520;528;32.1;32.3;28.6;13332;11;0;0;256
2022:08:18:13:41:00,799;6;225;185.1;131.0;133.1;2.56;572;567;32.3;32.6;28.6;13332;11;0;0;256
2022:08:18:13:42:00,468;5;168;140.1;130.6;131.9;1.06;225;228;32.8;33.1;28.6;13332;11;0;0;256
2022:08:18:13:43:00,056;4;127;106.9;130.1;132.0;0.57;83;84;32.9;33.0;28.6;13332;11;0;0;256
2022:08:18:13:44:01,025;8;267;216.1;131.2;134.8;4.09;918;907;32.5;32.9;28.6;13332;11;0;0;256
2022:08:18:13:45:00,113;3;119;101.1;130.4;131.7;0.55;56;59;32.9;33.0;28.7;13332;11;0;0;256
2022:08:18:13:46:00,682;4;145;122.5;130.6;132.3;0.7;135;138;32.6;32.9;28.7;13332;11;0;0;256
2022:08:18:13:47:01,312;6;221;182.0;131.0;133.4;2.45;547;534;32.7;33.1;28.7;13332;11;0;0;256
2022:08:18:13:48:00,579;5;173;146.5;131.5;133.2;1.15;250;250;33.2;33.4;28.7;13332;11;0;0;256
2022:08:18:13:49:01,329;4;155;129.5;131.2;133.2;0.85;173;178;32.9;33.1;28.7;13332;11;0;0;256
2022:08:18:13:50:00,836;8;270;220.6;131.9;134.9;4.22;952;949;32.6;33.1;28.8;13332;11;0;0;256
2022:08:18:13:51:23,669;0;0;9.5;130.6;132.5;0.12;0;0;33.1;33.1;28.7;13333;11;3;4096;1024
2022:08:18:13:52:01,374;0;0;16.6;130.6;131.9;0.12;0;0;32.7;32.8;28.7;13333;11;3;4096;1024
2022:08:18:13:53:00,582;0;0;20.8;130.6;132.5;0.12;0;0;32.2;32.4;28.7;13333;11;3;4096;1024
2022:08:18:13:54:01,151;0;0;22.1;130.4;131.9;0.12;0;0;31.9;32.0;28.6;13333;11;3;4096;1024
2022:08:18:13:55:00,419;0;0;22.5;130.6;132.3;0.12;0;0;31.7;31.8;28.6;13333;11;3;4096;1024
2022:08:18:13:56:00,008;0;0;23.0;130.8;132.3;0.12;0;0;31.5;31.6;28.5;13333;11;1;4096;0
2022:08:18:13:57:00,616;2;84;77.2;130.6;132.5;0.12;0;3;31.3;31.5;28.5;13333;11;1;4096;0
2022:08:18:13:58:01,145;3;107;91.1;130.6;132.3;0.53;28;29;31.6;31.6;28.5;13333;11;0;0;256
2022:08:18:13:59:01,373;6;227;186.1;131.7;134.6;2.56;576;581;32.0;32.1;28.5;13333;11;0;0;256
2022:08:18:14:00:01,282;8;299;240.4;132.4;136.1;5.59;1267;1263;32.4;32.4;28.5;13333;11;0;0;256
2022:08:18:14:01:01,031;7;265;216.3;131.9;134.9;3.92;883;897;33.1;33.0;28.5;13333;11;0;0;256
2022:08:18:14:02:01,439;6;207;170.3;131.9;134.1;1.98;444;446;33.4;33.2;28.5;13333;11;0;0;256
2022:08:18:14:03:00,528;4;139;116.7;131.0;132.9;0.67;121;121;33.1;33.0;28.5;13333;11;0;0;256
2022:08:18:14:04:00,576;5;171;143.1;131.0;132.9;1.09;236;242;32.7;32.7;28.5;13333;11;0;0;256
2022:08:18:14:05:01,225;7;241;198.0;131.9;134.9;3.04;685;692;32.4;32.6;28.6;13333;11;0;0;256
2022:08:18:14:06:00,573;5;183;152.9;131.7;133.8;1.35;298;293;32.9;33.0;28.6;13333;11;0;0;256
2022:08:18:14:07:01,583;7;291;239.5;131.9;135.2;4.01;905;907;32.5;32.6;28.6;13333;11;0;0;256
2022:08:18:14:08:00,891;6;197;162.7;131.5;133.7;1.67;373;372;33.7;33.7;28.7;13333;11;0;0;256
2022:08:18:14:09:01,359;3;93;79.7;130.6;131.9;0.55;9;9;33.4;33.3;28.6;13333;11;0;0;256
2022:08:18:14:10:02,349;3;102;86.3;131.0;132.3;0.53;18;19;32.9;33.0;28.6;13333;11;0;0;256
2022:08:18:14:11:00,996;4;146;122.8;131.2;133.2;0.75;147;150;32.6;32.7;28.6;13333;11;0;0;256
2022:08:18:14:12:00,905;5;157;132.0;131.2;132.7;0.88;182;185;32.6;32.9;28.6;13333;11;0;0;256
2022:08:18:14:13:00,153;6;202;165.8;131.2;133.4;1.84;410;407;32.7;33.0;28.7;13333;11;0;0;256
2022:08:18:14:14:00,922;6;205;169.2;131.5;133.5;1.89;423;426;33.0;33.1;28.7;13333;11;0;0;256
2022:08:18:14:15:00,051;4;148;124.6;131.0;132.9;0.77;154;154;32.9;33.0;28.7;13333;11;0;0;256
2022:08:18:14:16:01,259;2;51;46.6;130.4;131.9;0.14;0;0;32.6;32.7;28.6;13333;11;1;0;0
2022:08:18:14:17:02,769;0;5;38.3;130.6;131.9;0.14;0;0;32.2;32.3;28.6;13333;11;1;0;0
2022:08:18:14:18:00,396;0;0;28.6;130.4;131.4;0.14;0;0;32.0;32.1;28.6;13333;11;1;0;0
2022:08:18:14:19:02,326;0;0;25.2;130.4;131.7;0.14;0;0;31.9;32.0;28.6;13333;11;1;0;0
2022:08:18:14:20:00,653;1;20;28.4;130.6;131.5;0.14;0;0;31.8;31.9;28.6;13333;11;1;0;0
2022:08:18:14:21:00,802;0;0;25.4;130.6;131.9;0.14;0;0;31.7;31.8;28.6;13333;11;1;0;0
2022:08:18:14:22:01,190;0;0;23.6;130.1;132.0;0.14;0;0;31.7;31.7;28.6;13333;11;1;0;0
2022:08:18:14:23:00,499;0;0;23.0;130.6;131.7;0.14;0;0;31.6;31.7;28.7;13333;11;1;0;0
2022:08:18:14:24:00,028;0;0;23.0;130.4;131.9;0.13;0;0;31.6;31.7;28.7;13333;11;1;0;0
2022:08:18:14:25:00,776;0;0;22.9;130.4;131.7;0.14;0;0;31.6;31.7;28.7;13333;11;1;0;0
2022:08:18:14:26:02,146;0;0;22.9;130.6;131.7;0.14;0;0;31.6;31.7;28.7;13333;11;1;0;0
2022:08:18:14:27:01,533;0;0;24.0;130.4;131.9;0.14;0;0;31.6;31.7;28.7;13333;11;1;0;0
2022:08:18:14:28:01,682;0;0;23.9;130.4;131.4;0.14;0;0;31.6;31.6;28.7;13333;11;1;0;0
2022:08:18:14:29:01,370;0;0;23.7;130.6;131.7;0.14;0;0;31.6;31.6;28.7;13333;11;1;0;0
2022:08:18:14:30:00,299;1;31;30.4;130.6;131.9;0.14;0;0;31.5;31.6;28.7;13333;11;1;0;0
2022:08:18:14:31:11,809;0;0;27.5;130.6;131.9;0.14;0;0;31.5;31.6;28.8;13333;11;1;0;0
2022:08:18:14:32:08,378;0;0;24.3;130.6;132.3;0.14;0;0;31.5;31.6;28.8;13333;11;1;0;0
2022:08:18:14:33:07,506;0;0;23.4;130.6;131.7;0.14;0;0;31.6;31.6;28.9;13333;11;1;0;0
2022:08:18:14:34:10,935;0;0;23.0;131.0;132.6;0.14;0;0;31.6;31.7;29.1;13333;11;1;0;0
2022:08:18:14:35:00,762;0;0;23.0;130.6;132.3;0.14;0;0;31.7;31.8;29.3;13333;11;1;0;0
2022:08:18:14:36:24,054;0;5;24.8;130.6;131.9;0.14;0;0;31.7;31.9;29.4;13333;11;1;0;0
2022:08:18:14:37:00,479;0;5;26.1;130.8;132.5;0.14;0;0;31.8;31.9;29.5;13333;11;1;0;0
2022:08:18:14:38:01,328;0;0;24.1;130.6;131.9;0.14;0;0;31.8;31.9;29.6;13333;11;1;0;0
2022:08:18:14:39:00,096;0;0;23.3;130.8;132.3;0.14;0;0;31.9;32.0;29.9;13333;11;1;0;0
2022:08:18:14:40:00,405;0;0;24.5;130.8;132.1;0.14;0;0;32.0;32.1;30.0;13333;11;1;0;0
2022:08:18:14:41:04,974;0;0;23.8;130.4;131.9;0.14;0;0;32.0;32.2;30.3;13333;11;1;0;0
2022:08:18:14:42:01,222;2;61;56.7;130.4;131.4;0.14;0;0;32.1;32.3;30.5;13333;11;1;0;0
2022:08:18:14:43:00,350;4;127;107.7;131.0;132.6;0.58;86;85;32.7;32.9;30.6;13333;11;0;0;256
2022:08:18:14:44:00,519;0;0;41.0;130.8;132.5;0.14;0;0;32.8;33.0;30.5;13333;11;1;0;0
2022:08:18:14:45:00,608;0;0;28.5;130.6;132.3;0.14;0;0;32.6;32.8;30.4;13333;11;1;0;0
2022:08:18:14:46:00,816;0;0;24.6;130.4;131.4;0.14;0;0;32.5;32.6;30.2;13333;11;1;0;0
2022:08:18:14:47:00,665;0;0;23.4;130.4;131.4;0.14;0;0;32.4;32.5;30.1;13333;11;1;0;0
2022:08:18:14:48:00,693;0;0;23.0;130.6;131.9;0.14;0;0;32.3;32.4;30.0;13333;11;1;0;0
2022:08:18:14:49:00,962;0;0;23.0;130.4;131.7;0.14;0;0;32.3;32.3;29.9;13333;11;1;0;0
2022:08:18:14:50:01,155;0;0;23.1;130.6;132.3;0.14;0;0;32.2;32.2;29.9;13333;11;1;0;0
2022:08:18:14:51:01,310;0;0;23.3;130.6;131.7;0.14;0;0;32.1;32.1;29.7;13333;11;1;0;0
2022:08:18:14:52:00,885;0;0;23.0;130.4;131.7;0.14;0;0;32.0;32.0;29.6;13333;11;1;0;0
2022:08:18:14:53:01,399;0;0;22.9;130.4;131.7;0.14;0;0;31.9;31.8;29.5;13333;11;1;0;0
2022:08:18:14:54:00,914;0;0;22.8;130.4;131.9;0.14;0;0;31.8;31.7;29.4;13333;11;1;0;0
2022:08:18:14:55:01,203;0;0;22.8;130.4;131.9;0.14;0;0;31.7;31.6;29.3;13333;11;1;0;0
2022:08:18:14:56:01,152;0;0;22.8;130.6;131.7;0.14;0;0;31.7;31.6;29.2;13333;11;1;0;0
2022:08:18:14:57:00,740;0;0;23.4;130.8;132.1;0.14;0;0;31.6;31.5;29.1;13333;11;1;0;0
2022:08:18:14:58:00,749;0;0;23.4;130.6;131.9;0.14;0;0;31.5;31.4;29.0;13333;11;1;0;0
2022:08:18:14:59:01,837;0;0;23.0;130.6;131.9;0.14;0;0;31.5;31.3;28.8;13333;11;1;0;0
2022:08:18:15:00:00,466;0;0;23.4;130.8;132.5;0.14;0;0;31.4;31.2;28.7;13333;11;1;0;0
2022:08:18:15:01:00,635;0;0;23.4;130.6;132.3;0.14;0;0;31.3;31.1;28.6;13333;11;1;0;0
2022:08:18:15:02:00,843;0;0;23.1;130.8;132.3;0.14;0;0;31.2;31.0;28.5;13333;11;1;0;0
2022:08:18:15:03:00,032;4;154;129.6;131.2;132.7;0.82;169;171;31.0;31.1;28.4;13333;11;0;0;256
2022:08:18:15:04:00,380;5;177;148.2;131.5;133.2;1.26;275;285;32.0;31.8;28.3;13333;11;0;0;256
2022:08:18:15:05:00,829;5;181;150.4;131.0;133.1;1.38;303;303;32.3;32.0;28.2;13333;11;0;0;256
2022:08:18:15:06:01,257;3;96;84.4;130.6;131.7;0.55;4;5;32.0;31.7;28.1;13333;11;8;0;256
2022:08:18:15:07:00,086;4;156;133.3;131.2;132.7;0.74;141;140;31.9;31.9;28.1;13333;11;0;0;256
2022:08:18:15:08:00,095;4;125;106.4;130.8;131.7;0.57;76;77;31.9;31.9;28.1;13333;11;0;0;256
2022:08:18:15:09:00,703;4;125;106.2;130.6;131.9;0.58;82;77;31.9;31.9;28.1;13333;11;0;0;256
2022:08:18:15:10:00,952;3;132;117.1;130.4;132.1;0.12;0;100;31.6;31.5;28.1;13333;11;0;0;0
2022:08:18:15:11:01,200;5;168;140.9;131.2;132.9;1.04;224;228;31.6;31.8;28.1;13333;11;0;0;256
2022:08:18:15:12:00,689;4;135;114.4;131.0;132.6;0.64;110;112;31.6;31.6;28.1;13333;11;0;0;256
2022:08:18:15:13:01,437;3;100;85.1;130.8;131.7;0.55;3;7;31.6;31.6;28.0;13333;11;8;0;256
2022:08:18:15:14:00,346;4;130;111.1;131.0;132.3;0.58;83;85;31.6;31.4;28.1;13333;11;0;0;256
2022:08:18:15:15:00,755;6;216;178.6;131.7;134.0;2.25;504;500;31.6;31.6;28.1;13333;11;0;0;256
2022:08:18:15:16:00,343;5;158;132.7;131.2;133.2;0.91;191;185;32.0;31.8;28.0;13333;11;0;0;256
2022:08:18:15:17:00,212;4;145;122.6;131.0;132.6;0.74;142;143;32.3;32.1;28.0;13333;11;0;0;256
2022:08:18:15:18:00,420;2;49;52.6;130.4;131.9;0.14;0;0;32.0;32.0;28.0;13333;11;1;0;0
2022:08:18:15:19:00,409;1;21;39.3;130.6;131.9;0.14;0;0;31.6;31.6;28.0;13333;11;1;0;0
2022:08:18:15:20:00,397;0;0;30.4;130.6;131.9;0.14;0;0;31.3;31.3;28.0;13333;11;1;0;0
2022:08:18:15:21:00,586;1;37;33.7;130.6;131.7;0.14;0;0;31.1;31.1;28.0;13333;11;1;0;0
2022:08:18:15:22:01,375;6;223;184.0;132.1;134.7;2.43;547;550;31.0;31.1;28.1;13333;11;0;0;256
2022:08:18:15:23:00,183;4;155;131.5;131.2;132.9;0.86;178;178;31.6;31.8;28.1;13333;11;0;0;256
2022:08:18:15:24:00,112;6;229;189.9;131.2;133.7;2.62;585;589;31.7;32.0;28.1;13333;11;0;0;256
2022:08:18:15:25:01,100;5;161;134.9;130.8;132.8;0.99;210;201;32.4;32.6;28.0;13333;11;0;0;256
2022:08:18:15:26:00,949;3;111;94.9;131.0;132.3;0.55;36;36;32.2;32.4;27.9;13333;11;0;0;256
2022:08:18:15:27:00,517;8;251;205.3;131.9;135.4;3.48;786;782;31.8;32.1;27.9;13333;11;0;0;256
2022:08:18:15:28:00,426;3;110;93.1;131.0;132.3;0.55;36;34;32.4;32.2;27.8;13333;11;0;0;256
2022:08:18:15:29:00,595;0;5;40.6;130.6;132.3;0.14;0;0;31.8;31.8;27.6;13333;11;1;0;0
2022:08:18:15:30:00,703;0;0;28.8;130.6;131.9;0.14;0;0;31.3;31.4;27.6;13333;11;1;0;0
2022:08:18:15:31:00,712;0;0;24.8;129.5;130.8;0.14;0;0;31.0;31.1;27.5;13333;11;1;0;0
2022:08:18:15:32:00,800;0;0;23.4;129.2;131.0;0.14;0;0;30.8;30.9;27.4;13333;11;1;0;0
2022:08:18:15:33:01,069;0;0;23.0;129.5;131.0;0.14;0;0;30.7;30.7;27.4;13333;11;1;0;0
2022:08:18:15:34:01,017;0;0;22.7;129.5;130.8;0.14;0;0;30.6;30.6;27.4;13333;11;1;0;0
2022:08:18:15:35:00,966;0;0;22.6;129.0;130.8;0.14;0;0;30.5;30.5;27.3;13333;11;1;0;0
2022:08:18:15:36:01,075;0;0;22.6;127.7;129.2;0.14;0;0;30.4;30.4;27.3;13333;11;1;0;0
2022:08:18:15:37:00,863;0;0;22.5;127.4;128.9;0.14;0;0;30.4;30.3;27.2;13333;11;1;0;0
2022:08:18:15:38:00,752;0;0;22.5;127.9;129.3;0.14;0;0;30.3;30.3;27.1;13333;11;1;0;0
2022:08:18:15:39:00,740;0;0;22.5;127.7;129.2;0.14;0;0;30.3;30.2;27.1;13333;11;1;0;0
2022:08:18:15:40:00,829;1;31;28.5;127.7;129.4;0.14;0;0;30.2;30.1;27.0;13333;11;1;0;0
2022:08:18:15:41:00,857;1;28;43.3;127.9;129.5;0.14;0;0;30.1;30.1;26.9;13333;11;1;0;0
2022:08:18:15:42:00,766;1;22;33.0;127.9;129.5;0.14;0;0;30.0;30.0;26.8;13333;11;1;0;0
2022:08:18:15:43:00,815;0;0;28.4;127.9;128.8;0.14;0;0;29.9;29.9;26.7;13333;11;1;0;0
2022:08:18:15:44:00,883;1;30;27.1;127.7;129.4;0.14;0;0;29.8;29.8;26.6;13333;11;1;0;0
2022:08:18:15:45:00,372;1;43;39.8;129.2;130.6;0.14;0;0;29.7;29.7;26.5;13333;11;1;0;0
2022:08:18:15:46:00,120;1;24;40.1;130.6;131.9;0.14;0;0;29.6;29.6;26.4;13333;11;1;0;0
2022:08:18:15:47:00,029;0;5;31.6;131.0;132.3;0.14;0;0;29.6;29.6;26.3;13333;11;1;0;0
2022:08:18:15:48:00,017;0;0;26.2;130.8;132.1;0.14;0;0;29.5;29.4;26.2;13333;11;1;0;0
2022:08:18:15:49:00,026;0;0;24.1;131.0;132.1;0.14;0;0;29.4;29.3;26.0;13333;11;1;0;0
2022:08:18:15:50:00,015;0;0;23.4;130.8;132.3;0.16;0;0;29.4;29.2;26.0;13333;11;1;0;0
2022:08:18:15:51:01,543;0;0;23.2;130.8;132.1;0.14;0;0;29.3;29.2;25.9;13333;11;1;0;0
2022:08:18:15:52:01,512;0;0;23.7;131.2;132.7;0.14;0;0;29.2;29.1;25.8;13333;11;1;0;0
2022:08:18:15:53:00,000;0;5;24.3;131.5;132.7;0.14;0;0;29.1;29.0;25.7;13333;11;1;0;0
2022:08:18:15:54:00,309;0;0;24.3;131.2;132.4;0.14;0;0;29.1;28.9;25.6;13333;11;1;0;0
2022:08:18:15:55:00,297;0;0;23.5;131.2;132.9;0.14;0;0;29.0;28.8;25.5;13333;11;1;0;0
2022:08:18:15:56:00,286;0;0;23.5;131.5;132.7;0.14;0;0;28.9;28.7;25.4;13333;11;1;0;0
2022:08:18:15:57:00,195;0;0;23.4;131.5;132.7;0.14;0;0;28.8;28.7;25.3;13333;11;1;0;0
2022:08:18:15:58:00,203;0;0;23.5;131.0;132.1;0.14;0;0;28.8;28.6;25.2;13333;11;1;0;0
2022:08:18:15:59:00,252;0;0;23.1;131.2;132.7;0.14;0;0;28.7;28.5;25.2;13333;11;1;0;0
2022:08:18:16:00:00,180;0;0;23.0;131.5;132.7;0.14;0;0;28.6;28.4;25.1;13333;11;1;0;0
2022:08:18:16:01:00,209;0;0;23.0;131.0;132.3;0.14;0;0;28.6;28.4;25.0;13333;11;1;0;0
2022:08:18:16:02:00,277;0;0;23.0;131.0;132.3;0.14;0;0;28.5;28.3;24.9;13333;11;1;0;0
2022:08:18:16:03:00,206;0;5;24.3;131.0;132.6;0.14;0;0;28.4;28.2;24.8;13333;11;1;0;0
2022:08:18:16:04:00,055;0;0;24.6;131.2;132.7;0.14;0;0;28.3;28.1;24.7;13333;11;1;0;0
2022:08:18:16:05:00,083;0;0;23.5;131.2;132.7;0.14;0;0;28.2;28.0;24.7;13333;11;1;0;0
2022:08:18:16:06:00,072;0;0;23.1;131.5;133.2;0.14;0;0;28.2;28.0;24.6;13333;11;1;0;0
2022:08:18:16:07:00,220;0;0;23.0;131.2;132.7;0.14;0;0;28.1;27.9;24.5;13333;11;1;0;0
2022:08:18:16:08:00,249;0;0;23.2;131.7;133.0;0.14;0;0;28.0;27.8;24.5;13333;11;1;0;0
2022:08:18:16:09:00,177;0;0;23.0;131.5;132.7;0.14;0;0;28.0;27.8;24.5;13333;11;1;0;0
2022:08:18:16:10:01,086;0;0;23.0;131.5;132.9;0.14;0;0;27.9;27.8;24.4;13333;11;1;0;0
2022:08:18:16:11:00,554;0;0;23.2;131.2;132.7;0.14;0;0;27.8;27.7;24.3;13333;11;1;0;0
2022:08:18:16:12:00,783;0;0;23.1;131.2;132.9;0.14;0;0;27.8;27.6;24.2;13333;11;1;0;0
2022:08:18:16:13:00,892;0;5;23.4;131.5;132.9;0.14;0;0;27.7;27.5;24.2;13333;11;1;0;0
2022:08:18:16:14:00,940;0;0;24.1;131.5;132.7;0.14;0;0;27.7;27.5;24.1;13333;11;1;0;0
2022:08:18:16:15:00,909;0;0;23.4;131.2;132.7;0.14;0;0;27.6;27.4;24.1;13333;11;1;0;0
2022:08:18:16:16:00,857;0;0;23.0;131.5;132.7;0.14;0;0;27.6;27.4;24.0;13333;11;1;0;0
2022:08:18:16:17:00,926;0;0;23.0;131.5;132.7;0.14;0;0;27.5;27.3;24.0;13333;11;1;0;0
2022:08:18:16:18:00,914;0;0;23.0;131.5;133.2;0.14;0;0;27.5;27.3;24.0;13333;11;1;0;0
2022:08:18:16:19:00,923;0;0;23.0;131.7;132.7;0.14;0;0;27.5;27.3;24.0;13333;11;1;0;0
2022:08:18:16:20:00,872;0;0;23.0;131.5;132.9;0.14;0;0;27.4;27.2;24.0;13333;11;1;0;0
2022:08:18:16:21:00,920;0;0;23.0;131.5;132.5;0.14;0;0;27.4;27.2;24.0;13333;11;1;0;0
2022:08:18:16:22:00,869;0;0;23.0;131.7;133.0;0.14;0;0;27.4;27.2;24.0;13333;11;1;0;0
2022:08:18:16:23:00,877;0;0;23.0;131.7;133.3;0.14;0;0;27.3;27.1;23.9;13333;11;1;0;0
2022:08:18:16:24:00,826;0;0;23.0;131.7;133.0;0.14;0;0;27.2;27.0;23.8;13333;11;1;0;0
2022:08:18:16:25:00,934;0;0;23.0;131.5;132.9;0.14;0;0;27.2;27.0;23.8;13333;11;1;0;0
2022:08:18:16:26:01,063;0;0;23.1;131.7;133.0;0.14;0;0;27.1;26.9;23.7;13333;11;1;0;0
2022:08:18:16:27:01,112;0;0;23.0;131.2;132.7;0.14;0;0;27.1;26.9;23.7;13333;11;1;0;0
2022:08:18:16:28:01,180;0;0;23.0;131.5;132.7;0.14;0;0;27.0;26.8;23.7;13333;11;1;0;0
2022:08:18:16:29:01,229;0;0;23.0;131.7;133.3;0.14;0;0;27.0;26.8;23.7;13333;11;1;0;0
2022:08:18:16:30:01,357;0;0;23.0;131.2;132.4;0.14;0;0;26.9;26.8;23.6;13333;11;1;0;0
2022:08:18:16:31:00,106;0;0;23.0;131.2;132.4;0.14;0;0;26.9;26.7;23.6;13333;11;1;0;0
2022:08:18:16:32:00,154;0;0;23.0;131.2;132.4;0.14;0;0;26.9;26.7;23.6;13333;11;1;0;0
2022:08:18:16:33:00,123;0;0;23.0;131.2;132.7;0.14;0;0;26.8;26.6;23.5;13333;11;1;0;0
2022:08:18:16:34:00,132;0;0;23.0;131.5;132.7;0.14;0;0;26.7;26.5;23.4;13333;11;1;0;0
2022:08:18:16:35:00,220;0;0;23.0;131.2;132.4;0.14;0;0;26.7;26.5;23.4;13333;11;1;0;0
2022:08:18:16:36:00,209;0;0;23.0;131.5;132.7;0.14;0;0;26.6;26.4;23.4;13333;11;1;0;0
2022:08:18:16:37:00,297;0;0;23.0;131.2;132.4;0.14;0;0;26.6;26.3;23.4;13333;11;1;0;0
2022:08:18:16:38:00,066;0;0;23.0;131.5;132.5;0.14;0;0;26.5;26.3;23.4;13333;11;1;0;0
2022:08:18:16:39:01,134;0;0;23.0;131.5;132.7;0.14;0;0;26.5;26.2;23.3;13333;11;1;0;0
2022:08:18:16:40:00,823;0;0;23.0;131.7;132.7;0.14;0;0;26.4;26.2;23.3;13333;11;1;0;0
2022:08:18:16:41:00,172;0;0;23.0;131.5;132.7;0.14;0;0;26.4;26.1;23.3;13333;11;1;0;0
2022:08:18:16:42:00,140;0;0;23.0;131.7;132.7;0.14;0;0;26.3;26.1;23.2;13333;11;1;0;0
2022:08:18:16:43:00,509;0;0;23.0;131.7;133.0;0.14;0;0;26.2;26.0;23.2;13333;11;1;0;0
2022:08:18:16:44:00,577;0;0;23.0;131.9;133.1;0.14;0;0;26.2;26.0;23.1;13333;11;1;0;0
2022:08:18:16:45:00,726;0;0;23.0;132.1;133.4;0.14;0;0;26.2;25.9;23.1;13333;11;1;0;0
2022:08:18:16:46:00,834;0;0;23.0;131.7;133.0;0.14;0;0;26.1;25.9;23.1;13333;11;1;0;0
2022:08:18:16:47:01,143;0;0;23.2;132.1;133.6;0.14;0;0;26.1;25.9;23.0;13333;11;1;0;0
2022:08:18:16:48:00,132;0;0;23.2;131.5;132.9;0.14;0;0;26.0;25.9;23.0;13333;11;1;0;0
2022:08:18:16:49:00,340;0;0;23.0;132.1;133.4;0.14;0;0;26.0;25.8;22.9;13333;11;1;0;0
2022:08:18:16:50:00,269;0;0;23.0;131.9;133.3;0.14;0;0;25.9;25.8;22.9;13333;11;1;0;0
2022:08:18:16:51:01,357;0;0;23.0;131.9;133.3;0.14;0;0;25.9;25.7;22.9;13333;11;1;0;0
2022:08:18:16:52:01,526;0;0;23.0;131.7;133.0;0.14;0;0;25.9;25.7;22.8;13333;11;1;0;0
2022:08:18:16:53:01,554;0;0;23.0;132.1;133.6;0.14;0;0;25.9;25.7;22.8;13333;11;1;0;0
2022:08:18:16:54:00,043;0;0;23.0;131.9;133.3;0.14;0;0;25.8;25.6;22.8;13333;11;1;0;0
2022:08:18:16:55:00,292;0;0;23.0;132.4;133.6;0.14;0;0;25.8;25.6;22.8;13333;11;1;0;0
2022:08:18:16:56:00,100;0;0;23.0;132.1;133.6;0.14;0;0;25.8;25.5;22.7;13333;11;1;0;0
2022:08:18:16:57:00,009;0;0;23.1;132.6;133.9;0.14;0;0;25.7;25.5;22.7;13333;11;1;0;0
2022:08:18:16:58:00,177;0;0;23.1;132.4;133.8;0.16;0;0;25.7;25.4;22.7;13333;11;1;0;0
2022:08:18:16:59:00,446;0;0;23.1;132.6;133.9;0.14;0;0;25.6;25.4;22.6;13333;11;1;0;0
2022:08:18:17:00:01,054;0;0;23.5;132.4;133.6;0.14;0;0;25.6;25.3;22.6;13333;11;1;0;0
2022:08:18:17:01:00,823;0;0;26.2;132.4;133.8;0.14;0;0;25.5;25.3;22.5;13333;11;1;0;0
2022:08:18:17:02:01,071;0;0;24.3;132.4;133.8;0.14;0;0;25.5;25.2;22.5;13333;11;1;0;0
2022:08:18:17:03:01,140;0;0;23.8;132.4;133.6;0.14;0;0;25.4;25.2;22.4;13333;11;1;0;0
2022:08:18:17:04:01,189;0;0;23.4;132.4;133.8;0.14;0;0;25.4;25.1;22.4;13333;11;1;0;0
2022:08:18:17:05:01,277;0;0;23.8;133.0;134.5;0.14;0;0;25.3;25.1;22.4;13333;11;1;0;0
2022:08:18:17:06:00,566;0;5;23.4;131.7;133.3;0.14;0;0;25.3;25.0;22.3;13333;11;1;0;0
2022:08:18:17:07:00,714;3;93;80.0;131.9;132.8;0.55;8;9;25.2;25.2;22.3;13333;11;0;0;256
2022:08:18:17:08:00,183;5;189;157.8;132.6;134.9;1.48;332;331;25.3;25.1;22.3;13333;11;0;0;256
2022:08:18:17:09:00,251;1;19;48.1;131.7;133.5;0.16;0;0;25.6;25.5;22.2;13333;11;1;0;0
2022:08:18:17:10:00,220;0;0;31.5;131.7;133.0;0.16;0;0;25.4;25.2;22.2;13333;11;1;0;0
2022:08:18:17:11:00,369;0;0;25.7;131.5;132.9;0.14;0;0;25.2;25.0;22.1;13333;11;1;0;0
2022:08:18:17:12:00,877;0;0;23.9;131.5;132.9;0.16;0;0;25.1;24.9;22.1;13333;11;1;0;0
2022:08:18:17:13:01,426;0;0;23.4;131.5;132.9;0.14;0;0;25.0;24.8;22.1;13333;11;1;0;0
2022:08:18:17:14:01,454;0;0;23.0;131.5;132.9;0.14;0;0;24.9;24.7;22.0;13333;11;1;0;0
2022:08:18:17:15:01,243;0;0;23.0;131.2;132.4;0.14;0;0;24.9;24.7;22.0;13333;11;1;0;0
2022:08:18:17:16:01,291;0;0;23.0;131.5;133.2;0.14;0;0;24.8;24.6;21.9;13333;11;1;0;0
2022:08:18:17:17:00,680;0;0;23.0;131.2;132.9;0.14;0;0;24.8;24.6;21.9;13333;11;1;0;0
2022:08:18:17:18:00,769;0;0;23.0;131.9;133.3;0.14;0;0;24.7;24.5;21.9;13333;11;1;0;0
2022:08:18:17:19:00,697;0;0;23.3;131.5;132.9;0.14;0;0;24.7;24.5;21.9;13333;11;1;0;0
2022:08:18:17:20:00,826;0;0;23.0;131.7;133.0;0.14;0;0;24.7;24.5;21.9;13333;11;1;0;0
2022:08:18:17:21:00,474;0;0;23.0;131.5;132.9;0.16;0;0;24.6;24.5;21.8;13333;11;1;0;0
2022:08:18:17:22:00,463;0;0;23.0;131.5;132.5;0.14;0;0;24.6;24.5;21.8;13333;11;1;0;0
2022:08:18:17:23:00,491;0;0;23.0;131.7;133.0;0.16;0;0;24.6;24.4;21.8;13333;11;1;0;0
2022:08:18:17:24:00,540;0;0;23.0;131.7;133.0;0.14;0;0;24.5;24.4;21.8;13333;11;1;0;0
2022:08:18:17:25:00,669;0;0;23.0;131.9;133.1;0.14;0;0;24.5;24.4;21.8;13333;11;1;0;0
2022:08:18:17:26:00,697;0;0;23.0;131.7;132.7;0.16;0;0;24.5;24.4;21.8;13333;11;1;0;0
2022:08:18:17:27:00,746;0;0;23.0;131.9;133.6;0.14;0;0;24.5;24.3;21.7;13333;11;1;0;0
2022:08:18:17:28:00,614;0;0;23.0;131.7;132.7;0.14;0;0;24.5;24.3;21.7;13333;11;1;0;0
2022:08:18:17:29:00,583;0;0;23.0;131.9;133.6;0.14;0;0;24.5;24.3;21.7;13333;11;1;0;0
2022:08:18:17:30:00,551;0;0;23.0;131.7;133.3;0.14;0;0;24.5;24.3;21.7;13333;11;1;0;0
2022:08:18:17:31:00,560;0;0;23.0;131.7;133.5;0.14;0;0;24.5;24.2;21.7;13333;11;1;0;0
2022:08:18:17:32:00,069;0;0;23.0;131.5;132.9;0.14;0;0;24.4;24.2;21.7;13333;11;1;0;0
2022:08:18:17:33:00,097;0;0;23.0;131.5;132.9;0.16;0;0;24.4;24.2;21.6;13333;11;1;0;0
2022:08:18:17:34:01,146;0;0;23.0;131.5;132.7;0.14;0;0;24.4;24.1;21.6;13333;11;1;0;0
2022:08:18:17:35:01,314;0;0;23.0;131.5;133.2;0.14;0;0;24.3;24.1;21.6;13333;11;1;0;0
2022:08:18:17:36:00,903;0;0;23.0;131.5;133.2;0.16;0;0;24.3;24.1;21.6;13333;11;1;0;0
2022:08:18:17:37:01,171;0;0;23.0;131.2;132.7;0.14;0;0;24.3;24.0;21.5;13333;11;1;0;0
2022:08:18:17:38:01,400;0;0;23.0;131.2;132.9;0.14;0;0;24.2;24.0;21.5;13333;11;1;0;0
2022:08:18:17:39:01,548;0;0;23.0;131.5;132.7;0.14;0;0;24.2;24.0;21.5;13333;11;1;0;0
2022:08:18:17:40:00,198;0;0;23.0;131.5;132.7;0.14;0;0;24.2;23.9;21.5;13333;11;1;0;0
2022:08:18:17:41:01,554;0;0;23.0;131.5;132.7;0.14;0;0;24.1;23.9;21.4;13333;11;1;0;0
2022:08:18:17:42:00,347;0;0;23.0;131.2;132.4;0.14;0;0;24.1;23.9;21.4;13333;11;1;0;0
2022:08:18:17:43:00,622;0;0;23.0;131.2;132.7;0.14;0;0;24.1;23.8;21.4;13333;11;1;0;0
2022:08:18:17:44:00,776;0;0;23.0;131.5;132.9;0.14;0;0;24.1;23.8;21.4;13333;11;1;0;0
2022:08:18:17:45:00,790;0;0;23.0;131.2;132.7;0.14;0;0;24.0;23.8;21.4;13333;11;1;0;0
2022:08:18:17:46:01,278;0;0;23.0;131.2;132.4;0.14;0;0;24.0;23.8;21.4;13333;11;1;0;0
2022:08:18:17:47:00,187;0;0;23.0;131.0;132.6;0.16;0;0;24.0;23.8;21.4;13333;11;1;0;0
2022:08:18:17:48:01,236;0;0;22.9;131.0;132.6;0.14;0;0;24.0;23.7;21.3;13333;11;1;0;0
2022:08:18:17:49:01,464;0;0;22.9;131.0;132.3;0.14;0;0;24.0;23.7;21.3;13333;11;1;0;0
2022:08:18:17:50:01,333;0;0;22.9;131.2;132.4;0.14;0;0;23.9;23.7;21.3;13333;11;1;0;0
2022:08:18:17:51:00,081;0;0;22.9;131.0;132.1;0.14;0;0;23.9;23.7;21.3;13333;11;1;0;0
2022:08:18:17:52:00,270;0;0;22.9;131.0;132.3;0.14;0;0;23.9;23.7;21.3;13333;11;1;0;0
2022:08:18:17:53:00,858;0;0;22.9;130.8;132.1;0.16;0;0;23.9;23.7;21.3;13333;11;1;0;0
2022:08:18:17:54:00,927;0;0;22.9;130.8;132.3;0.16;0;0;23.9;23.6;21.3;13333;11;1;0;0
2022:08:18:17:55:08,876;0;0;22.9;131.2;132.4;0.14;0;0;23.8;23.6;21.3;13333;11;1;0;0
2022:08:18:17:56:01,283;0;0;22.9;131.2;132.4;0.16;0;0;23.8;23.6;21.3;13333;11;1;0;0
2022:08:18:17:57:00,413;0;0;22.9;131.0;132.3;0.16;0;0;23.8;23.5;21.3;13333;11;1;0;0
2022:08:18:17:58:00,681;0;0;22.9;131.2;132.7;0.14;0;0;23.8;23.5;21.3;13333;11;1;0;0
2022:08:18:17:59:00,950;0;0;23.0;131.2;132.7;0.14;0;0;23.7;23.5;21.3;13333;11;1;0;0
2022:08:18:18:00:00,438;0;0;23.0;131.5;132.9;0.16;0;0;23.7;23.5;21.3;13333;11;1;0;0
2022:08:18:18:01:00,347;0;0;22.9;131.0;132.6;0.14;0;0;23.7;23.5;21.3;13333;11;1;0;0
2022:08:18:18:02:00,196;0;0;22.9;131.0;132.6;0.16;0;0;23.7;23.5;21.3;13333;11;1;0;0
2022:08:18:18:03:00,484;0;0;23.0;131.0;132.1;0.14;0;0;23.6;23.5;21.2;13333;11;1;0;0
2022:08:18:18:04:00,493;0;0;23.0;131.2;132.7;0.14;0;0;23.6;23.5;21.2;13333;11;1;0;0
2022:08:18:18:05:00,541;0;0;23.0;131.2;132.9;0.14;0;0;23.6;23.4;21.2;13333;11;1;0;0
2022:08:18:18:06:00,750;0;0;23.0;131.0;132.6;0.14;0;0;23.5;23.4;21.2;13333;11;1;0;0
2022:08:18:18:07:00,638;0;0;23.0;131.0;132.3;0.16;0;0;23.5;23.4;21.1;13333;11;1;0;0
2022:08:18:18:08:00,647;0;0;23.4;131.0;132.1;0.16;0;0;23.5;23.3;21.1;13333;11;1;0;0
2022:08:18:18:09:00,656;0;0;23.6;131.0;132.9;0.16;0;0;23.5;23.3;21.1;13333;11;1;0;0
2022:08:18:18:10:00,604;0;0;23.1;131.0;131.9;0.14;0;0;23.5;23.3;21.1;13333;11;1;0;0
2022:08:18:18:11:00,533;0;0;23.0;131.2;132.7;0.16;0;0;23.5;23.3;21.0;13333;11;1;0;0
2022:08:18:18:12:00,501;0;0;23.0;131.0;132.6;0.16;0;0;23.5;23.2;21.0;13333;11;1;0;0
2022:08:18:18:13:00,550;0;0;22.9;131.0;132.3;0.16;0;0;23.5;23.2;21.0;13333;11;1;0;0
2022:08:18:18:14:00,638;0;0;22.9;131.2;132.9;0.16;0;0;23.4;23.2;21.0;13333;11;1;0;0
2022:08:18:18:15:00,687;0;0;22.9;131.2;132.7;0.16;0;0;23.4;23.2;21.0;13333;11;1;0;0
2022:08:18:18:16:00,696;0;0;22.9;130.8;132.3;0.16;0;0;23.4;23.2;21.0;13333;11;1;0;0
2022:08:18:18:17:00,724;0;0;22.9;131.0;132.3;0.16;0;0;23.4;23.1;21.0;13333;11;1;0;0
2022:08:18:18:18:00,773;0;0;22.9;131.2;132.7;0.14;0;0;23.4;23.1;20.9;13333;11;1;0;0
2022:08:18:18:19:00,841;0;0;22.9;131.0;132.3;0.14;0;0;23.3;23.1;20.9;13333;11;1;0;0
2022:08:18:18:20:00,910;0;0;22.9;131.0;132.6;0.16;0;0;23.3;23.1;20.9;13333;11;1;0;0
2022:08:18:18:21:00,958;0;0;23.0;131.0;132.6;0.14;0;0;23.3;23.1;20.9;13333;11;1;0;0
2022:08:18:18:22:01,107;0;0;22.9;131.2;132.7;0.16;0;0;23.3;23.0;20.9;13333;11;1;0;0
2022:08:18:18:23:01,076;0;0;22.9;131.0;132.3;0.16;0;0;23.3;23.0;20.9;13333;11;1;0;0
2022:08:18:18:24:01,124;0;0;22.9;131.0;132.6;0.14;0;0;23.3;23.0;20.9;13333;11;1;0;0
2022:08:18:18:25:01,113;0;0;23.0;131.2;132.7;0.16;0;0;23.2;23.0;20.9;13333;11;1;0;0
2022:08:18:18:26:01,301;0;0;23.0;130.8;132.3;0.16;0;0;23.2;23.0;20.9;13333;11;1;0;0
2022:08:18:18:27:01,270;0;0;23.0;131.5;132.7;0.16;0;0;23.2;22.9;20.8;13333;11;1;0;0
2022:08:18:18:28:01,438;0;0;23.0;130.8;132.3;0.16;0;0;23.2;22.9;20.8;13333;11;1;0;0
2022:08:18:18:29:00,447;0;0;23.0;131.2;132.7;0.14;0;0;23.2;22.9;20.8;13333;11;1;0;0
2022:08:18:18:30:00,676;0;0;23.0;131.0;132.3;0.16;0;0;23.2;22.9;20.8;13333;11;1;0;0
2022:08:18:18:31:00,704;0;0;23.0;131.2;132.7;0.16;0;0;23.1;22.9;20.8;13333;11;1;0;0
2022:08:18:18:32:00,673;0;0;23.0;131.0;132.6;0.16;0;0;23.1;22.9;20.8;13333;11;1;0;0
2022:08:18:18:33:00,621;0;0;22.9;131.5;133.2;0.14;0;0;23.1;22.9;20.8;13333;11;1;0;0
2022:08:18:18:34:00,670;0;0;23.0;131.0;132.6;0.16;0;0;23.1;22.8;20.8;13333;11;1;0;0
2022:08:18:18:35:00,778;0;0;22.9;131.0;132.3;0.14;0;0;23.1;22.8;20.8;13333;11;1;0;0
2022:08:18:18:36:00,747;0;0;22.9;130.8;131.7;0.16;0;0;23.1;22.8;20.8;13333;11;1;0;0
2022:08:18:18:37:00,576;0;0;22.9;131.0;132.6;0.16;0;0;23.1;22.8;20.8;13333;11;1;0;0
2022:08:18:18:38:00,384;0;0;22.9;130.6;131.9;0.16;0;0;23.0;22.8;20.8;13333;11;1;0;0
2022:08:18:18:39:00,313;0;0;22.9;131.0;132.1;0.16;0;0;23.0;22.8;20.7;13333;11;1;0;0
2022:08:18:18:40:00,301;0;0;22.8;130.8;132.1;0.16;0;0;23.0;22.8;20.7;13333;11;1;0;0
2022:08:18:18:41:00,270;0;0;22.9;130.8;132.3;0.16;0;0;23.0;22.8;20.7;13333;11;1;0;0
2022:08:18:18:42:00,238;0;0;22.9;131.0;132.3;0.16;0;0;23.0;22.7;20.7;13333;11;1;0;0
2022:08:18:18:43:01,307;0;0;23.0;131.2;132.4;0.16;0;0;23.0;22.7;20.7;13333;11;1;0;0
2022:08:18:18:44:01,315;0;0;22.9;131.2;132.7;0.16;0;0;23.0;22.7;20.7;13333;11;1;0;0
2022:08:18:18:45:01,404;0;0;23.0;131.0;132.3;0.16;0;0;22.9;22.7;20.7;13333;11;1;0;0
2022:08:18:18:46:00,733;0;0;22.9;131.2;132.7;0.16;0;0;22.9;22.7;20.7;13333;11;1;0;0
2022:08:18:18:47:00,181;0;0;22.9;131.2;132.9;0.14;0;0;22.9;22.7;20.7;13333;11;1;0;0
2022:08:18:18:48:00,210;0;0;23.0;131.5;132.5;0.16;0;0;22.9;22.6;20.7;13333;11;1;0;0
2022:08:18:18:49:00,302;0;0;22.9;131.5;132.5;0.14;0;0;22.9;22.6;20.7;13333;11;1;0;0
2022:08:18:18:50:00,297;0;0;23.0;131.2;132.7;0.16;0;0;22.9;22.6;20.6;13333;11;1;0;0
2022:08:18:18:51:00,331;0;0;23.0;131.0;132.3;0.14;0;0;22.9;22.6;20.6;13333;11;1;0;0
2022:08:18:18:52:00,346;0;0;23.0;131.0;132.6;0.16;0;0;22.9;22.6;20.6;13333;11;1;0;0
2022:08:18:18:53:01,101;0;0;23.0;131.0;132.6;0.16;0;0;22.8;22.6;20.6;13333;11;1;0;0
2022:08:18:18:54:01,111;0;0;23.0;131.2;132.7;0.16;0;0;22.8;22.6;20.6;13333;11;1;0;0
2022:08:18:18:55:01,220;0;0;23.0;131.2;132.7;0.14;0;0;22.8;22.6;20.6;13333;11;1;0;0
2022:08:18:18:56:01,288;0;0;23.0;131.2;132.4;0.16;0;0;22.8;22.6;20.6;13333;11;1;0;0
2022:08:18:18:57:01,297;0;0;23.0;131.0;132.6;0.14;0;0;22.8;22.5;20.6;13333;11;1;0;0
2022:08:18:18:58:01,285;0;0;23.0;131.2;132.9;0.16;0;0;22.8;22.5;20.6;13333;11;1;0;0
2022:08:18:18:59:01,314;0;0;23.0;131.0;132.3;0.16;0;0;22.8;22.5;20.6;13333;11;1;0;0
2022:08:18:19:00:01,243;0;0;22.9;131.2;132.4;0.16;0;0;22.8;22.5;20.6;13333;11;1;0;0
2022:08:18:19:01:01,291;0;0;23.0;131.2;132.7;0.16;0;0;22.7;22.5;20.6;13333;11;1;0;0
2022:08:18:19:02:01,260;0;0;23.0;131.2;132.4;0.16;0;0;22.7;22.5;20.6;13333;11;1;0;0
2022:08:18:19:03:01,088;0;0;23.0;131.2;132.4;0.16;0;0;22.7;22.5;20.5;13333;11;1;0;0
2022:08:18:19:04:01,037;0;0;23.0;131.2;132.1;0.16;0;0;22.7;22.5;20.5;13333;11;1;0;0
2022:08:18:19:05:00,825;0;0;23.0;131.5;132.9;0.17;0;0;22.7;22.4;20.5;13333;11;1;0;0
2022:08:18:19:06:00,854;0;0;23.0;131.5;132.9;0.14;0;0;22.7;22.5;20.5;13333;11;1;0;0
2022:08:18:19:07:00,903;0;0;23.0;131.5;132.5;0.16;0;0;22.7;22.4;20.5;13333;11;1;0;0
2022:08:18:19:08:00,851;0;0;23.0;131.2;132.7;0.16;0;0;22.7;22.4;20.5;13333;11;1;0;0
2022:08:18:19:09:00,820;0;0;23.0;131.7;133.0;0.16;0;0;22.6;22.4;20.5;13333;11;1;0;0
2022:08:18:19:10:00,768;0;0;23.0;131.5;132.7;0.16;0;0;22.6;22.4;20.5;13333;11;1;0;0
2022:08:18:19:11:00,877;0;0;23.0;131.5;132.9;0.16;0;0;22.6;22.4;20.5;13333;11;1;0;0
2022:08:18:19:12:00,845;0;0;23.0;131.2;132.7;0.16;0;0;22.6;22.4;20.5;13333;11;1;0;0
2022:08:18:19:13:00,934;0;0;23.0;131.2;132.7;0.14;0;0;22.6;22.4;20.4;13333;11;1;0;0
2022:08:18:19:14:00,963;0;0;23.0;130.8;132.1;0.16;0;0;22.6;22.4;20.4;13333;11;1;0;0
2022:08:18:19:15:00,991;0;0;22.9;130.8;132.3;0.14;0;0;22.6;22.4;20.4;13333;11;1;0;0
2022:08:18:19:16:01,060;0;0;22.9;130.8;132.3;0.16;0;0;22.6;22.4;20.4;13333;11;1;0;0
2022:08:18:19:17:02,008;0;0;22.9;130.8;132.3;0.16;0;0;22.6;22.4;20.4;13333;11;1;0;0
2022:08:18:19:18:01,137;0;0;22.9;130.6;131.7;0.16;0;0;22.5;22.4;20.4;13333;11;1;0;0
2022:08:18:19:19:01,165;0;0;22.8;130.6;131.9;0.16;0;0;22.5;22.4;20.4;13333;11;1;0;0
2022:08:18:19:20:00,954;0;0;22.8;130.8;132.3;0.16;0;0;22.5;22.4;20.4;13333;11;1;0;0
2022:08:18:19:21:00,703;0;0;22.8;130.1;131.4;0.16;0;0;22.5;22.3;20.4;13333;11;1;0;0
2022:08:18:19:22:00,691;0;0;22.8;130.6;131.7;0.16;0;0;22.5;22.3;20.4;13333;11;1;0;0
2022:08:18:19:23:00,660;0;0;22.8;130.6;131.7;0.16;0;0;22.5;22.3;20.4;13333;11;1;0;0
2022:08:18:19:24:01,968;0;0;22.8;130.6;131.9;0.16;0;0;22.5;22.3;20.4;13333;11;1;0;0
2022:08:18:19:25:00,416;0;0;22.8;130.6;131.9;0.16;0;0;22.5;22.3;20.3;13333;11;1;0;0
2022:08:18:19:26:00,525;0;0;22.8;130.8;132.1;0.16;0;0;22.5;22.3;20.3;13333;11;1;0;0
2022:08:18:19:27:00,594;0;0;22.8;130.6;131.9;0.16;0;0;22.5;22.3;20.3;13333;11;1;0;0
2022:08:18:19:28:00,683;0;0;22.8;130.8;132.1;0.16;0;0;22.5;22.2;20.3;13333;11;1;0;0
2022:08:18:19:29:00,911;0;0;22.8;130.6;131.9;0.16;0;0;22.4;22.2;20.3;13333;11;1;0;0
2022:08:18:19:30:01,060;0;0;22.8;130.8;132.1;0.16;0;0;22.4;22.2;20.3;13333;11;1;0;0
2022:08:18:19:31:00,808;0;0;22.9;131.0;132.3;0.16;0;0;22.4;22.2;20.2;13333;11;1;0;0
2022:08:18:19:32:00,817;0;0;22.9;130.6;132.3;0.16;0;0;22.4;22.2;20.2;13333;11;1;0;0
2022:08:18:19:33:00,825;0;0;22.9;131.0;132.3;0.16;0;0;22.4;22.1;20.2;13333;11;1;0;0
2022:08:18:19:34:00,834;0;0;22.9;130.8;132.1;0.14;0;0;22.4;22.1;20.2;13333;11;1;0;0
2022:08:18:19:35:00,862;0;0;22.9;131.0;132.1;0.16;0;0;22.4;22.1;20.2;13333;11;1;0;0
2022:08:18:19:36:00,831;0;0;22.9;131.2;132.4;0.16;0;0;22.4;22.1;20.2;13333;11;1;0;0
2022:08:18:19:37:00,880;0;0;22.9;131.0;132.1;0.16;0;0;22.4;22.1;20.2;13333;11;1;0;0
2022:08:18:19:38:00,908;0;0;22.9;131.0;132.1;0.16;0;0;22.3;22.1;20.2;13333;11;1;0;0
2022:08:18:19:39:00,596;0;0;22.9;131.2;132.7;0.16;0;0;22.3;22.1;20.2;13333;11;1;0;0
2022:08:18:19:40:00,604;0;0;22.9;131.0;132.1;0.16;0;0;22.3;22.0;20.2;13333;11;1;0;0
2022:08:18:19:41:00,353;0;0;22.9;131.0;132.3;0.16;0;0;22.3;22.0;20.2;13333;11;1;0;0
2022:08:18:19:42:00,361;0;0;22.9;131.2;132.4;0.16;0;0;22.3;22.0;20.2;13333;11;1;0;0
2022:08:18:19:43:00,390;0;0;22.9;131.2;132.7;0.16;0;0;22.3;22.0;20.2;13333;11;1;0;0
2022:08:18:19:44:00,519;0;0;22.9;131.2;132.4;0.16;0;0;22.3;22.0;20.1;13333;11;1;0;0
2022:08:18:19:45:00,547;0;0;23.0;131.0;132.3;0.16;0;0;22.3;22.0;20.1;13333;11;1;0;0
2022:08:18:19:46:00,516;0;0;22.9;130.8;132.1;0.14;0;0;22.2;22.0;20.1;13333;11;1;0;0
2022:08:18:19:47:00,484;0;0;22.9;131.2;132.7;0.16;0;0;22.2;22.0;20.1;13333;11;1;0;0
2022:08:18:19:48:00,353;0;0;23.0;131.2;132.1;0.16;0;0;22.2;22.0;20.1;13333;11;1;0;0
2022:08:18:19:49:00,381;0;0;22.9;131.2;132.4;0.14;0;0;22.2;21.9;20.1;13333;11;1;0;0
2022:08:18:19:50:00,410;0;0;22.9;131.0;132.1;0.14;0;0;22.2;21.9;20.1;13333;11;1;0;0
2022:08:18:19:51:00,399;0;0;22.9;131.2;132.4;0.16;0;0;22.2;21.9;20.1;13333;11;1;0;0
2022:08:18:19:52:00,347;0;0;22.9;131.0;132.3;0.17;0;0;22.2;21.9;20.1;13333;11;1;0;0
2022:08:18:19:53:00,436;0;0;22.9;131.5;132.5;0.16;0;0;22.2;21.9;20.1;13333;11;1;0;0
2022:08:18:19:54:00,464;0;0;23.0;131.2;132.1;0.16;0;0;22.2;21.9;20.1;13333;11;1;0;0
2022:08:18:19:55:00,473;0;0;22.9;131.2;132.4;0.16;0;0;22.1;21.9;20.1;13333;11;1;0;0
2022:08:18:19:56:00,501;0;0;23.0;131.5;132.5;0.16;0;0;22.1;21.9;20.0;13333;11;1;0;0
2022:08:18:19:57:00,515;0;0;23.0;131.0;132.3;0.16;0;0;22.1;21.9;20.0;13333;11;1;0;0
2022:08:18:19:58:00,630;0;0;23.0;131.2;132.4;0.16;0;0;22.1;21.8;20.0;13333;11;1;0;0
2022:08:18:19:59:00,664;0;0;23.0;131.2;132.7;0.16;0;0;22.1;21.8;20.0;13333;11;1;0;0
2022:08:18:20:00:00,619;0;0;23.0;131.2;132.7;0.16;0;0;22.1;21.8;20.0;13333;11;1;0;0
2022:08:18:20:01:00,232;0;0;23.0;131.5;132.7;0.16;0;0;22.1;21.8;20.0;13333;11;1;0;0
2022:08:18:20:02:00,863;0;0;23.0;131.5;132.7;0.16;0;0;22.1;21.8;20.0;13333;11;1;0;0
2022:08:18:20:03:00,911;0;0;23.0;131.2;132.9;0.16;0;0;22.1;21.8;20.0;13333;11;1;0;0
2022:08:18:20:04:00,920;0;0;23.0;131.5;132.9;0.16;0;0;22.0;21.8;20.0;13333;11;1;0;0
2022:08:18:20:05:01,010;0;0;23.0;131.2;132.4;0.16;0;0;22.0;21.8;20.0;13333;11;1;0;0
2022:08:18:20:06:00,957;0;0;23.0;131.5;132.7;0.16;0;0;22.0;21.8;20.0;13333;11;1;0;0
2022:08:18:20:07:00,446;0;0;23.0;131.0;132.1;0.16;0;0;22.0;21.8;20.0;13333;11;1;0;0
2022:08:18:20:08:00,494;0;0;23.0;131.2;132.4;0.16;0;0;22.0;21.7;20.0;13333;11;1;0;0
2022:08:18:20:09:00,503;0;0;23.0;131.0;132.3;0.16;0;0;22.0;21.7;20.0;13333;11;1;0;0
2022:08:18:20:10:00,471;0;0;23.0;131.5;132.9;0.16;0;0;22.0;21.7;20.0;13333;11;1;0;0
2022:08:18:20:11:00,400;0;0;23.0;131.2;132.9;0.16;0;0;22.0;21.7;19.9;13333;11;1;0;0
2022:08:18:20:12:00,489;0;0;23.0;131.2;132.4;0.16;0;0;22.0;21.7;19.9;13333;11;1;0;0
2022:08:18:20:13:00,457;0;0;23.0;131.2;132.7;0.16;0;0;22.0;21.7;19.9;13333;11;1;0;0
2022:08:18:20:14:00,386;0;0;23.0;131.2;132.9;0.16;0;0;22.0;21.7;19.9;13333;11;1;0;0
2022:08:18:20:15:00,414;0;0;23.0;131.2;132.7;0.16;0;0;22.0;21.7;19.9;13333;11;1;0;0
2022:08:18:20:16:00,423;0;0;23.0;131.0;132.3;0.14;0;0;22.0;21.7;19.9;13333;11;1;0;0
2022:08:18:20:17:00,391;0;0;23.0;131.5;132.7;0.16;0;0;22.0;21.7;19.9;13333;11;1;0;0
2022:08:18:20:18:00,460;0;0;23.0;131.7;133.0;0.16;0;0;21.9;21.7;19.9;13333;11;1;0;0
2022:08:18:20:19:00,489;0;0;23.0;131.5;132.9;0.16;0;0;21.9;21.7;19.9;13333;11;1;0;0
2022:08:18:20:20:00,537;0;0;23.0;131.5;132.7;0.16;0;0;21.9;21.7;19.9;13333;11;1;0;0
2022:08:18:20:21:00,266;0;0;23.0;131.5;132.9;0.14;0;0;21.9;21.7;19.9;13333;11;1;0;0
2022:08:18:20:22:00,294;0;0;23.0;131.7;132.7;0.16;0;0;21.9;21.6;19.9;13333;11;1;0;0
2022:08:18:20:23:01,284;0;0;23.0;131.7;133.3;0.16;0;0;21.9;21.6;19.9;13333;11;1;0;0
2022:08:18:20:24:01,312;0;0;23.0;131.5;132.7;0.16;0;0;21.9;21.6;19.9;13333;11;1;0;0
2022:08:18:20:25:01,301;0;0;23.0;131.5;132.9;0.16;0;0;21.9;21.6;19.9;13333;11;1;0;0
2022:08:18:20:26:01,249;0;0;23.0;131.7;133.0;0.16;0;0;21.9;21.6;19.9;13333;11;1;0;0
2022:08:18:20:27:00,797;0;0;23.0;131.7;132.5;0.16;0;0;21.9;21.6;19.9;13333;11;1;0;0
2022:08:18:20:28:00,726;0;0;23.0;131.7;132.7;0.16;0;0;21.9;21.6;19.9;13333;11;1;0;0
2022:08:18:20:29:00,694;0;0;23.0;131.9;133.1;0.16;0;0;21.9;21.6;19.8;13333;11;1;0;0
2022:08:18:20:30:00,163;0;0;23.0;131.7;133.0;0.16;0;0;21.8;21.6;19.8;13333;11;1;0;0
2022:08:18:20:31:00,171;0;0;23.0;131.5;132.5;0.16;0;0;21.8;21.6;19.8;13333;11;1;0;0
2022:08:18:20:32:00,240;0;0;23.0;131.5;132.5;0.16;0;0;21.8;21.6;19.8;13333;11;1;0;0
2022:08:18:20:33:00,248;0;0;23.0;131.2;132.4;0.16;0;0;21.8;21.6;19.8;13333;11;1;0;0
2022:08:18:20:34:00,297;0;0;23.0;131.5;132.7;0.16;0;0;21.8;21.5;19.8;13333;11;1;0;0
2022:08:18:20:35:00,266;0;0;23.0;131.2;132.7;0.14;0;0;21.8;21.5;19.8;13333;11;1;0;0
2022:08:18:20:36:00,234;0;0;23.0;131.2;132.4;0.14;0;0;21.8;21.5;19.8;13333;11;1;0;0
2022:08:18:20:37:00,183;0;0;23.0;131.2;132.7;0.16;0;0;21.8;21.5;19.8;13333;11;1;0;0
2022:08:18:20:38:00,111;0;0;23.0;131.5;132.9;0.16;0;0;21.8;21.5;19.8;13333;11;1;0;0
2022:08:18:20:39:00,140;0;0;23.0;131.2;132.4;0.16;0;0;21.8;21.5;19.8;13333;11;1;0;0
2022:08:18:20:40:00,108;0;0;23.0;131.5;132.7;0.16;0;0;21.8;21.5;19.8;13333;11;1;0;0
2022:08:18:20:41:00,137;0;0;23.0;131.2;132.4;0.16;0;0;21.8;21.5;19.8;13333;11;1;0;0
2022:08:18:20:42:00,206;0;0;23.0;131.5;132.7;0.16;0;0;21.8;21.5;19.8;13333;11;1;0;0
2022:08:18:20:43:00,214;0;0;23.0;131.2;132.4;0.16;0;0;21.8;21.5;19.8;13333;11;1;0;0
2022:08:18:20:44:00,243;0;0;23.0;131.5;132.7;0.16;0;0;21.7;21.5;19.8;13333;11;1;0;0
2022:08:18:20:45:00,211;0;0;23.0;131.5;132.9;0.16;0;0;21.7;21.5;19.8;13333;11;1;0;0
2022:08:18:20:46:00,240;0;0;23.0;131.7;133.3;0.16;0;0;21.7;21.5;19.8;13333;11;1;0;0
2022:08:18:20:47:00,208;0;0;23.0;131.7;133.0;0.16;0;0;21.7;21.5;19.7;13333;11;1;0;0
2022:08:18:20:48:00,157;0;0;23.0;131.7;132.7;0.16;0;0;21.7;21.5;19.7;13333;11;1;0;0
2022:08:18:20:49:00,226;0;0;23.0;131.7;133.0;0.16;0;0;21.7;21.4;19.7;13333;11;1;0;0
2022:08:18:20:50:00,294;0;0;23.0;131.7;133.0;0.14;0;0;21.7;21.4;19.7;13333;11;1;0;0
2022:08:18:20:51:00,203;0;0;23.0;131.9;133.3;0.16;0;0;21.7;21.4;19.7;13333;11;1;0;0
2022:08:18:20:52:00,211;0;0;23.0;131.9;133.1;0.17;0;0;21.7;21.4;19.7;13333;11;1;0;0
2022:08:18:20:53:00,200;0;0;23.0;131.7;133.0;0.16;0;0;21.7;21.4;19.7;13333;11;1;0;0
2022:08:18:20:54:00,228;0;0;23.0;131.9;133.1;0.16;0;0;21.7;21.4;19.7;13333;11;1;0;0
2022:08:18:20:55:00,137;0;0;23.0;131.9;133.3;0.14;0;0;21.7;21.4;19.7;13333;11;1;0;0
2022:08:18:20:56:00,206;0;0;23.0;131.9;133.1;0.16;0;0;21.7;21.4;19.7;13333;11;1;0;0
2022:08:18:20:57:00,194;0;0;23.0;132.1;133.1;0.16;0;0;21.7;21.4;19.7;13333;11;1;0;0
2022:08:18:20:58:00,263;0;0;23.0;131.9;133.1;0.16;0;0;21.6;21.4;19.7;13333;11;1;0;0
2022:08:18:20:59:00,451;0;0;23.0;132.1;133.4;0.16;0;0;21.6;21.4;19.6;13333;11;1;0;0
2022:08:18:21:00:00,500;0;0;23.0;131.9;133.1;0.16;0;0;21.6;21.4;19.6;13333;11;1;0;0
2022:08:18:21:01:00,228;0;0;23.0;131.9;133.1;0.16;0;0;21.6;21.4;19.6;13333;11;1;0;0
2022:08:18:21:02:00,257;0;0;23.0;131.9;133.3;0.16;0;0;21.6;21.4;19.6;13333;11;1;0;0
2022:08:18:21:03:00,106;0;0;23.0;131.9;132.8;0.16;0;0;21.6;21.4;19.6;13333;11;1;0;0
2022:08:18:21:04:00,074;0;0;23.0;131.9;133.6;0.16;0;0;21.6;21.4;19.6;13333;11;1;0;0
2022:08:18:21:05:01,144;0;0;23.0;132.1;133.6;0.16;0;0;21.5;21.4;19.6;13333;11;1;0;0
2022:08:18:21:06:01,138;0;0;23.0;132.1;133.1;0.16;0;0;21.5;21.3;19.5;13333;11;1;0;0
2022:08:18:21:07:01,193;0;0;23.0;132.1;133.4;0.16;0;0;21.5;21.3;19.5;13333;11;1;0;0
2022:08:18:21:08:01,187;0;0;23.0;132.1;133.1;0.16;0;0;21.5;21.3;19.5;13333;11;1;0;0
2022:08:18:21:09:01,162;0;0;23.1;132.4;133.6;0.16;0;0;21.5;21.3;19.5;13333;11;1;0;0
2022:08:18:21:10:01,215;0;0;23.0;132.1;133.1;0.17;0;0;21.5;21.3;19.5;13333;11;1;0;0
2022:08:18:21:11:00,984;0;0;23.1;132.4;133.8;0.16;0;0;21.5;21.3;19.5;13333;11;1;0;0
2022:08:18:21:12:01,033;0;0;23.0;132.6;133.6;0.16;0;0;21.5;21.3;19.5;13333;11;1;0;0
2022:08:18:21:13:01,061;0;0;23.0;132.4;133.2;0.16;0;0;21.4;21.3;19.5;13333;11;1;0;0
2022:08:18:21:14:01,070;0;0;23.1;132.4;133.8;0.16;0;0;21.4;21.2;19.4;13333;11;1;0;0
2022:08:18:21:15:01,038;0;0;23.0;132.4;133.2;0.16;0;0;21.4;21.2;19.4;13333;11;1;0;0
2022:08:18:21:16:00,967;0;0;23.0;132.1;133.6;0.16;0;0;21.4;21.2;19.4;13333;11;1;0;0
2022:08:18:21:17:00,995;0;0;23.0;132.4;133.8;0.16;0;0;21.4;21.2;19.4;13333;11;1;0;0
2022:08:18:21:18:01,004;0;0;23.1;132.6;133.9;0.16;0;0;21.4;21.2;19.4;13333;11;1;0;0
2022:08:18:21:19:00,993;0;0;23.1;132.1;133.6;0.16;0;0;21.4;21.2;19.4;13333;11;1;0;0
2022:08:18:21:20:00,881;0;0;23.1;132.6;133.9;0.16;0;0;21.4;21.2;19.4;13333;11;1;0;0
2022:08:18:21:21:00,590;0;0;23.1;132.6;133.9;0.16;0;0;21.4;21.1;19.3;13333;11;1;0;0
2022:08:18:21:22:00,698;0;0;23.1;132.4;133.8;0.16;0;0;21.4;21.1;19.3;13333;11;1;0;0
2022:08:18:21:23:00,767;0;0;23.1;132.4;133.8;0.16;0;0;21.4;21.1;19.3;13333;11;1;0;0
2022:08:18:21:24:00,836;0;0;23.1;132.4;133.8;0.16;0;0;21.4;21.1;19.3;13333;11;1;0;0
2022:08:18:21:25:00,884;0;0;23.1;132.6;133.9;0.16;0;0;21.4;21.1;19.3;13333;11;1;0;0
2022:08:18:21:26:00,573;0;0;23.1;132.6;134.2;0.16;0;0;21.4;21.1;19.2;13333;11;1;0;0
2022:08:18:21:27:00,541;0;0;23.1;132.6;133.9;0.16;0;0;21.3;21.0;19.2;13333;11;1;0;0
2022:08:18:21:28:00,530;0;0;23.2;132.8;134.0;0.16;0;0;21.3;21.0;19.2;13333;11;1;0;0
2022:08:18:21:29:00,278;0;0;23.1;132.8;134.2;0.16;0;0;21.3;21.0;19.2;13333;11;1;0;0
2022:08:18:21:30:00,367;0;0;23.2;132.8;134.5;0.16;0;0;21.3;21.0;19.2;13333;11;1;0;0
2022:08:18:21:31:00,375;0;0;23.2;132.8;134.5;0.16;0;0;21.3;21.0;19.2;13333;11;1;0;0
2022:08:18:21:32:00,344;0;0;23.2;133.3;134.8;0.16;0;0;21.3;21.0;19.2;13333;11;1;0;0
2022:08:18:21:33:00,333;0;0;23.3;133.3;134.8;0.16;0;0;21.3;21.0;19.2;13333;11;1;0;0
2022:08:18:21:34:00,381;0;0;23.3;133.3;134.8;0.16;0;0;21.3;21.0;19.2;13333;11;1;0;0
2022:08:18:21:35:00,330;0;0;23.3;133.3;135.1;0.16;0;0;21.3;21.0;19.2;13333;11;1;0;0
2022:08:18:21:36:00,298;0;0;23.3;133.3;134.8;0.16;0;0;21.3;21.0;19.2;13333;11;1;0;0
2022:08:18:21:37:00,287;0;0;23.3;133.3;134.6;0.16;0;0;21.3;21.0;19.2;13333;11;1;0;0
2022:08:18:21:38:00,335;0;0;23.3;133.3;134.8;0.16;0;0;21.3;20.9;19.2;13333;11;1;0;0
2022:08:18:21:39:00,284;0;0;23.3;132.8;134.2;0.16;0;0;21.2;20.9;19.2;13333;11;1;0;0
2022:08:18:21:40:00,333;0;0;23.3;133.0;134.5;0.16;0;0;21.2;20.9;19.2;13333;11;1;0;0
2022:08:18:21:41:00,341;0;0;23.3;133.3;135.1;0.16;0;0;21.2;20.9;19.2;13333;11;1;0;0
2022:08:18:21:42:01,430;0;0;23.3;133.3;134.2;0.16;0;0;21.2;20.9;19.2;13333;11;1;0;0
2022:08:18:21:43:00,498;0;0;23.3;133.3;134.6;0.16;0;0;21.2;20.9;19.2;13333;11;1;0;0
2022:08:18:21:44:00,587;0;0;23.3;133.0;134.5;0.16;0;0;21.2;20.9;19.2;13333;11;1;0;0
2022:08:18:21:45:00,595;0;0;23.3;133.0;134.5;0.16;0;0;21.2;20.9;19.1;13333;11;1;0;0
2022:08:18:21:46:00,624;0;0;23.3;133.0;134.0;0.13;0;0;21.2;20.8;19.1;13333;11;1;0;0
2022:08:18:21:47:00,653;0;0;23.3;133.3;134.6;0.16;0;0;21.2;20.8;19.1;13333;11;1;0;0
2022:08:18:21:48:00,701;0;0;23.3;133.3;134.6;0.16;0;0;21.1;20.8;19.1;13333;11;1;0;0
2022:08:18:21:49:00,670;0;0;23.3;133.5;134.6;0.16;0;0;21.1;20.8;19.1;13333;11;1;0;0
2022:08:18:21:50:00,718;0;0;23.3;133.3;134.6;0.16;0;0;21.1;20.8;19.1;13333;11;1;0;0
2022:08:18:21:51:00,727;0;0;23.3;133.3;134.2;0.16;0;0;21.1;20.8;19.1;13333;11;1;0;0
2022:08:18:21:52:00,735;0;0;23.3;133.5;134.9;0.16;0;0;21.1;20.8;19.0;13333;11;1;0;0
2022:08:18:21:53:00,824;0;0;23.3;133.3;134.6;0.16;0;0;21.1;20.7;19.0;13333;11;1;0;0
2022:08:18:21:54:00,853;0;0;23.3;133.3;135.1;0.16;0;0;21.0;20.7;19.0;13333;11;1;0;0
2022:08:18:21:55:00,841;0;0;23.3;132.8;134.2;0.16;0;0;21.0;20.7;19.0;13333;11;1;0;0
2022:08:18:21:56:00,850;0;0;23.3;133.3;134.2;0.16;0;0;21.0;20.7;19.0;13333;11;1;0;0
2022:08:18:21:57:00,818;0;0;23.3;133.3;134.8;0.16;0;0;21.0;20.7;19.0;13333;11;1;0;0
2022:08:18:21:58:00,807;0;0;23.3;133.3;134.6;0.16;0;0;21.0;20.7;18.9;13333;11;1;0;0
2022:08:18:21:59:00,895;0;0;23.3;133.3;134.6;0.16;0;0;21.0;20.6;18.9;13333;11;1;0;0
2022:08:18:22:00:00,884;0;0;23.3;133.3;134.6;0.16;0;0;20.9;20.6;18.9;13333;11;1;0;0
2022:08:18:22:01:00,913;0;0;23.3;133.3;134.6;0.16;0;0;20.9;20.6;18.9;13333;11;1;0;0
2022:08:18:22:02:00,901;0;0;23.4;133.5;134.6;0.16;0;0;20.9;20.6;18.9;13333;11;1;0;0
2022:08:18:22:03:00,870;0;0;23.2;132.4;133.6;0.16;0;0;20.9;20.6;18.9;13333;11;1;0;0
2022:08:18:22:04:00,818;0;0;23.1;132.4;133.6;0.16;0;0;20.9;20.6;18.8;13333;11;1;0;0
2022:08:18:22:05:00,847;0;0;23.0;132.4;133.6;0.17;0;0;20.9;20.6;18.8;13333;11;1;0;0
2022:08:18:22:06:00,815;0;0;23.0;132.4;133.8;0.16;0;0;20.9;20.6;18.8;13333;11;1;0;0
2022:08:18:22:07:00,884;0;0;23.1;132.6;133.9;0.16;0;0;20.8;20.5;18.8;13333;11;1;0;0
2022:08:18:22:08:00,912;0;0;23.1;132.4;133.8;0.17;0;0;20.8;20.5;18.8;13333;11;1;0;0
2022:08:18:22:09:00,921;0;0;23.1;132.4;133.6;0.16;0;0;20.8;20.5;18.7;13333;11;1;0;0
2022:08:18:22:10:00,970;0;0;23.1;132.4;133.6;0.16;0;0;20.8;20.5;18.7;13333;11;1;0;0
2022:08:18:22:11:00,978;0;0;23.1;132.4;133.8;0.16;0;0;20.8;20.5;18.7;13333;11;1;0;0
2022:08:18:22:12:00,927;0;0;23.1;132.4;133.8;0.16;0;0;20.8;20.4;18.7;13333;11;1;0;0
2022:08:18:22:13:00,895;0;0;23.1;132.4;133.6;0.16;0;0;20.7;20.4;18.7;13333;11;1;0;0
2022:08:18:22:14:00,904;0;0;23.1;132.4;134.1;0.16;0;0;20.7;20.4;18.6;13333;11;1;0;0
2022:08:18:22:15:00,972;0;0;23.1;132.4;133.8;0.16;0;0;20.7;20.4;18.6;13333;11;1;0;0
2022:08:18:22:16:00,941;0;0;23.1;132.6;133.9;0.16;0;0;20.7;20.4;18.6;13333;11;1;0;0
2022:08:18:22:17:00,950;0;0;23.1;132.6;133.6;0.16;0;0;20.7;20.4;18.6;13333;11;1;0;0
2022:08:18:22:18:00,938;0;0;23.2;132.8;134.0;0.16;0;0;20.7;20.4;18.6;13333;11;1;0;0
2022:08:18:22:19:00,987;0;0;23.2;133.0;134.5;0.16;0;0;20.6;20.4;18.6;13333;11;1;0;0
2022:08:18:22:20:00,935;0;0;23.2;132.8;134.2;0.17;0;0;20.6;20.4;18.5;13333;11;1;0;0
2022:08:18:22:21:01,004;0;0;23.2;133.0;134.5;0.16;0;0;20.6;20.4;18.5;13333;11;1;0;0
2022:08:18:22:22:00,932;0;0;23.2;133.0;134.5;0.17;0;0;20.6;20.4;18.5;13333;11;1;0;0
2022:08:18:22:23:01,041;0;0;23.3;133.3;134.2;0.16;0;0;20.6;20.3;18.5;13333;11;1;0;0
2022:08:18:22:24:00,970;0;0;23.3;133.3;135.1;0.16;0;0;20.6;20.3;18.5;13333;11;1;0;0
2022:08:18:22:25:12,499;0;0;23.3;133.0;134.5;0.16;0;0;20.5;20.3;18.4;13333;11;1;0;0
2022:08:18:22:26:00,747;0;0;23.3;133.3;134.2;0.16;0;0;20.5;20.3;18.4;13333;11;1;0;0
2022:08:18:22:27:00,715;0;0;23.3;133.3;134.2;0.16;0;0;20.5;20.3;18.4;13333;11;1;0;0
2022:08:18:22:28:00,764;0;0;23.3;133.3;134.6;0.16;0;0;20.5;20.3;18.4;13333;11;1;0;0
2022:08:18:22:29:00,652;0;0;23.3;132.8;134.2;0.16;0;0;20.5;20.2;18.4;13333;11;1;0;0
2022:08:18:22:30:00,661;0;0;23.2;132.8;134.5;0.16;0;0;20.5;20.2;18.4;13333;11;1;0;0
2022:08:18:22:31:00,590;0;0;23.1;132.4;133.6;0.16;0;0;20.4;20.2;18.3;13333;11;1;0;0
2022:08:18:22:32:00,618;0;0;23.1;132.4;133.6;0.16;0;0;20.4;20.2;18.3;13333;11;1;0;0
2022:08:18:22:33:00,607;0;0;23.1;132.4;133.8;0.16;0;0;20.4;20.2;18.3;13333;11;1;0;0
2022:08:18:22:34:00,575;0;0;23.0;132.4;133.8;0.16;0;0;20.4;20.2;18.3;13333;11;1;0;0
2022:08:18:22:35:00,544;0;0;23.0;132.4;133.2;0.16;0;0;20.4;20.2;18.3;13333;11;1;0;0
2022:08:18:22:36:00,572;0;0;23.0;132.4;133.6;0.16;0;0;20.4;20.2;18.3;13333;11;1;0;0
2022:08:18:22:37:00,601;0;0;23.1;132.6;133.9;0.17;0;0;20.4;20.1;18.3;13333;11;1;0;0
2022:08:18:22:38:00,650;0;0;23.1;132.6;134.2;0.16;0;0;20.4;20.1;18.2;13333;11;1;0;0
2022:08:18:22:39:00,598;0;0;23.2;132.4;133.2;0.16;0;0;20.4;20.1;18.2;13333;11;1;0;0
2022:08:18:22:40:00,627;0;0;23.1;132.6;134.2;0.16;0;0;20.4;20.1;18.2;13333;11;1;0;0
2022:08:18:22:41:00,635;0;0;23.1;132.8;134.0;0.16;0;0;20.4;20.1;18.2;13333;11;1;0;0
2022:08:18:22:42:00,784;0;0;23.2;132.8;134.2;0.16;0;0;20.4;20.1;18.2;13333;11;1;0;0
2022:08:18:22:43:00,732;0;0;23.2;132.8;133.7;0.16;0;0;20.4;20.1;18.2;13333;11;1;0;0
2022:08:18:22:44:01,201;0;0;23.2;132.8;134.0;0.16;0;0;20.4;20.1;18.2;13333;11;1;0;0
2022:08:18:22:45:00,830;0;0;23.2;132.8;134.2;0.17;0;0;20.4;20.1;18.2;13333;11;1;0;0
2022:08:18:22:46:00,778;0;0;23.2;132.8;134.0;0.14;0;0;20.3;20.0;18.2;13333;11;1;0;0
2022:08:18:22:47:00,827;0;0;23.2;132.8;134.2;0.16;0;0;20.3;20.0;18.2;13333;11;1;0;0
2022:08:18:22:48:00,855;0;0;23.2;133.0;134.3;0.16;0;0;20.3;20.0;18.2;13333;11;1;0;0
2022:08:18:22:49:00,884;0;0;23.1;133.0;134.3;0.17;0;0;20.3;20.0;18.2;13333;11;1;0;0
2022:08:18:22:50:00,652;0;0;23.2;133.0;134.0;0.17;0;0;20.3;20.0;18.2;13333;11;1;0;0
2022:08:18:22:51:00,581;0;0;23.2;133.0;134.3;0.16;0;0;20.3;20.0;18.2;13333;11;1;0;0
2022:08:18:22:52:00,610;0;0;23.2;133.0;134.5;0.16;0;0;20.3;20.0;18.2;13333;11;1;0;0
2022:08:18:22:53:00,078;0;0;23.2;133.3;134.6;0.16;0;0;20.3;20.0;18.2;13333;11;1;0;0
2022:08:18:22:54:01,287;0;0;23.2;133.0;134.3;0.16;0;0;20.3;20.0;18.2;13333;11;1;0;0
2022:08:18:22:55:01,315;0;0;23.3;133.3;134.8;0.16;0;0;20.3;20.0;18.2;13333;11;1;0;0
2022:08:18:22:56:01,344;0;0;23.3;133.3;134.2;0.16;0;0;20.3;19.9;18.2;13333;11;1;0;0
2022:08:18:22:57:01,372;0;0;23.3;133.5;134.9;0.16;0;0;20.2;19.9;18.2;13333;11;1;0;0
2022:08:18:22:58:01,461;0;0;23.3;133.5;134.6;0.16;0;0;20.2;19.9;18.1;13333;11;1;0;0
2022:08:18:22:59:01,529;0;0;23.3;133.3;134.2;0.16;0;0;20.2;19.9;18.1;13333;11;1;0;0
2022:08:18:23:00:00,078;0;0;23.4;133.5;134.6;0.16;0;0;20.2;19.9;18.1;13333;11;1;0;0
2022:08:18:23:01:00,047;0;0;23.4;133.5;134.6;0.17;0;0;20.2;19.9;18.1;13333;11;1;0;0
2022:08:18:23:02:00,035;0;0;23.9;133.5;134.9;0.16;0;0;20.2;19.9;18.1;13333;11;1;0;0
2022:08:18:23:03:01,484;0;5;25.9;133.3;134.6;0.17;0;0;20.1;19.8;18.1;13333;11;1;0;0
2022:08:18:23:04:01,432;0;0;26.6;133.3;134.8;0.16;0;0;20.1;19.8;18.0;13333;11;1;0;0
2022:08:18:23:05:01,521;0;0;24.8;133.5;135.1;0.16;0;0;20.1;19.8;18.0;13333;11;1;0;0
2022:08:18:23:06:01,509;0;0;23.8;133.5;134.6;0.17;0;0;20.1;19.8;18.0;13333;11;1;0;0
2022:08:18:23:07:01,498;0;0;23.4;133.7;134.9;0.16;0;0;20.1;19.8;18.0;13333;11;1;0;0
2022:08:18:23:08:01,507;0;0;23.4;133.7;134.9;0.17;0;0;20.1;19.8;18.0;13333;11;1;0;0
2022:08:18:23:09:01,495;0;0;23.3;132.4;133.6;0.17;0;0;20.0;19.8;18.0;13333;11;1;0;0
2022:08:18:23:10:00,224;0;0;23.1;132.1;133.4;0.16;0;0;20.0;19.8;17.9;13333;11;1;0;0
2022:08:18:23:11:00,172;0;0;23.0;132.1;133.4;0.16;0;0;20.0;19.7;17.9;13333;11;1;0;0
2022:08:18:23:12:00,161;0;0;23.0;132.1;133.9;0.16;0;0;20.0;19.7;17.9;13333;11;1;0;0
2022:08:18:23:13:00,169;0;0;23.0;131.9;133.3;0.16;0;0;20.0;19.7;17.9;13333;11;1;0;0
2022:08:18:23:14:00,158;0;0;23.0;131.7;133.0;0.16;0;0;20.0;19.7;17.9;13333;11;1;0;0
2022:08:18:23:15:00,147;0;0;23.0;131.9;133.6;0.16;0;0;20.0;19.7;17.9;13333;11;1;0;0
2022:08:18:23:16:00,035;0;0;23.0;131.9;133.3;0.16;0;0;20.0;19.7;17.9;13333;11;1;0;0
2022:08:18:23:17:01,504;0;0;23.0;132.4;133.8;0.16;0;0;20.0;19.7;17.9;13333;11;1;0;0
2022:08:18:23:18:01,492;0;0;23.0;132.4;133.6;0.17;0;0;19.9;19.7;17.8;13333;11;1;0;0
2022:08:18:23:19:00,001;0;0;23.1;132.4;133.6;0.16;0;0;19.9;19.6;17.8;13333;11;1;0;0
2022:08:18:23:20:00,089;0;0;23.0;132.1;133.9;0.16;0;0;19.9;19.6;17.8;13333;11;1;0;0
2022:08:18:23:21:00,058;0;5;27.1;132.1;133.6;0.14;0;0;19.9;19.6;17.8;13333;11;1;0;0
2022:08:18:23:22:00,147;0;5;27.0;132.4;133.8;0.17;0;0;19.9;19.6;17.8;13333;11;1;0;0
2022:08:18:23:23:00,095;1;41;38.3;132.4;133.2;0.16;0;0;19.8;19.6;17.8;13333;11;1;0;0
2022:08:18:23:24:00,804;2;66;56.1;132.6;133.0;0.57;0;0;20.0;19.6;17.8;13333;11;8;0;256
2022:08:18:23:25:00,812;1;41;42.5;132.4;133.0;0.17;0;0;20.0;19.8;17.7;13333;11;1;0;0
2022:08:18:23:26:00,761;3;109;95.1;132.4;133.6;0.56;36;33;20.0;19.9;17.7;13333;11;0;0;256
2022:08:18:23:27:00,109;5;201;173.4;133.0;134.8;1.37;306;307;20.1;20.2;17.7;13333;11;0;0;256
2022:08:18:23:28:02,098;3;101;83.1;132.6;133.4;0.55;28;21;20.4;20.5;17.7;13333;11;0;0;256
2022:08:18:23:29:00,047;3;112;98.3;132.4;133.8;0.56;17;18;20.4;20.3;17.7;13333;11;8;0;256
2022:08:18:23:30:00,115;2;73;63.4;132.4;133.2;0.57;0;0;20.5;20.2;17.7;13333;11;8;0;256
2022:08:18:23:31:00,224;3;121;104.2;132.6;133.6;0.57;53;53;20.6;20.3;17.7;13333;11;0;0;256
2022:08:18:23:32:00,232;5;199;169.0;132.8;134.7;1.42;316;322;20.5;20.3;17.7;13333;11;0;0;256
2022:08:18:23:33:00,261;2;65;60.4;131.7;133.3;0.18;0;0;20.7;20.6;17.6;13333;11;1;0;0
2022:08:18:23:34:01,009;6;199;167.1;132.6;134.4;1.78;400;400;20.4;20.4;17.6;13333;11;0;0;256
2022:08:18:23:35:01,018;6;198;167.6;132.4;134.4;1.76;393;395;20.7;20.7;17.6;13333;11;0;0;256
2022:08:18:23:36:01,047;3;105;92.5;131.7;132.7;0.56;23;26;21.0;20.9;17.6;13333;11;0;0;256
2022:08:18:23:37:01,175;3;118;101.3;131.7;133.0;0.57;57;58;20.9;21.0;17.6;13333;11;0;0;256
2022:08:18:23:38:00,824;3;118;102.4;131.7;133.3;0.57;61;58;20.8;21.0;17.6;13333;11;0;0;256
2022:08:18:23:39:00,872;4;143;122.2;131.9;133.3;0.7;131;139;20.7;20.8;17.6;13333;11;0;0;256
2022:08:18:23:40:00,861;2;76;66.7;131.2;132.1;0.57;0;0;20.8;20.7;17.6;13333;11;8;0;256
2022:08:18:23:41:00,369;3;134;117.3;131.9;132.8;0.56;48;50;20.7;20.4;17.6;13333;11;8;0;256
2022:08:18:23:42:00,458;4;158;137.0;132.1;133.4;0.64;106;107;20.7;20.5;17.6;13333;11;0;0;256
2022:08:18:23:43:00,467;3;113;98.2;131.9;132.8;0.56;20;23;20.7;20.5;17.6;13333;11;0;0;256
2022:08:18:23:44:00,535;3;84;73.5;132.1;132.9;0.56;3;3;20.9;20.8;17.6;13333;11;0;0;256
2022:08:18:23:45:00,624;1;36;42.7;131.5;132.7;0.17;0;0;20.7;20.6;17.6;13333;11;1;0;0
2022:08:18:23:46:00,652;4;127;109.3;132.4;133.2;0.59;87;88;20.4;20.6;17.6;13333;11;0;0;256
2022:08:18:23:47:17,663;3;116;101.1;131.9;133.1;0.56;51;52;20.6;20.4;17.6;13333;11;0;0;256
2022:08:18:23:48:00,809;5;167;143.0;132.4;133.8;1.06;229;232;20.6;20.7;17.6;13333;11;0;0;256
2022:08:18:23:49:00,938;3;117;103.1;131.7;132.5;0.56;21;24;20.7;20.8;17.6;13333;11;8;0;256
2022:08:18:23:50:01,086;3;86;75.6;131.7;132.5;0.57;0;2;20.7;20.6;17.6;13333;11;8;0;256
2022:08:18:23:51:01,215;3;118;103.5;131.9;132.5;0.56;26;26;20.6;20.4;17.6;13333;11;8;0;256
2022:08:18:23:52:01,164;2;54;49.9;131.7;132.7;0.18;0;0;20.6;20.6;17.6;13333;11;1;0;0
2022:08:18:23:53:01,232;3;102;89.1;132.1;133.1;0.56;19;20;20.4;20.3;17.6;13333;11;0;0;256
2022:08:18:23:54:01,241;2;61;56.6;131.9;133.1;0.17;0;0;20.5;20.5;17.6;13333;11;1;0;0
2022:08:18:23:55:01,329;3;100;86.9;132.1;132.9;0.56;16;17;20.5;20.5;17.6;13333;11;0;0;256
2022:08:18:23:56:01,298;2;71;61.6;132.1;132.9;0.57;0;0;20.6;20.6;17.6;13333;11;8;0;256
2022:08:18:23:57:01,426;2;51;48.0;131.9;133.3;0.17;0;0;20.5;20.5;17.6;13333;11;1;0;0
2022:08:18:23:58:01,435;3;108;93.6;132.4;133.2;0.55;34;32;20.4;20.6;17.6;13333;11;0;0;256
2022:08:18:23:59:01,524;4;165;141.1;132.4;133.6;0.84;170;171;20.5;20.7;17.6;13333;11;0;0;256
2022:08:19:00:00:00,012;4;158;133.9;132.6;134.2;0.91;194;197;20.6;20.6;17.6;13333;11;0;0;256
2022:08:19:00:01:00,741;4;139;119.6;131.9;133.1;0.67;121;125;20.8;20.8;17.6;13333;11;0;0;256
2022:08:19:00:02:00,769;3;87;78.3;131.5;132.5;0.57;4;4;20.9;20.8;17.5;13333;11;0;0;256
2022:08:19:00:03:00,858;5;191;163.6;131.9;133.1;1.09;237;240;20.7;20.6;17.5;13333;11;0;0;256
2022:08:19:00:04:00,866;2;87;76.7;131.7;132.5;0.57;1;2;20.8;20.5;17.5;13333;11;8;0;256
2022:08:19:00:05:00,895;3;152;133.9;131.9;133.1;0.58;77;80;20.7;20.5;17.5;13333;11;8;0;256
2022:08:19:00:06:00,104;3;106;92.2;131.7;132.3;0.55;28;28;20.8;20.8;17.4;13333;11;0;0;256
2022:08:19:00:07:00,252;3;115;100.1;131.7;132.7;0.55;46;49;20.8;20.9;17.5;13333;11;0;0;256
2022:08:19:00:08:00,321;4;116;100.2;131.9;132.5;0.56;55;54;20.8;20.9;17.5;13333;11;0;0;256
2022:08:19:00:09:01,349;3;119;102.8;131.9;132.5;0.56;62;61;20.6;20.7;17.5;13333;11;0;0;256
2022:08:19:00:10:01,238;4;132;113.5;131.9;132.8;0.62;102;103;20.6;20.9;17.5;13333;11;0;0;256
2022:08:19:00:11:01,326;5;179;154.0;132.1;133.9;1.28;282;284;20.5;20.7;17.5;13333;11;0;0;256
2022:08:19:00:12:00,495;4;138;118.8;131.2;132.7;0.66;119;121;20.7;20.6;17.4;13333;11;0;0;256
2022:08:19:00:13:00,544;6;212;178.1;131.9;133.8;2.13;476;481;20.6;20.6;17.4;13333;11;0;0;256
2022:08:19:00:14:00,552;3;115;100.1;131.2;131.7;0.55;48;50;20.8;20.6;17.4;13333;11;0;0;256
2022:08:19:00:15:00,481;3;86;75.5;131.2;131.7;0.57;2;2;20.7;20.5;17.4;13333;11;8;0;256
2022:08:19:00:16:01,249;6;201;168.2;131.5;133.5;1.83;408;414;20.7;20.5;17.4;13333;11;0;0;256
2022:08:19:00:17:00,458;5;192;164.2;131.5;132.9;1.58;349;354;20.8;20.8;17.4;13333;11;0;0;256
2022:08:19:00:18:01,146;3;86;75.6;130.8;131.5;0.56;3;4;20.9;20.7;17.3;13333;11;0;0;256
2022:08:19:00:19:01,135;1;28;43.1;130.6;131.7;0.17;0;0;20.6;20.6;17.3;13333;11;1;0;0
2022:08:19:00:20:01,084;1;31;35.7;130.8;131.7;0.17;0;0;20.4;20.4;17.3;13333;11;1;0;0
2022:08:19:00:21:01,152;0;0;31.1;130.8;131.7;0.17;0;0;20.2;20.2;17.2;13333;11;1;0;0
2022:08:19:00:22:01,341;0;0;25.5;131.0;132.3;0.17;0;0;20.1;20.1;17.2;13333;11;1;0;0
2022:08:19:00:23:01,309;0;0;23.9;131.2;132.1;0.17;0;0;20.0;19.9;17.2;13333;11;1;0;0
2022:08:19:00:24:01,318;1;36;32.9;130.8;131.7;0.17;0;0;19.9;19.8;17.3;13333;11;1;0;0
2022:08:19:00:25:01,446;3;108;93.9;131.5;132.5;0.56;29;30;19.8;19.8;17.2;13333;11;0;0;256
2022:08:19:00:26:00,715;6;203;172.2;132.1;133.9;1.88;423;428;20.0;20.0;17.2;13333;11;0;0;256
2022:08:19:00:27:00,244;3;85;77.7;131.2;132.4;0.57;4;4;20.4;20.1;17.1;13333;11;0;0;256
2022:08:19:00:28:00,352;3;106;94.2;131.2;132.1;0.56;12;13;20.3;20.0;17.1;13333;11;8;0;256
2022:08:19:00:29:00,401;3;165;144.3;131.5;132.5;0.61;97;101;20.2;20.0;17.1;13333;11;8;0;256
2022:08:19:00:30:00,449;5;171;144.6;131.7;133.3;1.1;239;249;20.2;20.1;17.0;13333;11;0;0;256
2022:08:19:00:31:00,538;3;96;83.3;131.2;131.7;0.55;13;13;20.1;19.9;16.8;13333;11;0;0;256
2022:08:19:00:32:00,546;2;77;68.9;131.2;132.1;0.56;0;0;19.8;19.8;16.6;13333;11;8;0;256
2022:08:19:00:33:00,735;4;165;141.8;131.5;132.9;0.77;152;150;19.4;19.7;16.4;13333;11;0;0;256
2022:08:19:00:34:00,804;4;162;140.2;131.5;132.9;0.71;139;142;19.4;19.4;16.2;13333;11;0;0;256
2022:08:19:00:35:00,832;4;138;119.4;131.5;132.7;0.6;92;93;19.3;19.2;16.0;13333;11;0;0;256
2022:08:19:00:36:00,061;6;205;171.8;132.1;134.2;2.02;451;446;19.2;19.0;15.8;13333;11;0;0;256
2022:08:19:00:37:01,509;2;74;65.0;131.2;131.7;0.57;0;0;19.4;19.0;15.6;13333;11;8;0;256
2022:08:19:00:38:01,038;2;82;77.2;131.0;132.1;0.18;0;3;19.1;19.0;15.4;13333;11;1;0;0
2022:08:19:00:39:01,046;3;85;73.9;131.5;132.1;0.57;4;5;18.8;18.8;15.3;13333;11;0;0;256
2022:08:19:00:40:01,055;1;20;42.4;131.2;132.1;0.18;0;0;18.6;18.5;15.3;13333;11;1;0;0
2022:08:19:00:41:01,423;0;0;29.8;131.2;132.1;0.18;0;0;18.4;18.3;15.2;13333;11;1;0;0
2022:08:19:00:42:01,412;0;0;25.2;131.5;132.7;0.17;0;0;18.3;18.2;15.2;13333;11;1;0;0
2022:08:19:00:43:01,341;0;0;23.6;131.2;132.4;0.17;0;0;18.2;18.0;15.1;13333;11;1;0;0
2022:08:19:00:44:01,349;0;0;23.2;131.5;132.7;0.14;0;0;18.1;17.9;15.1;13333;11;1;0;0
2022:08:19:00:45:00,198;0;0;23.5;131.5;132.7;0.17;0;0;18.0;17.9;15.0;13333;11;1;0;0
2022:08:19:00:46:00,186;0;0;23.4;131.5;132.9;0.17;0;0;17.9;17.8;14.9;13333;11;1;0;0
2022:08:19:00:47:00,135;0;0;23.0;131.5;132.7;0.17;0;0;17.9;17.7;14.9;13333;11;1;0;0
2022:08:19:00:48:00,104;0;0;23.0;131.5;132.7;0.17;0;0;17.8;17.7;14.9;13333;11;1;0;0
2022:08:19:00:49:00,112;0;0;23.0;131.5;132.9;0.17;0;0;17.8;17.6;14.8;13333;11;1;0;0
2022:08:19:00:50:00,801;0;0;23.0;131.7;132.7;0.17;0;0;17.7;17.6;14.8;13333;11;1;0;0
2022:08:19:00:51:00,749;0;0;23.0;131.7;133.0;0.17;0;0;17.6;17.5;14.7;13333;11;1;0;0
2022:08:19:00:52:00,698;0;0;23.0;131.5;132.7;0.17;0;0;17.6;17.5;14.6;13333;11;1;0;0
2022:08:19:00:53:00,106;0;0;23.0;131.7;132.7;0.17;0;0;17.5;17.5;14.6;13333;11;1;0;0
2022:08:19:00:54:01,495;0;0;23.0;131.7;132.7;0.17;0;0;17.5;17.5;14.5;13333;11;1;0;0
2022:08:19:00:55:01,503;0;0;23.0;131.5;132.7;0.17;0;0;17.5;17.4;14.5;13333;11;1;0;0
2022:08:19:00:56:00,392;0;5;26.1;131.5;132.5;0.17;0;0;17.5;17.4;14.5;13333;11;1;0;0
2022:08:19:00:57:00,661;0;0;25.5;131.9;133.1;0.18;0;0;17.5;17.3;14.4;13333;11;1;0;0
2022:08:19:00:58:00,569;0;0;23.9;131.7;133.0;0.17;0;0;17.4;17.3;14.4;13333;11;1;0;0
2022:08:19:00:59:00,938;0;0;24.3;131.5;132.7;0.17;0;0;17.4;17.3;14.3;13333;11;1;0;0
2022:08:19:01:00:00,866;0;0;23.4;131.5;132.7;0.18;0;0;17.4;17.2;14.3;13333;11;1;0;0
2022:08:19:01:01:00,835;0;0;23.0;131.7;133.0;0.17;0;0;17.3;17.2;14.3;13333;11;1;0;0
2022:08:19:01:02:00,988;0;0;23.0;131.7;132.7;0.17;0;0;17.3;17.2;14.3;13333;11;1;0;0
2022:08:19:01:03:01,212;0;0;23.0;131.7;132.5;0.17;0;0;17.3;17.1;14.3;13333;11;1;0;0
2022:08:19:01:04:00,201;0;0;23.0;131.7;133.0;0.18;0;0;17.2;17.1;14.3;13333;11;1;0;0
2022:08:19:01:05:00,478;0;0;23.0;131.7;132.7;0.17;0;0;17.2;17.1;14.3;13333;11;1;0;0
2022:08:19:01:06:00,825;0;0;23.0;131.9;133.1;0.18;0;0;17.2;17.0;14.3;13333;11;1;0;0
2022:08:19:01:07:00,744;0;0;23.9;131.9;133.3;0.18;0;0;17.2;17.0;14.3;13333;11;1;0;0
2022:08:19:01:08:01,186;0;0;25.3;131.9;133.1;0.18;0;0;17.1;17.0;14.3;13333;11;1;0;0
2022:08:19:01:09:00,026;0;0;24.0;131.9;133.1;0.16;0;0;17.1;17.0;14.3;13333;11;1;0;0
2022:08:19:01:10:00,087;0;0;23.3;131.7;133.0;0.18;0;0;17.1;16.9;14.3;13333;11;1;0;0
2022:08:19:01:11:00,660;0;0;23.0;131.7;133.0;0.17;0;0;17.1;16.9;14.3;13333;11;1;0;0
2022:08:19:01:12:01,082;0;0;23.0;131.7;133.3;0.17;0;0;17.1;16.9;14.3;13333;11;1;0;0
2022:08:19:01:13:00,148;0;0;23.0;131.7;132.7;0.17;0;0;17.1;17.0;14.3;13333;11;1;0;0
2022:08:19:01:14:00,728;0;0;23.0;131.7;133.0;0.18;0;0;17.1;16.9;14.3;13333;11;1;0;0
2022:08:19:01:15:01,328;0;0;23.0;131.9;133.6;0.18;0;0;17.1;16.9;14.3;13333;11;1;0;0
2022:08:19:01:16:00,434;0;0;23.0;131.7;133.0;0.17;0;0;17.1;16.9;14.3;13333;11;1;0;0
2022:08:19:01:17:00,421;0;0;23.4;131.9;133.1;0.17;0;0;17.1;16.9;14.3;13333;11;1;0;0
2022:08:19:01:18:00,030;0;0;23.2;131.7;133.0;0.14;0;0;17.1;16.9;14.3;13333;11;1;0;0
2022:08:19:01:19:01,346;0;0;23.0;131.7;132.7;0.17;0;0;17.1;16.9;14.3;13333;11;1;0;0
2022:08:19:01:20:01,196;0;0;23.0;131.9;133.1;0.17;0;0;17.1;16.9;14.3;13333;11;1;0;0
2022:08:19:01:21:00,987;0;0;23.0;131.9;133.1;0.17;0;0;17.1;16.9;14.3;13333;11;1;0;0
2022:08:19:01:22:00,678;0;0;23.0;131.7;133.3;0.17;0;0;17.1;16.9;14.3;13333;11;1;0;0
2022:08:19:01:23:00,449;0;0;23.0;131.9;132.8;0.18;0;0;17.1;16.9;14.4;13333;11;1;0;0
2022:08:19:01:24:00,273;0;0;23.0;131.9;133.1;0.17;0;0;17.1;16.9;14.4;13333;11;1;0;0
2022:08:19:01:25:00,109;0;0;23.0;131.9;133.1;0.18;0;0;17.1;16.9;14.4;13333;11;1;0;0
2022:08:19:01:26:00,066;0;0;23.0;131.9;133.3;0.17;0;0;17.0;16.9;14.4;13333;11;1;0;0
2022:08:19:01:27:00,042;0;0;23.0;131.9;133.1;0.17;0;0;17.0;16.9;14.4;13333;11;1;0;0
2022:08:19:01:28:01,497;0;0;23.0;132.1;133.4;0.14;0;0;17.0;16.9;14.4;13333;11;1;0;0
2022:08:19:01:29:01,467;0;0;23.0;132.1;133.4;0.17;0;0;17.0;16.9;14.4;13333;11;1;0;0
2022:08:19:01:30:01,412;0;0;23.0;132.1;133.4;0.17;0;0;17.1;16.9;14.4;13333;11;1;0;0
2022:08:19:01:31:01,396;0;0;23.0;132.1;133.6;0.17;0;0;17.1;16.9;14.4;13333;11;1;0;0
2022:08:19:01:32:01,461;0;10;24.8;131.9;133.1;0.18;0;0;17.1;16.9;14.5;13333;11;1;0;0
2022:08:19:01:33:00,066;1;30;30.6;131.9;133.3;0.18;0;0;17.1;16.9;14.5;13333;11;1;0;0
2022:08:19:01:34:00,215;1;32;34.7;131.9;133.3;0.17;0;0;17.1;16.9;14.5;13333;11;1;0;0
2022:08:19:01:35:00,238;0;0;28.4;131.7;133.0;0.17;0;0;17.1;17.0;14.5;13333;11;1;0;0
2022:08:19:01:36:00,280;0;0;24.7;131.7;133.0;0.17;0;0;17.1;17.0;14.5;13333;11;1;0;0
2022:08:19:01:37:00,270;0;0;23.5;131.7;132.7;0.17;0;0;17.1;17.0;14.5;13333;11;1;0;0
2022:08:19:01:38:00,376;0;0;23.1;131.7;132.7;0.17;0;0;17.1;17.0;14.6;13333;11;1;0;0
2022:08:19:01:39:00,103;0;0;23.0;131.7;132.7;0.18;0;0;17.1;17.0;14.6;13333;11;1;0;0
2022:08:19:01:40:00,130;0;0;23.0;131.9;133.1;0.17;0;0;17.1;17.0;14.6;13333;11;1;0;0
2022:08:19:01:41:00,196;0;0;23.0;131.9;132.8;0.17;0;0;17.1;17.0;14.6;13333;11;1;0;0
2022:08:19:01:42:01,185;0;0;23.0;131.9;133.1;0.17;0;0;17.1;17.0;14.7;13333;11;1;0;0
2022:08:19:01:43:01,155;0;0;23.2;131.7;133.3;0.17;0;0;17.1;17.0;14.7;13333;11;1;0;0
2022:08:19:01:44:01,266;0;0;24.8;131.9;133.3;0.18;0;0;17.1;17.0;14.7;13333;11;1;0;0
2022:08:19:01:45:01,156;0;0;23.8;131.9;132.8;0.17;0;0;17.1;17.0;14.7;13333;11;1;0;0
2022:08:19:01:46:01,127;0;0;23.3;131.9;133.3;0.17;0;0;17.1;17.0;14.7;13333;11;1;0;0
2022:08:19:01:47:01,109;0;0;23.0;132.1;133.6;0.17;0;0;17.1;17.0;14.7;13333;11;1;0;0
2022:08:19:01:48:01,091;0;5;23.9;132.1;133.4;0.17;0;0;17.1;16.9;14.7;13333;11;1;0;0
2022:08:19:01:49:00,614;0;0;25.3;132.4;133.2;0.16;0;0;17.1;16.9;14.7;13333;11;1;0;0
2022:08:19:01:50:00,176;0;0;24.1;132.1;133.4;0.17;0;0;17.0;16.9;14.6;13333;11;1;0;0
2022:08:19:01:51:00,099;0;5;25.7;132.1;133.9;0.17;0;0;17.0;16.8;14.6;13333;11;1;0;0
2022:08:19:01:52:00,181;1;45;41.5;132.1;133.6;0.17;0;0;16.9;16.8;14.6;13333;11;1;0;0
2022:08:19:01:53:00,224;3;116;101.5;132.6;133.9;0.56;49;52;17.0;16.8;14.6;13333;11;0;0;256
2022:08:19:01:54:00,992;6;232;194.9;133.3;135.6;2.78;631;647;17.3;17.1;14.6;13333;11;0;0;256
2022:08:19:01:55:01,020;5;178;150.6;133.0;134.5;1.3;288;289;17.8;17.6;14.6;13333;11;0;0;256
2022:08:19:01:56:01,190;7;239;200.1;132.1;134.4;3.11;701;712;17.8;18.1;14.6;13333;11;0;0;256
2022:08:19:01:57:00,457;6;230;192.7;132.1;134.7;2.8;631;625;18.0;18.1;14.5;13333;11;0;0;256
2022:08:19:01:58:00,666;5;177;149.0;131.7;133.0;1.3;286;279;18.3;18.1;14.5;13333;11;0;0;256
2022:08:19:01:59:01,134;3;117;101.6;131.2;132.1;0.56;55;56;18.3;18.2;14.5;13333;11;0;0;256
2022:08:19:02:00:06,104;3;110;95.9;131.2;131.9;0.55;34;35;18.1;17.9;14.4;13333;11;0;0;256
2022:08:19:02:01:00,732;4;123;106.8;131.2;132.4;0.58;74;73;17.9;17.7;14.4;13333;11;0;0;256
2022:08:19:02:02:00,940;6;180;151.3;131.2;133.2;1.38;304;298;18.0;18.2;14.4;13333;11;0;0;256
2022:08:19:02:03:01,250;5;172;146.2;131.5;133.2;1.2;261;257;18.0;18.2;14.4;13333;11;0;0;256
2022:08:19:02:04:01,298;4;126;109.8;131.2;132.7;0.58;77;84;18.0;17.7;14.3;13333;11;0;0;256
2022:08:19:02:05:00,486;5;162;139.6;131.2;132.9;1.04;221;214;17.8;18.2;14.3;13333;11;0;0;256
2022:08:19:02:06:00,034;6;219;184.5;131.9;134.1;2.39;536;542;17.7;17.8;14.2;13333;11;0;0;256
2022:08:19:02:07:00,103;8;278;229.2;132.6;135.9;4.76;1078;1073;18.2;18.4;14.1;13333;11;0;0;256
2022:08:19:02:08:02,432;4;145;124.7;131.5;132.9;0.76;147;150;18.4;18.3;14.1;13333;11;0;0;256
2022:08:19:02:09:00,940;2;75;70.3;131.0;132.1;0.11;0;1;18.1;18.2;14.0;13333;11;1;0;0
2022:08:19:02:10:01,410;4;144;123.7;131.5;132.7;0.8;157;150;17.7;17.6;14.0;13333;11;0;0;256
2022:08:19:02:11:01,438;4;157;136.8;131.5;132.7;0.59;89;89;17.6;17.9;14.0;13333;11;8;0;256
2022:08:19:02:12:01,487;6;231;193.7;132.4;134.6;2.8;632;634;17.5;17.6;14.0;13333;11;0;0;256
2022:08:19:02:13:00,694;7;240;200.2;132.4;134.4;3.18;717;720;18.1;18.2;14.0;13333;11;0;0;256
2022:08:19:02:14:00,603;5;176;148.2;131.5;133.5;1.21;266;272;18.2;18.5;14.0;13333;11;0;0;256
2022:08:19:02:15:00,651;6;211;175.7;131.9;134.1;2.24;502;490;18.4;18.5;13.9;13333;11;0;0;256
2022:08:19:02:16:01,481;6;223;187.0;131.9;134.4;2.59;583;581;18.5;18.5;13.9;13333;11;0;0;256
2022:08:19:02:17:00,089;0;0;8.5;130.6;131.9;0.06;0;0;19.0;19.0;13.8;13334;11;3;4096;1024
2022:08:19:02:18:01,137;0;0;18.5;130.8;132.3;0.17;0;0;18.2;18.3;13.8;13334;11;3;4096;1024
2022:08:19:02:19:00,506;0;0;21.4;130.8;132.3;0.13;0;0;17.6;17.7;13.7;13334;11;3;4096;1024
2022:08:19:02:20:00,554;0;0;22.4;130.8;132.3;0.14;0;0;17.2;17.3;13.6;13334;11;3;4096;1024
2022:08:19:02:21:00,763;0;0;22.6;131.0;132.3;0.14;0;0;16.9;17.0;13.5;13334;11;3;4096;1024
2022:08:19:02:22:00,651;2;75;70.3;131.0;132.9;0.13;0;1;16.6;16.7;13.4;13334;11;1;4096;0
2022:08:19:02:23:00,700;3;103;97.1;131.0;132.3;0.18;0;23;16.4;16.5;13.3;13335;6;1;0;0
2022:08:19:02:24:00,409;6;231;194.6;132.4;134.6;2.76;623;642;16.5;16.7;13.3;13335;6;0;0;256
2022:08:19:02:25:00,517;7;232;191.8;132.4;134.6;3.28;740;742;18.0;18.2;13.3;13335;6;0;0;256
2022:08:19:02:26:00,506;6;186;155.9;131.7;134.0;1.69;377;376;18.3;18.0;13.3;13335;6;0;0;256
2022:08:19:02:27:00,554;6;199;165.9;131.9;134.1;2.03;455;460;18.0;18.0;13.2;13335;6;0;0;256
2022:08:19:02:28:00,563;6;199;168.5;131.9;134.1;1.98;445;462;17.7;18.0;13.2;13335;6;0;0;256
2022:08:19:02:29:00,691;9;269;219.0;133.0;136.3;5.07;1154;1127;18.6;18.6;13.2;13335;6;0;0;256
2022:08:19:02:30:00,700;4;139;118.9;131.7;133.3;0.77;151;149;18.9;19.0;13.2;13335;6;0;0;256
2022:08:19:02:31:01,189;7;238;196.7;132.6;134.9;3.56;806;799;18.1;18.2;13.2;13335;6;0;0;256
2022:08:19:02:32:00,757;9;294;239.0;133.3;136.9;5.98;1362;1350;18.6;19.0;13.2;13335;6;0;0;256
2022:08:19:02:33:00,826;9;290;235.9;133.0;136.9;5.74;1306;1299;19.1;19.3;13.2;13335;6;0;0;256
2022:08:19:02:34:00,874;7;213;175.5;132.1;134.7;2.55;574;571;20.1;20.0;13.2;13335;6;0;0;256
2022:08:19:02:35:00,903;5;152;129.5;131.7;133.3;0.96;204;204;20.2;20.4;13.2;13335;6;0;0;256
2022:08:19:02:36:01,031;5;192;161.5;131.9;133.8;1.77;395;405;19.4;19.3;13.1;13335;6;0;0;256
2022:08:19:02:37:00,240;8;263;216.6;132.8;135.7;4.35;985;989;20.3;20.6;13.2;13335;6;0;0;256
2022:08:19:02:38:00,409;5;158;132.7;131.9;133.3;1.0;215;217;19.6;19.6;13.2;13335;6;0;0;256
2022:08:19:02:39:00,437;2;74;65.0;131.2;131.9;0.57;0;0;19.0;19.0;13.2;13335;6;8;0;256
2022:08:19:02:40:00,586;3;122;106.5;131.5;132.1;0.55;29;32;18.4;18.6;13.2;13335;6;8;0;256
2022:08:19:02:41:00,634;3;105;91.1;131.5;132.5;0.56;26;27;18.3;18.1;13.2;13335;6;0;0;256
2022:08:19:02:42:00,223;9;294;241.1;133.3;136.3;5.72;1299;1276;18.3;18.8;13.3;13335;6;0;0;256
2022:08:19:02:43:00,251;4;135;116.3;131.7;133.3;0.65;113;116;18.7;18.6;13.3;13335;6;0;0;256
2022:08:19:02:44:00,340;9;310;251.4;133.7;137.5;6.8;1551;1535;18.6;18.9;13.3;13335;6;0;0;256
2022:08:19:02:45:00,529;4;132;112.0;131.7;133.3;0.65;111;105;19.2;19.4;13.3;13335;6;0;0;256
2022:08:19:02:46:00,617;4;147;125.4;131.9;133.6;0.77;152;155;18.6;18.6;13.3;13335;6;0;0;256
2022:08:19:02:47:01,086;6;207;173.6;132.4;134.6;2.1;472;462;18.4;18.7;13.3;13335;6;0;0;256
2022:08:19:02:48:01,174;6;202;169.9;132.4;134.4;1.92;430;426;18.4;18.8;13.2;13335;6;0;0;256
2022:08:19:02:49:01,183;3;116;100.4;131.7;132.5;0.56;50;53;18.3;18.0;13.2;13335;6;0;0;256
2022:08:19:02:50:01,111;5;173;147.4;131.9;133.6;1.16;252;264;18.1;18.5;13.2;13335;6;0;0;256
2022:08:19:02:51:01,180;5;182;154.7;132.1;133.9;1.38;306;300;18.4;18.5;13.1;13335;6;0;0;256
2022:08:19:02:52:00,429;2;70;61.3;131.5;132.1;0.57;0;0;18.2;18.2;13.1;13335;6;8;0;256
2022:08:19:02:53:00,437;6;194;164.5;132.4;134.6;1.71;382;375;17.7;17.9;13.1;13335;6;0;0;256
2022:08:19:02:54:00,486;3;109;94.9;131.5;132.7;0.56;12;15;17.7;17.6;13.0;13335;6;8;0;256
2022:08:19:02:55:01,294;3;116;101.4;131.9;132.8;0.56;37;44;17.6;17.8;13.0;13335;6;0;0;256
2022:08:19:02:56:01,203;3;105;91.5;131.9;132.1;0.55;26;27;17.6;17.7;13.0;13335;6;0;0;256
2022:08:19:02:57:00,731;6;209;174.5;132.6;134.4;2.17;488;474;17.5;17.7;13.0;13335;6;0;0;256
2022:08:19:02:58:00,300;5;170;145.2;132.1;133.9;1.15;249;249;17.6;17.9;13.0;13335;6;0;0;256
2022:08:19:02:59:00,349;8;298;244.1;133.7;136.7;5.85;1334;1324;17.8;17.9;13.0;13335;6;0;0;256
2022:08:19:03:00:00,417;8;273;225.4;133.0;135.9;4.51;1023;1026;18.5;18.9;13.0;13335;6;0;0;256
2022:08:19:03:01:00,466;3;103;89.1;131.7;132.7;0.56;21;23;18.5;18.7;12.9;13335;6;0;0;256
2022:08:19:03:02:00,534;3;107;93.1;132.1;133.1;0.56;32;30;18.1;18.0;12.9;13335;6;0;0;256
2022:08:19:03:03:07,444;5;198;166.4;132.6;134.2;1.76;395;401;17.6;18.0;12.9;13335;6;0;0;256
2022:08:19:03:04:00,891;4;137;118.3;132.1;133.4;0.66;113;121;17.6;17.6;12.9;13335;6;0;0;256
2022:08:19:03:05:04,481;4;134;115.4;132.1;133.4;0.64;107;112;17.6;17.7;12.9;13335;6;0;0;256
2022:08:19:03:06:00,868;3;119;102.8;132.1;132.9;0.56;60;63;17.5;17.7;12.9;13335;6;0;0;256
2022:08:19:03:07:00,077;3;104;86.4;131.9;132.8;0.56;34;24;17.6;17.6;12.9;13335;6;0;0;256
2022:08:19:03:08:01,006;7;238;198.9;132.8;135.3;3.12;707;707;17.4;17.8;12.9;13335;6;0;0;256
2022:08:19:03:09:00,294;8;270;222.0;133.3;136.1;4.6;1046;1047;18.5;18.5;12.9;13335;6;0;0;256
2022:08:19:03:10:00,263;7;239;198.3;132.8;135.3;3.35;760;764;18.5;18.8;12.8;13335;6;0;0;256
2022:08:19:03:11:00,171;3;101;89.0;131.9;132.8;0.56;21;21;18.3;18.4;12.6;13335;6;0;0;256
2022:08:19:03:12:00,240;5;172;148.0;132.4;133.6;1.24;272;277;17.7;17.8;12.7;13335;6;0;0;256
2022:08:19:03:13:00,308;6;196;163.5;132.6;134.4;1.83;409;412;17.5;17.9;12.6;13335;6;0;0;256
2022:08:19:03:14:00,757;0;0;11.2;131.2;132.7;0.07;0;0;17.9;18.0;12.5;13337;52;3;4096;1024
2022:08:19:03:15:00,786;0;0;19.3;131.5;132.5;0.13;0;0;17.3;17.5;12.5;13337;52;3;4096;1024
2022:08:19:03:16:00,734;0;0;21.7;131.5;132.7;0.16;0;0;16.8;17.0;12.4;13337;52;3;4096;1024
2022:08:19:03:17:00,723;0;0;22.6;131.7;132.7;0.16;0;0;16.5;16.7;12.3;13337;52;3;4096;1024
2022:08:19:03:18:00,751;0;0;22.7;131.2;132.7;0.16;0;0;16.4;16.5;12.2;13337;52;3;4096;1024
2022:08:19:03:19:00,780;4;142;126.9;131.2;132.7;0.07;0;135;16.1;16.3;12.2;13337;52;0;4096;0
2022:08:19:03:20:00,848;5;192;178.6;131.5;132.5;0.84;0;361;16.2;16.6;12.2;13337;52;0;0;256
2022:08:19:03:21:00,177;10;311;289.6;131.2;132.1;0.78;1;1618;16.1;16.5;12.2;13337;52;0;0;256
2022:08:19:03:22:00,226;6;189;175.5;131.2;132.1;0.81;0;365;16.4;16.3;12.2;13337;52;0;0;256
2022:08:19:03:24:00,223;1;40;37.5;131.2;132.7;0.1;0;0;16.2;16.2;12.2;13338;110;289;0;0
2022:08:19:03:25:00,271;6;236;194.5;132.6;134.7;3.29;743;737;15.9;16.2;12.2;13338;110;0;0;256
2022:08:19:03:26:01,000;4;131;112.0;131.7;133.0;0.68;120;108;16.4;16.5;12.2;13338;110;0;0;256
2022:08:19:03:27:01,048;5;163;140.2;131.9;133.3;1.08;233;234;16.8;16.6;12.1;13338;110;0;0;256
2022:08:19:03:28:01,117;8;277;227.0;133.3;136.1;5.09;1158;1143;16.9;17.3;12.1;13338;110;0;0;256
2022:08:19:03:29:01,126;4;122;104.2;131.9;132.8;0.59;78;76;18.4;18.3;12.1;13338;110;0;0;256
2022:08:19:03:30:00,314;7;227;189.2;132.4;135.1;2.93;663;654;18.0;18.3;12.1;13338;110;0;0;256
2022:08:19:03:31:00,403;8;257;212.2;132.8;135.7;4.12;937;929;17.9;18.1;12.1;13338;110;0;0;256
2022:08:19:03:32:00,511;8;270;222.4;133.0;136.1;4.71;1072;1068;17.8;18.1;12.1;13338;110;0;0;256
2022:08:19:03:33:00,580;5;158;133.1;132.1;133.9;0.98;209;211;17.9;18.2;12.1;13338;110;0;0;256
2022:08:19:03:34:00,668;3;104;90.0;131.5;132.7;0.57;10;11;17.5;17.4;12.0;13338;110;8;0;256
2022:08:19:03:35:00,757;6;213;179.5;132.4;134.4;2.23;503;506;17.4;17.8;12.0;13338;110;0;0;256
2022:08:19:03:36:00,806;5;186;156.9;132.1;133.9;1.45;320;326;17.5;17.5;12.1;13338;110;0;0;256
2022:08:19:03:37:00,934;6;208;175.1;132.1;134.2;2.06;464;467;17.5;17.9;12.0;13338;110;0;0;256
2022:08:19:03:38:01,003;3;106;92.6;131.7;132.5;0.56;29;30;17.5;17.6;12.0;13338;110;0;0;256
2022:08:19:03:39:01,111;5;152;129.7;131.7;133.0;0.81;166;176;17.2;17.4;12.1;13338;110;0;0;256
2022:08:19:03:40:00,380;4;127;109.5;131.7;132.7;0.55;70;87;17.2;17.2;12.1;13338;110;0;0;256
2022:08:19:03:41:00,728;7;236;196.5;132.4;134.9;3.06;693;690;17.4;17.6;12.1;13338;110;0;0;256
2022:08:19:03:42:00,817;2;61;53.7;131.5;132.1;0.57;0;0;17.5;17.6;12.1;13338;110;8;0;256
2022:08:19:03:43:00,826;5;165;141.7;131.9;133.3;1.05;224;228;16.8;16.8;12.1;13338;110;0;0;256
2022:08:19:03:44:00,914;3;103;81.3;131.5;132.5;0.56;12;15;16.8;17.1;12.2;13338;110;8;0;256
2022:08:19:03:45:01,063;7;237;197.4;132.6;135.2;3.17;716;698;17.0;17.1;12.2;13338;110;0;0;256
2022:08:19:03:46:01,111;4;128;111.1;131.7;133.0;0.64;98;90;17.3;17.4;12.2;13338;110;0;0;256
2022:08:19:03:47:01,180;4;177;155.1;131.7;133.3;0.72;132;128;16.9;17.1;12.2;13338;110;8;0;256
2022:08:19:03:48:01,288;3;92;80.5;131.5;132.5;0.57;4;4;16.8;16.8;12.2;13338;110;0;0;256
2022:08:19:03:49:01,297;3;105;91.8;131.7;132.5;0.56;25;27;16.6;16.8;12.2;13338;110;0;0;256
2022:08:19:03:50:01,265;3;104;90.4;131.7;132.7;0.56;23;24;16.5;16.4;12.2;13338;110;0;0;256
2022:08:19:03:51:01,354;2;74;66.0;131.5;132.7;0.57;0;0;16.5;16.7;12.3;13338;110;8;0;256
2022:08:19:03:52:01,403;3;158;137.6;131.7;133.3;0.58;83;90;16.5;16.4;12.3;13338;110;8;0;256
2022:08:19:03:53:00,675;3;88;76.7;131.5;132.5;0.57;4;4;16.6;16.8;12.3;13338;110;0;0;256
2022:08:19:03:54:00,690;0;0;39.8;131.2;132.7;0.1;0;0;16.4;16.5;12.3;13338;110;1;0;0
2022:08:19:03:55:00,704;0;0;28.5;131.2;132.4;0.1;0;0;16.2;16.3;12.3;13338;110;1;0;0
2022:08:19:03:56:00,739;0;0;24.8;131.2;132.4;0.09;0;0;16.0;16.1;12.3;13338;110;1;0;0
2022:08:19:03:57:00,753;0;0;23.5;131.2;132.7;0.18;0;0;15.9;16.0;12.3;13338;110;1;0;0
2022:08:19:03:58:00,724;1;40;36.7;131.5;132.7;0.18;0;0;15.8;15.9;12.3;13338;110;1;0;0
2022:08:19:03:59:01,133;5;191;160.7;132.1;134.4;1.58;353;355;15.7;15.7;12.2;13338;110;0;0;256
2022:08:19:04:00:01,181;3;108;94.2;131.5;132.7;0.56;31;33;16.0;16.2;12.2;13338;110;0;0;256
2022:08:19:04:01:01,350;6;203;171.1;132.1;134.7;1.95;437;435;16.2;16.5;12.2;13338;110;0;0;256
2022:08:19:04:02:01,398;4;129;111.2;131.5;132.7;0.6;93;93;16.5;16.4;12.1;13338;110;0;0;256
2022:08:19:04:03:01,447;6;213;180.3;132.1;134.4;2.18;491;498;16.4;16.8;12.0;13338;110;0;0;256
2022:08:19:04:04:01,515;5;192;162.3;131.9;133.8;1.64;364;361;16.5;16.5;12.0;13338;110;0;0;256
2022:08:19:04:05:01,024;3;105;91.9;131.5;132.5;0.55;26;27;16.5;16.8;11.9;13338;110;0;0;256
2022:08:19:04:06:01,073;4;128;110.4;131.9;132.8;0.59;85;88;16.6;16.5;11.9;13338;110;0;0;256
2022:08:19:04:07:01,101;3;92;83.4;131.2;132.4;0.57;4;7;16.4;16.5;11.8;13338;110;0;0;256
2022:08:19:04:08:01,170;4;185;161.0;131.9;133.1;0.75;147;146;16.1;16.1;11.8;13338;110;8;0;256
2022:08:19:04:09:00,678;5;177;149.5;131.7;133.3;1.13;243;243;16.1;16.5;11.8;13338;110;0;0;256
2022:08:19:04:10:02,627;3;122;106.1;131.7;132.5;0.57;64;65;16.1;16.2;11.7;13338;110;0;0;256
2022:08:19:04:11:01,155;2;77;69.4;131.5;132.1;0.57;0;0;16.0;16.1;11.7;13338;110;8;0;256
2022:08:19:04:12:01,184;4;177;154.8;131.7;132.3;0.7;131;131;15.8;15.8;11.7;13338;110;8;0;256
2022:08:19:04:13:01,293;4;160;139.4;131.9;132.8;0.61;96;97;15.8;15.9;11.7;13338;110;8;0;256
2022:08:19:04:14:00,521;4;153;132.2;131.7;133.0;0.66;114;114;15.8;15.7;11.7;13338;110;0;0;256
2022:08:19:04:15:00,090;6;209;176.6;131.9;134.1;2.15;482;487;15.8;16.1;11.7;13338;110;0;0;256
2022:08:19:04:16:00,158;3;118;101.7;131.5;132.1;0.57;61;59;16.0;15.9;11.7;13338;110;0;0;256
2022:08:19:04:17:00,207;3;111;96.3;131.7;132.5;0.55;37;38;15.8;16.0;11.6;13338;110;0;0;256
2022:08:19:04:18:00,875;1;43;51.0;131.0;132.1;0.09;0;0;15.8;15.8;11.6;13338;110;1;0;0
2022:08:19:04:19:00,864;1;33;39.4;131.0;132.1;0.1;0;0;15.5;15.6;11.6;13338;110;1;0;0
2022:08:19:04:20:00,953;6;217;181.9;132.1;134.2;2.4;538;533;15.1;15.3;11.6;13338;110;0;0;256
2022:08:19:04:21:00,301;4;133;114.8;131.2;132.7;0.64;107;109;15.6;15.7;11.6;13338;110;0;0;256
2022:08:19:04:22:01,030;3;119;103.0;131.5;132.1;0.56;58;63;15.6;15.7;11.6;13338;110;0;0;256
2022:08:19:04:23:00,278;4;157;134.8;131.7;132.7;0.8;163;163;15.6;15.7;11.6;13338;110;0;0;256
2022:08:19:04:24:01,107;2;57;54.1;131.0;131.9;0.1;0;0;15.6;15.7;11.5;13338;110;1;0;0
2022:08:19:04:25:01,015;2;52;48.2;131.0;132.1;0.1;0;0;15.4;15.5;11.5;13338;110;1;0;0
2022:08:19:04:26:01,044;3;90;90.8;131.0;131.9;0.1;0;6;15.2;15.3;11.5;13338;110;1;0;0
2022:08:19:04:27:00,953;3;121;106.7;131.2;132.4;0.55;30;31;15.2;15.0;11.6;13338;110;8;0;256
2022:08:19:04:28:01,021;3;135;118.6;131.5;132.1;0.56;52;52;15.3;15.5;11.6;13338;110;8;0;256
2022:08:19:04:29:01,050;3;110;98.6;131.2;132.4;0.56;12;16;15.4;15.1;11.6;13338;110;8;0;256
2022:08:19:04:30:01,138;3;122;107.6;131.2;132.4;0.56;32;33;15.4;15.6;11.6;13338;110;8;0;256
2022:08:19:04:31:01,167;2;62;53.4;131.2;132.1;0.57;0;0;15.5;15.2;11.6;13338;110;8;0;256
2022:08:19:04:32:01,155;1;23;40.8;131.0;132.1;0.1;0;0;15.3;15.3;11.6;13339;111;1;0;0
2022:08:19:04:33:01,124;0;0;29.8;131.0;132.6;0.1;0;0;15.1;15.1;11.6;13339;111;1;0;0
2022:08:19:04:34:01,093;0;0;25.2;131.0;131.9;0.09;0;0;15.0;15.0;11.6;13339;111;1;0;0
2022:08:19:04:35:01,101;0;0;23.5;131.0;132.1;0.1;0;0;14.9;14.9;11.6;13339;111;1;0;0
2022:08:19:04:36:01,110;0;0;23.5;131.0;131.9;0.1;0;0;14.8;14.9;11.6;13339;111;1;0;0
2022:08:19:04:37:01,058;0;0;23.1;131.0;132.1;0.1;0;0;14.7;14.8;11.6;13339;111;1;0;0
2022:08:19:04:38:01,047;0;0;23.0;131.0;132.3;0.09;0;0;14.7;14.8;11.6;13339;111;1;0;0
2022:08:19:04:39:00,935;0;0;24.9;131.0;132.1;0.19;0;0;14.7;14.8;11.5;13339;111;1;0;0
2022:08:19:04:40:00,924;1;38;36.0;130.8;132.1;0.18;0;0;14.6;14.7;11.5;13339;111;1;0;0
2022:08:19:04:41:00,953;4;145;123.5;131.7;133.0;0.76;148;146;14.9;14.9;11.5;13339;111;0;0;256
2022:08:19:04:42:00,182;4;150;128.9;131.2;132.7;0.82;168;170;15.1;15.3;11.5;13339;111;0;0;256
2022:08:19:04:43:00,950;4;145;124.7;131.5;132.1;0.74;142;152;15.2;15.2;11.5;13339;111;0;0;256
2022:08:19:04:44:01,018;5;195;166.8;131.7;133.0;1.67;369;377;15.2;15.4;11.4;13339;111;0;0;256
2022:08:19:04:45:01,107;5;171;144.5;131.5;133.2;1.17;253;257;15.5;15.7;11.4;13339;111;0;0;256
2022:08:19:04:46:01,035;2;76;56.9;131.2;132.4;0.56;0;1;15.5;15.4;11.4;13339;111;8;0;256
2022:08:19:04:47:01,064;5;179;154.3;131.7;133.3;1.29;282;283;15.4;15.6;11.4;13339;111;0;0;256
2022:08:19:04:48:00,693;4;135;117.2;131.5;132.1;0.65;112;119;15.6;15.5;11.4;13339;111;0;0;256
2022:08:19:04:49:01,441;4;123;105.7;131.5;132.5;0.58;74;74;15.4;15.6;11.4;13339;111;0;0;256
2022:08:19:04:50:01,530;2;81;67.3;131.0;131.9;0.57;0;1;15.4;15.2;11.3;13339;111;8;0;256
2022:08:19:04:51:00,018;3;123;108.6;131.2;132.1;0.55;31;33;15.2;15.0;11.3;13339;111;8;0;256
2022:08:19:04:52:01,527;2;83;82.1;130.8;131.7;0.1;0;3;15.1;15.2;11.3;13339;111;1;0;0
2022:08:19:04:53:00,015;3;123;108.6;131.2;132.1;0.56;28;33;14.9;14.7;11.3;13339;111;8;0;256
2022:08:19:04:54:23,187;3;126;109.8;131.5;132.1;0.57;52;52;15.1;15.0;11.4;13339;111;0;0;256
2022:08:19:04:55:00,393;3;93;86.4;131.0;131.9;0.57;3;6;15.1;14.9;11.3;13339;111;0;0;256
2022:08:19:04:56:00,441;3;110;97.4;131.0;131.9;0.56;20;22;15.1;15.2;11.3;13339;111;0;0;256
2022:08:19:04:57:00,490;3;107;95.1;131.0;132.1;0.56;9;14;15.1;14.9;11.3;13339;111;8;0;256
2022:08:19:04:58:00,498;3;117;101.7;131.2;132.1;0.56;58;57;15.3;15.4;11.4;13339;111;0;0;256
2022:08:19:04:59:00,567;3;119;102.7;131.5;131.9;0.52;52;59;15.2;15.0;11.3;13339;111;0;0;256
2022:08:19:05:00:00,595;3;126;110.1;130.8;131.7;0.55;36;37;15.1;15.3;11.3;13339;111;8;0;256
2022:08:19:05:01:00,646;3;137;120.0;131.2;132.1;0.59;85;90;15.1;14.9;11.3;13339;111;0;0;256
2022:08:19:05:02:00,720;4;155;133.9;131.0;132.3;0.89;184;190;15.3;15.5;11.3;13339;111;0;0;256
2022:08:19:05:03:00,835;6;225;190.1;131.5;133.5;2.63;588;600;15.2;15.2;11.2;13339;111;0;0;256
2022:08:19:05:04:01,550;4;129;111.8;130.8;131.7;0.6;93;94;15.5;15.6;11.2;13339;111;0;0;256
2022:08:19:05:05:00,064;6;207;173.8;131.2;132.9;2.13;474;464;15.4;15.4;11.1;13339;111;0;0;256
2022:08:19:05:06:00,077;5;164;138.1;131.0;132.1;1.06;226;225;15.5;15.7;11.0;13339;111;0;0;256
2022:08:19:05:07:00,525;3;122;105.7;130.8;132.1;0.57;67;69;15.4;15.2;11.0;13339;111;0;0;256
2022:08:19:05:08:00,674;3;110;103.1;130.6;131.5;0.56;12;16;15.1;15.3;11.0;13339;111;8;0;256
2022:08:19:05:09:01,522;3;119;103.9;130.8;131.5;0.55;43;43;15.1;15.0;11.0;13339;111;0;0;256
2022:08:19:05:10:00,031;3;128;112.5;130.8;131.5;0.55;38;41;15.0;14.9;11.0;13339;111;8;0;256
2022:08:19:05:11:00,240;3;137;120.3;130.6;131.5;0.57;61;63;15.0;15.2;11.1;13339;111;0;0;256
2022:08:19:05:12:00,988;4;199;174.5;131.0;132.6;0.91;190;205;14.9;14.9;11.1;13339;111;0;0;256
2022:08:19:05:13:01,157;6;229;192.0;131.7;133.8;2.82;631;631;16.0;16.2;11.2;13339;111;0;0;256
2022:08:19:05:14:00,405;6;214;180.0;131.5;133.2;2.3;513;517;16.4;16.3;11.2;13339;111;0;0;256
2022:08:19:05:15:01,154;3;111;97.5;130.6;131.2;0.55;39;38;16.4;16.4;11.2;13339;111;0;0;256
2022:08:19:05:16:00,082;4;153;131.0;131.2;132.7;0.95;195;181;15.8;15.7;11.2;13339;111;0;0;256
2022:08:19:05:17:00,071;5;175;149.4;130.8;132.3;1.25;269;275;15.7;16.0;11.3;13339;111;0;0;256
2022:08:19:05:18:00,040;4;146;124.6;130.8;131.7;0.78;154;155;15.8;15.8;11.3;13339;111;0;0;256
2022:08:19:05:19:01,068;3;111;97.6;130.6;131.2;0.55;35;38;15.6;16.0;11.3;13339;111;0;0;256
2022:08:19:05:20:01,137;4;144;123.5;131.0;132.1;0.69;134;146;15.5;15.4;11.3;13339;111;0;0;256
2022:08:19:05:21:00,345;5;168;141.3;131.2;132.7;1.13;243;242;15.5;15.7;11.3;13339;111;0;0;256
2022:08:19:05:22:00,374;5;167;144.5;130.8;132.3;1.07;227;238;15.4;15.5;11.3;13339;111;0;0;256
2022:08:19:05:23:00,402;5;185;155.4;131.0;132.6;1.46;321;322;15.5;15.7;11.4;13339;111;0;0;256
2022:08:19:05:24:00,571;4;131;112.7;130.6;131.5;0.62;103;103;15.5;15.6;11.3;13339;111;0;0;256
2022:08:19:05:25:00,620;4;153;130.7;130.8;131.7;0.8;164;176;15.4;15.6;11.3;13339;111;0;0;256
2022:08:19:05:26:00,708;4;124;108.0;130.6;131.5;0.57;73;78;15.5;15.5;11.3;13339;111;0;0;256
2022:08:19:05:27:00,757;6;196;166.0;131.0;132.6;1.77;393;390;15.3;15.5;11.3;13339;111;0;0;256
2022:08:19:05:28:00,865;4;140;120.0;130.6;131.7;0.71;136;133;15.7;15.8;11.3;13339;111;0;0;256
2022:08:19:05:29:00,354;3;141;123.9;130.4;131.1;0.56;58;61;15.4;15.4;11.2;13339;111;8;0;256
2022:08:19:05:30:00,082;4;180;159.0;130.8;131.3;0.69;130;135;15.1;15.3;11.2;13339;111;8;0;256
2022:08:19:05:31:00,091;2;56;52.8;129.9;130.9;0.11;0;0;15.1;15.1;11.0;13339;111;1;0;0
2022:08:19:05:32:00,120;4;158;137.6;130.6;131.7;1.01;215;206;14.7;14.9;11.0;13339;111;0;0;256
2022:08:19:05:33:00,848;4;131;112.3;130.6;131.5;0.6;95;98;14.8;14.8;10.9;13339;111;0;0;256
2022:08:19:05:34:00,957;4;129;112.7;130.6;131.2;0.61;95;98;14.6;14.7;10.8;13339;111;0;0;256
2022:08:19:05:35:01,025;5;175;148.0;130.8;132.3;1.26;274;275;14.6;14.6;10.8;13339;111;0;0;256
2022:08:19:05:36:00,614;4;123;107.1;130.6;131.2;0.58;80;78;14.5;14.7;10.7;13339;111;0;0;256
2022:08:19:05:37:00,322;3;89;78.0;130.4;130.9;0.56;5;6;14.6;14.3;10.6;13339;111;0;0;256
2022:08:19:05:38:00,371;3;96;83.8;130.4;130.9;0.56;14;13;14.3;14.4;10.5;13339;111;0;0;256
2022:08:19:05:39:00,420;5;191;162.5;130.8;132.3;1.58;347;349;14.1;14.0;10.5;13339;111;0;0;256
2022:08:19:05:40:00,448;3;120;104.9;130.1;131.4;0.56;60;65;14.3;14.3;10.3;13339;111;0;0;256
2022:08:19:05:41:00,557;3;100;92.1;130.1;131.0;0.57;4;8;14.2;14.0;10.3;13339;111;8;0;256
2022:08:19:05:42:00,565;5;191;162.1;130.6;132.3;1.5;329;328;14.0;14.1;10.2;13339;111;0;0;256
2022:08:19:05:43:00,714;6;239;203.5;130.6;133.3;2.41;536;537;13.9;14.1;10.2;13339;111;0;0;256
2022:08:19:05:44:00,722;5;182;154.3;130.1;131.8;1.42;308;302;14.3;14.4;10.1;13339;111;0;0;256
2022:08:19:05:45:02,651;4;124;107.7;129.9;130.9;0.57;77;78;14.3;14.1;10.0;13339;111;0;0;256
2022:08:19:05:46:01,179;4;142;122.0;130.4;131.1;0.74;143;140;14.0;13.8;9.9;13339;111;0;0;256
2022:08:19:05:47:01,128;6;227;191.4;130.6;133.0;2.82;626;617;14.1;14.5;9.9;13339;111;0;0;256
2022:08:19:05:48:01,497;3;111;96.0;129.9;130.6;0.57;49;38;14.3;14.0;9.8;13339;111;0;0;256
2022:08:19:05:49:00,025;4;157;135.0;130.4;131.7;0.9;189;196;14.0;13.9;9.8;13339;111;0;0;256
2022:08:19:05:50:01,234;5;186;157.8;130.1;132.0;1.54;336;328;14.2;14.3;9.8;13339;111;0;0;256
2022:08:19:05:51:00,802;4;127;109.7;129.9;131.2;0.58;83;89;14.1;14.0;9.7;13339;111;0;0;256
2022:08:19:05:52:00,811;6;197;168.3;130.1;132.0;1.75;385;392;13.8;14.1;9.7;13339;111;0;0;256
2022:08:19:05:53:00,599;3;119;103.0;129.9;130.6;0.55;66;66;13.9;13.9;9.7;13339;111;0;0;256
2022:08:19:05:54:01,388;3;104;90.1;129.7;130.3;0.53;25;25;13.8;13.9;9.6;13339;111;0;0;256
2022:08:19:05:55:00,377;5;187;158.2;130.1;131.8;1.58;346;336;13.7;14.0;9.6;13339;111;0;0;256
2022:08:19:05:56:00,425;5;175;149.5;130.4;131.4;1.27;275;276;13.7;13.6;9.6;13339;111;0;0;256
2022:08:19:05:57:00,534;3;114;99.8;129.2;130.0;0.55;52;48;13.7;13.9;9.6;13339;111;0;0;256
2022:08:19:05:58:00,962;3;111;96.6;129.7;130.3;0.52;25;38;13.7;13.7;9.6;13339;111;0;0;256
2022:08:19:05:59:01,031;3;128;111.3;129.7;130.1;0.56;36;41;13.6;13.5;9.6;13339;111;8;0;256
2022:08:19:06:00:01,059;4;173;151.9;129.7;130.6;0.65;116;121;13.5;13.8;9.6;13339;111;8;0;256
2022:08:19:06:01:01,028;3;122;107.4;130.6;131.7;0.57;32;33;13.6;13.4;9.6;13339;111;8;0;256
2022:08:19:06:02:01,117;3;138;121.3;130.8;131.5;0.56;51;57;13.6;13.5;9.6;13339;111;8;0;256
2022:08:19:06:03:01,165;3;115;101.0;130.4;130.9;0.55;24;23;13.6;13.6;9.6;13339;111;8;0;256
2022:08:19:06:04:01,394;4;176;154.4;131.0;131.9;0.69;129;129;13.5;13.4;9.7;13339;111;0;0;256
2022:08:19:06:05:00,642;9;318;258.7;132.8;136.8;7.37;1671;1677;13.6;14.2;9.7;13339;111;0;0;256
2022:08:19:06:06:11,532;6;209;176.9;131.2;132.9;2.15;478;484;14.4;14.7;9.7;13339;111;0;0;256
2022:08:19:06:07:03,119;5;185;158.2;130.8;132.8;1.49;329;324;14.3;14.5;9.7;13339;111;0;0;256
2022:08:19:06:08:01,488;4;152;130.6;131.2;132.1;0.84;172;173;14.1;14.1;9.7;13339;111;0;0;256
2022:08:19:06:09:01,537;4;141;122.0;131.0;131.9;0.72;139;140;14.0;14.0;9.6;13339;111;0;0;256
2022:08:19:06:10:00,085;5;175;150.2;130.8;132.3;1.21;264;276;13.8;14.2;9.6;13339;111;0;0;256
2022:08:19:06:11:00,154;5;175;151.3;131.0;132.6;1.26;273;276;13.8;14.0;9.6;13339;111;0;0;256
2022:08:19:06:12:00,282;4;121;103.9;130.8;131.5;0.57;70;66;14.0;13.9;9.6;13339;111;0;0;256
2022:08:19:06:13:00,251;2;74;66.3;130.4;130.9;0.57;0;0;13.8;14.0;9.6;13339;111;8;0;256
2022:08:19:06:14:01,079;4;201;175.3;131.5;132.5;0.97;208;219;13.6;13.5;9.6;13339;111;0;0;256
2022:08:19:06:15:01,188;3;160;140.4;130.8;131.5;0.57;94;107;13.6;13.8;9.6;13339;111;0;0;256
2022:08:19:06:16:00,517;2;75;66.0;130.4;131.1;0.57;0;0;13.7;13.6;9.6;13339;111;8;0;256
2022:08:19:06:17:00,645;3;98;86.3;130.4;130.9;0.57;7;7;13.6;13.4;9.6;13339;111;8;0;256
2022:08:19:06:18:00,734;3;108;104.8;130.1;131.4;0.11;0;33;13.3;13.5;9.6;13339;111;1;0;0
2022:08:19:06:19:00,702;2;58;62.7;129.9;131.2;0.11;0;0;13.2;13.2;9.6;13339;111;1;0;0
2022:08:19:06:20:01,291;4;137;118.4;131.0;132.1;0.68;125;125;13.1;13.3;9.6;13339;111;0;0;256
2022:08:19:06:21:01,319;6;202;170.0;131.9;133.8;1.94;434;432;13.3;13.3;9.6;13339;111;0;0;256
2022:08:19:06:22:00,928;4;127;109.5;131.7;132.5;0.59;83;86;13.7;13.9;9.6;13339;111;0;0;256
2022:08:19:06:23:01,057;7;261;218.1;132.8;135.5;4.01;909;921;13.7;13.9;9.5;13339;111;0;0;256
2022:08:19:06:24:00,265;4;137;118.2;131.7;133.0;0.69;126;126;14.6;14.4;9.5;13339;111;0;0;256
2022:08:19:06:25:01,354;4;171;149.6;131.9;133.1;0.67;118;119;13.9;14.2;9.4;13339;111;8;0;256
2022:08:19:06:26:01,362;0;0;42.8;131.0;132.1;0.11;0;0;13.7;13.7;9.4;13339;111;1;0;0
2022:08:19:06:27:01,251;0;0;29.4;131.2;132.4;0.11;0;0;13.3;13.3;9.3;13339;111;1;0;0
2022:08:19:06:28:01,239;0;0;25.1;131.5;132.5;0.1;0;0;13.0;13.0;9.3;13339;111;1;0;0
2022:08:19:06:29:01,208;0;0;23.9;131.2;132.4;0.1;0;0;12.8;12.8;9.3;13339;111;1;0;0
2022:08:19:06:30:01,176;0;0;23.6;131.5;132.5;0.1;0;0;12.6;12.6;9.3;13339;111;1;0;0
2022:08:19:06:31:01,165;8;298;246.9;133.5;136.9;5.83;1330;1341;12.3;12.6;9.2;13339;111;0;0;256
2022:08:19:06:32:00,414;6;221;186.1;132.6;134.9;2.57;583;570;13.4;13.3;9.1;13339;111;0;0;256
2022:08:19:06:33:00,662;0;0;11.6;131.2;132.4;0.08;0;0;14.1;14.0;9.0;13341;52;3;4096;1024
2022:08:19:06:34:00,711;0;0;19.4;131.0;132.3;0.07;0;0;13.4;13.3;8.9;13341;52;3;4096;1024
2022:08:19:06:35:00,659;0;0;21.7;131.7;133.0;0.07;0;0;12.9;12.8;8.8;13341;52;3;4096;1024
2022:08:19:06:36:00,688;0;0;22.5;131.5;132.7;0.08;0;0;12.5;12.5;8.8;13341;52;3;4096;1024
2022:08:19:06:37:00,636;0;0;22.6;131.5;132.7;0.07;0;0;12.4;12.4;8.7;13341;52;3;4096;1024
2022:08:19:06:38:00,685;0;0;23.9;131.7;132.7;0.08;0;0;12.3;12.3;8.7;13341;52;1;4096;0
2022:08:19:06:39:00,694;1;23;24.9;131.5;132.7;0.08;0;0;12.3;12.2;8.7;13341;52;1;4096;0
2022:08:19:06:40:00,622;1;44;40.6;131.7;132.7;0.07;0;0;12.2;12.1;8.6;13341;52;1;4096;0
2022:08:19:06:41:00,611;4;123;107.0;131.9;133.1;0.53;63;75;12.1;11.9;8.7;13341;52;0;0;256
2022:08:19:06:42:01,379;4;119;103.3;131.9;133.3;0.6;75;63;12.4;12.5;8.7;13341;52;0;0;256
2022:08:19:06:43:03,388;6;205;174.5;132.8;134.7;1.94;437;455;12.5;12.7;8.6;13341;52;0;0;256
2022:08:19:06:44:00,977;2;76;66.7;131.9;132.8;0.58;0;0;13.0;13.0;8.6;13341;52;8;0;256
2022:08:19:06:45:00,325;6;228;192.3;132.6;134.7;2.74;619;620;12.8;13.0;8.6;13341;52;0;0;256
2022:08:19:06:46:01,234;4;130;111.7;131.9;133.1;0.6;94;98;12.9;12.8;8.6;13341;52;0;0;256
2022:08:19:06:47:00,282;6;229;193.3;132.4;134.9;2.81;634;638;12.9;13.2;8.6;13341;52;0;0;256
2022:08:19:06:48:00,371;6;213;179.5;132.1;134.2;2.22;497;504;12.8;13.0;8.6;13341;52;0;0;256
2022:08:19:06:49:00,339;3;119;103.1;131.7;132.7;0.52;54;63;13.2;12.9;8.5;13341;52;0;0;256
2022:08:19:06:50:00,788;4;127;110.3;131.7;132.7;0.59;88;89;12.9;13.0;8.5;13341;52;0;0;256
2022:08:19:06:51:00,876;6;206;173.6;132.4;134.4;2.06;464;461;12.5;12.8;8.5;13341;52;0;0;256
2022:08:19:06:52:00,905;6;200;169.6;132.1;134.2;1.86;417;420;12.7;12.5;8.5;13341;52;0;0;256
2022:08:19:06:53:00,834;6;199;167.7;131.9;133.6;1.82;406;414;13.0;13.2;8.5;13341;52;0;0;256
2022:08:19:06:54:00,922;6;209;176.8;132.1;134.2;2.16;485;484;13.3;13.5;8.5;13341;52;0;0;256
2022:08:19:06:55:00,951;3;114;99.1;131.5;132.7;0.53;41;48;13.4;13.0;8.5;13341;52;0;0;256
2022:08:19:06:56:01,019;4;137;118.8;131.9;133.1;0.67;122;122;12.9;13.1;8.5;13341;52;0;0;256
2022:08:19:06:57:01,068;3;96;85.2;131.7;132.5;0.57;15;15;12.7;12.9;8.5;13341;52;0;0;256
2022:08:19:06:58:01,196;4;139;119.6;131.7;132.7;0.69;128;130;12.5;12.5;8.5;13341;52;0;0;256
2022:08:19:06:59:00,045;3;99;86.4;131.7;132.7;0.56;15;17;12.5;12.2;8.5;13341;52;0;0;256
2022:08:19:07:00:01,094;2;63;57.4;131.2;132.4;0.58;0;0;12.5;12.6;8.5;13341;52;8;0;256
2022:08:19:07:01:01,182;8;299;245.7;133.3;136.7;6.0;1364;1363;12.4;12.8;8.5;13341;52;0;0;256
2022:08:19:07:02:01,231;3;94;82.1;131.7;132.7;0.57;13;11;13.6;13.3;8.5;13341;52;0;0;256
2022:08:19:07:03:01,379;3;98;85.4;131.2;132.4;0.56;15;16;13.1;13.2;8.4;13341;52;0;0;256
2022:08:19:07:04:01,448;6;225;189.5;132.1;134.7;2.62;590;593;13.3;13.5;8.4;13341;52;0;0;256
2022:08:19:07:05:00,696;2;83;75.6;131.2;132.7;0.57;0;3;13.5;13.2;8.4;13341;52;0;0;256
2022:08:19:07:06:00,725;6;227;191.3;132.1;134.7;2.7;608;616;13.2;13.2;8.4;13341;52;0;0;256
2022:08:19:07:07:00,814;2;75;66.3;131.0;131.9;0.57;0;0;13.5;13.5;8.3;13341;52;8;0;256
2022:08:19:07:08:00,882;4;130;112.3;131.2;131.9;0.58;77;73;13.0;12.9;8.3;13341;52;0;0;256
2022:08:19:07:09:00,111;6;201;169.8;131.5;133.2;1.92;426;425;12.7;12.6;8.3;13341;52;0;0;256
2022:08:19:07:10:03,439;6;202;171.6;131.7;133.3;1.93;430;441;12.8;12.9;8.3;13341;52;0;0;256
2022:08:19:07:11:00,788;3;101;88.3;131.0;132.1;0.59;30;20;12.8;12.8;8.2;13341;52;0;0;256
2022:08:19:07:12:01,456;5;243;211.1;131.7;133.5;1.95;435;449;12.4;12.3;8.2;13341;52;0;0;256
2022:08:19:07:13:00,045;7;257;214.8;131.9;134.9;3.88;872;882;13.4;13.6;8.2;13341;52;0;0;256
2022:08:19:07:14:00,854;7;239;200.3;131.9;134.6;3.22;727;720;13.5;13.7;8.2;13341;52;0;0;256
2022:08:19:07:15:01,322;5;191;164.2;131.2;132.9;1.57;347;351;13.9;13.8;8.2;13341;52;0;0;256
2022:08:19:07:16:00,351;5;160;136.6;131.2;132.7;0.97;205;210;13.4;13.3;8.2;13341;52;0;0;256
2022:08:19:07:17:00,399;3;110;95.5;131.2;132.1;0.55;35;36;13.0;13.1;8.2;13341;52;0;0;256
2022:08:19:07:18:01,233;4;151;130.7;131.5;132.9;0.86;178;179;12.7;12.8;8.2;13341;52;0;0;256
2022:08:19:07:19:00,506;2;74;67.8;131.0;132.3;0.58;0;0;12.6;12.4;8.2;13341;52;8;0;256
2022:08:19:07:20:00,501;3;106;92.7;131.2;132.4;0.55;29;27;12.3;12.1;8.2;13341;52;0;0;256
2022:08:19:07:21:00,576;3;96;84.4;131.0;132.3;0.57;3;6;12.3;12.3;8.2;13341;52;8;0;256
2022:08:19:07:22:00,530;4;129;111.7;131.0;132.3;0.6;90;91;12.1;12.2;8.3;13341;52;0;0;256
2022:08:19:07:23:01,421;5;173;149.6;131.7;133.3;1.23;266;265;12.2;12.1;8.3;13341;52;0;0;256
2022:08:19:07:24:00,709;3;110;96.3;131.2;132.1;0.55;36;36;12.4;12.5;8.2;13341;52;0;0;256
2022:08:19:07:25:00,197;2;72;67.3;131.0;132.1;0.57;0;0;12.4;12.5;8.2;13341;52;8;0;256
2022:08:19:07:26:00,246;4;181;158.5;131.5;132.5;0.71;134;138;12.2;12.2;8.3;13341;52;8;0;256
2022:08:19:07:27:00,295;4;167;144.6;131.7;132.7;0.97;205;208;12.3;12.1;8.3;13341;52;0;0;256
2022:08:19:07:28:00,364;3;95;83.6;131.0;131.9;0.57;9;10;12.3;12.4;8.2;13341;52;0;0;256
2022:08:19:07:29:00,432;5;203;177.4;131.5;132.9;1.13;245;246;12.1;12.2;8.2;13341;52;0;0;256
2022:08:19:07:30:00,661;4;149;128.8;131.5;132.7;0.8;163;165;12.3;12.1;8.2;13341;52;0;0;256
2022:08:19:07:31:00,749;4;125;108.6;131.0;132.6;0.58;78;79;12.3;12.3;8.2;13341;52;0;0;256
2022:08:19:07:32:00,798;4;126;109.7;131.0;132.3;0.58;82;79;12.2;12.2;8.2;13341;52;0;0;256
2022:08:19:07:33:01,206;2;66;57.0;130.8;132.1;0.59;8;0;12.2;11.8;8.2;13341;52;8;0;256
2022:08:19:07:34:01,235;5;205;178.4;131.7;133.3;1.35;298;302;12.0;12.2;8.2;13341;52;0;0;256
2022:08:19:07:35:01,323;4;137;117.6;130.8;131.7;0.65;112;115;12.2;12.3;8.2;13341;52;0;0;256
2022:08:19:07:36:01,312;4;134;116.4;131.2;131.9;0.65;108;106;12.2;11.9;8.2;13341;52;0;0;256
2022:08:19:07:37:00,601;4;148;127.9;131.2;132.4;0.77;152;154;12.1;11.9;8.2;13341;52;0;0;256
2022:08:19:07:38:01,329;3;110;96.5;130.6;131.2;0.55;32;34;12.1;12.3;8.1;13341;52;0;0;256
2022:08:19:07:39:01,418;3;113;100.9;131.0;132.1;0.56;20;20;12.0;11.9;8.2;13341;52;8;0;256
2022:08:19:07:40:00,065;3;88;78.2;130.8;132.1;0.57;0;2;12.0;11.7;8.2;13341;52;8;0;256
2022:08:19:07:41:00,214;3;110;96.5;130.8;131.7;0.56;31;34;11.9;11.8;8.1;13341;52;0;0;256
2022:08:19:07:42:00,302;3;87;77.5;130.8;131.3;0.57;4;5;11.9;12.0;8.2;13341;52;0;0;256
2022:08:19:07:43:00,391;3;121;106.4;130.8;131.5;0.59;45;31;11.9;11.7;8.1;13341;52;8;0;256
2022:08:19:07:44:00,501;4;174;153.2;131.0;132.3;0.67;120;123;11.9;11.7;8.2;13341;52;8;0;256
2022:08:19:07:45:00,589;2;50;51.4;130.6;131.7;0.11;0;0;12.0;12.0;8.2;13341;52;1;0;0
2022:08:19:07:46:00,317;1;26;45.5;130.4;131.4;0.12;0;0;11.7;11.7;8.2;13341;52;1;0;0
2022:08:19:07:47:00,365;1;19;34.0;130.4;131.9;0.12;0;0;11.6;11.6;8.2;13341;52;1;0;0
2022:08:19:07:48:00,995;1;28;31.5;130.4;131.4;0.11;0;0;11.4;11.4;8.1;13341;52;1;0;0
2022:08:19:07:49:00,442;5;190;163.6;131.2;132.9;1.56;345;350;11.1;11.4;8.2;13341;52;0;0;256
2022:08:19:07:50:00,732;3;108;93.2;132.1;133.4;0.56;50;34;11.5;11.2;8.2;13341;52;0;0;256
2022:08:19:07:51:00,781;3;113;98.1;131.7;133.0;0.55;44;45;11.7;11.7;8.1;13341;52;0;0;256
2022:08:19:07:52:00,809;2;61;57.9;131.5;133.2;0.12;0;0;11.7;11.7;8.1;13341;52;1;0;0
2022:08:19:07:53:01,098;3;94;88.3;131.5;132.9;0.11;0;11;11.4;11.5;8.1;13341;52;1;0;0
2022:08:19:07:54:01,346;3;113;99.5;131.9;133.1;0.56;46;45;11.6;11.5;8.1;13341;52;0;0;256
2022:08:19:07:55:00,975;4;130;113.2;132.1;133.6;0.61;95;98;11.7;11.9;8.2;13341;52;0;0;256
2022:08:19:07:56:01,143;3;132;116.8;132.1;133.4;0.56;45;48;11.7;11.7;8.1;13341;52;8;0;256
2022:08:19:07:57:01,292;3;143;125.1;131.9;133.1;0.57;64;65;11.8;11.5;8.2;13341;52;8;0;256
2022:08:19:07:58:01,461;3;88;82.0;131.7;132.7;0.58;0;2;11.8;11.9;8.2;13341;52;8;0;256
2022:08:19:07:59:01,489;3;96;88.2;131.5;132.1;0.58;10;6;11.8;11.9;8.2;13341;52;8;0;256
2022:08:19:08:00:00,157;1;48;49.2;131.2;132.9;0.11;0;0;11.8;11.7;8.2;13341;52;1;0;0
2022:08:19:08:01:01,126;1;27;39.5;131.2;132.4;0.11;0;0;11.5;11.5;8.2;13341;52;1;0;0
2022:08:19:08:02:00,114;0;0;31.1;131.2;132.4;0.12;0;0;11.4;11.4;8.2;13341;52;1;0;0
2022:08:19:08:03:00,462;0;0;25.7;131.0;132.3;0.11;0;0;11.3;11.3;8.2;13341;52;1;0;0
2022:08:19:08:04:00,051;0;0;23.9;131.2;132.7;0.1;0;0;11.2;11.2;8.2;13341;52;1;0;0
2022:08:19:08:05:00,600;0;0;23.9;131.0;132.6;0.11;0;0;11.2;11.1;8.2;13341;52;1;0;0
2022:08:19:08:06:01,049;0;0;23.4;131.0;132.9;0.11;0;0;11.1;11.1;8.2;13341;52;1;0;0
2022:08:19:08:07:01,638;0;0;23.4;130.8;132.5;0.11;0;0;11.1;11.1;8.2;13341;52;1;0;0
2022:08:19:08:08:00,045;0;0;23.4;131.0;131.9;0.12;0;0;11.1;11.1;8.2;13341;52;1;0;0
2022:08:19:08:09:00,254;0;0;26.0;131.2;132.7;0.12;0;0;11.1;11.1;8.2;13341;52;1;0;0
2022:08:19:08:10:00,262;0;0;25.7;131.0;132.1;0.11;0;0;11.1;11.0;8.2;13341;52;1;0;0
2022:08:19:08:11:00,271;1;33;32.0;131.0;132.1;0.11;0;0;11.0;11.0;8.2;13341;52;1;0;0
2022:08:19:08:12:00,280;1;30;34.3;131.0;132.3;0.1;0;0;11.0;11.0;8.1;13341;52;1;0;0
2022:08:19:08:13:00,829;5;165;142.6;131.2;132.9;1.05;224;231;10.8;10.6;8.2;13341;52;0;0;256
2022:08:19:08:14:00,878;4;135;117.2;131.5;132.7;0.65;115;117;11.2;11.3;8.2;13341;52;0;0;256
2022:08:19:08:15:01,126;2;74;68.4;130.8;131.7;0.57;0;0;11.4;11.5;8.1;13341;52;8;0;256
2022:08:19:08:16:01,155;3;82;72.6;131.0;132.3;0.56;3;1;11.5;11.2;8.2;13341;52;8;0;256
2022:08:19:08:17:01,463;3;102;96.0;131.0;132.1;0.12;0;21;11.3;11.4;8.1;13341;52;1;0;0
2022:08:19:08:18:00,031;3;121;105.5;131.2;132.4;0.57;68;69;11.5;11.5;8.2;13341;52;0;0;256
2022:08:19:08:19:00,020;3;100;87.5;131.0;132.1;0.55;18;17;11.5;11.6;8.1;13341;52;0;0;256
2022:08:19:08:20:00,068;2;63;64.0;130.8;132.1;0.12;0;0;11.4;11.4;8.1;13341;52;1;0;0
2022:08:19:08:21:01,238;1;37;50.6;130.8;132.3;0.11;0;0;11.3;11.3;8.1;13341;52;1;0;0
2022:08:19:08:22:01,146;2;76;71.7;130.4;131.9;0.12;0;1;11.2;11.2;8.1;13341;52;1;0;0
2022:08:19:08:23:01,175;2;76;93.4;131.0;131.9;0.12;0;1;11.1;11.1;8.1;13341;52;1;0;0
2022:08:19:08:24:01,543;2;77;73.0;130.4;132.1;0.11;0;1;11.1;11.1;8.2;13341;52;1;0;0
2022:08:19:08:25:00,671;4;141;121.7;131.5;132.7;0.72;141;137;11.2;11.0;8.2;13341;52;0;0;256
2022:08:19:08:26:00,761;3;99;87.6;131.0;132.1;0.55;15;17;11.4;11.5;8.2;13341;52;0;0;256
2022:08:19:08:27:00,816;1;41;48.0;130.6;131.7;0.11;0;0;11.4;11.4;8.2;13341;52;1;0;0
2022:08:19:08:28:00,831;1;37;51.3;130.6;131.9;0.11;0;0;11.2;11.2;8.2;13341;52;1;0;0
2022:08:19:08:29:00,845;0;0;33.9;130.4;131.4;0.12;0;0;11.1;11.1;8.2;13341;52;1;0;0
2022:08:19:08:30:00,740;0;0;26.2;130.4;131.7;0.11;0;0;11.1;11.1;8.2;13341;52;1;0;0
2022:08:19:08:31:00,732;0;0;23.9;130.4;131.9;0.11;0;0;11.1;11.0;8.3;13341;52;1;0;0
2022:08:19:08:32:00,761;1;35;32.6;130.1;131.8;0.11;0;0;11.0;11.0;8.3;13341;52;1;0;0
2022:08:19:08:33:00,569;5;181;155.3;131.5;133.2;1.36;297;304;11.0;10.8;8.3;13341;52;0;0;256
2022:08:19:08:34:01,199;3;120;105.0;130.8;132.3;0.56;64;66;11.3;11.4;8.3;13341;52;0;0;256
2022:08:19:08:35:01,228;3;121;105.7;131.0;132.3;0.56;68;69;11.4;11.6;8.2;13341;52;0;0;256
2022:08:19:08:36:01,416;4;121;105.4;131.0;131.9;0.58;76;75;11.5;11.3;8.2;13341;52;0;0;256
2022:08:19:08:37:01,485;5;225;193.1;131.2;134.0;1.86;413;415;11.3;11.3;8.2;13341;52;0;0;256
2022:08:19:08:38:00,192;4;122;105.6;130.6;132.5;0.57;73;72;11.8;11.7;8.2;13341;52;0;0;256
2022:08:19:08:39:00,341;4;127;110.5;130.8;132.1;0.59;91;91;11.7;11.9;8.2;13341;52;0;0;256
2022:08:19:08:40:01,231;6;201;170.9;131.0;133.4;1.93;429;434;11.5;11.5;8.2;13341;52;0;0;256
2022:08:19:08:41:01,018;4;126;109.2;130.8;132.5;0.59;88;89;11.9;11.7;8.2;13341;52;0;0;256
2022:08:19:08:42:01,087;3;96;84.0;130.4;131.4;0.56;9;12;11.9;12.0;8.2;13341;52;0;0;256
2022:08:19:08:43:01,196;2;72;67.7;130.4;131.7;0.12;0;0;11.7;11.7;8.2;13341;52;1;0;0
2022:08:19:08:44:01,465;3;95;89.7;130.1;131.4;0.12;0;12;11.4;11.4;8.2;13341;52;1;0;0
2022:08:19:08:45:01,553;3;133;118.5;130.8;132.1;0.55;47;50;11.3;11.2;8.2;13341;52;8;0;256
2022:08:19:08:46:00,041;3;120;106.8;130.6;131.7;0.55;31;30;11.4;11.2;8.3;13341;52;8;0;256
2022:08:19:08:47:00,729;2;57;53.2;130.4;131.9;0.11;0;0;11.5;11.4;8.3;13341;52;1;0;0
2022:08:19:08:48:00,738;6;219;186.2;131.2;133.4;2.45;546;551;11.9;12.0;8.3;13341;52;0;0;256
2022:08:19:08:49:00,507;8;260;217.7;131.9;135.2;4.1;925;908;12.0;11.9;8.3;13341;52;0;0;256
2022:08:19:08:50:01,356;5;163;138.6;131.0;132.3;1.03;219;224;12.3;12.3;8.3;13341;52;0;0;256
2022:08:19:08:51:00,224;3;119;105.1;130.8;132.3;0.56;60;63;12.2;12.4;8.3;13341;52;0;0;256
2022:08:19:08:52:00,352;5;179;152.7;130.8;132.5;1.37;300;294;12.1;12.1;8.3;13341;52;0;0;256
2022:08:19:08:53:00,301;4;157;137.0;130.8;132.5;0.91;188;197;12.0;11.8;8.3;13341;52;0;0;256
2022:08:19:08:54:00,349;5;173;149.3;131.0;133.1;1.21;264;265;12.5;12.7;8.3;13341;52;0;0;256
2022:08:19:08:55:01,118;5;165;140.9;131.0;132.9;1.07;229;231;12.3;12.4;8.3;13341;52;0;0;256
2022:08:19:08:56:01,227;3;118;103.9;130.6;131.7;0.55;56;60;12.2;12.0;8.3;13341;52;0;0;256
2022:08:19:08:57:01,295;3;117;102.1;130.6;131.7;0.55;58;60;12.1;12.0;8.3;13341;52;0;0;256
2022:08:19:08:58:00,024;2;51;63.6;130.4;131.7;0.13;0;0;11.9;12.0;8.3;13341;52;1;0;0
2022:08:19:08:59:01,533;3;103;90.0;130.6;131.5;0.56;25;23;11.6;11.7;8.3;13341;52;0;0;256
2022:08:19:09:00:02,582;4;120;104.4;130.6;131.7;0.56;68;66;11.7;11.5;8.4;13341;52;0;0;256
2022:08:19:09:01:01,109;2;59;56.1;130.1;131.4;0.11;0;0;11.8;11.9;8.3;13341;52;1;0;0
2022:08:19:09:02:00,418;5;188;159.3;131.0;132.6;1.52;335;336;11.5;11.8;8.4;13341;52;0;0;256
2022:08:19:09:03:00,307;6;224;189.5;131.2;133.7;2.61;583;596;11.7;12.0;8.4;13341;52;0;0;256
2022:08:19:09:04:00,995;4;123;106.5;130.1;131.2;0.57;73;75;12.0;11.7;8.4;13341;52;0;0;256
2022:08:19:09:05:01,485;3;105;92.7;130.1;131.4;0.55;23;27;12.0;12.1;8.4;13341;52;0;0;256
2022:08:19:09:06:01,132;6;209;177.2;130.6;133.0;2.2;489;488;12.0;12.4;8.4;13341;52;0;0;256
2022:08:19:09:07:00,081;4;123;107.0;131.7;133.0;0.58;73;75;12.3;12.3;8.4;13341;52;0;0;256
2022:08:19:09:08:01,389;4;141;120.7;131.5;132.7;0.72;136;137;12.2;12.1;8.4;13341;52;0;0;256
2022:08:19:09:09:00,118;3;101;89.2;131.5;132.7;0.57;12;9;12.1;12.1;8.4;13341;52;8;0;256
2022:08:19:09:10:00,627;3;131;114.8;131.5;132.5;0.55;45;46;12.0;12.2;8.4;13341;52;8;0;256
2022:08:19:09:11:01,495;4;165;145.1;131.5;132.7;0.61;103;105;12.0;11.8;8.5;13341;52;8;0;256
2022:08:19:09:12:01,104;3;141;123.5;131.5;132.9;0.59;84;88;12.1;12.0;8.5;13341;52;0;0;256
2022:08:19:09:13:00,132;3;109;96.7;131.2;132.1;0.52;9;22;12.1;12.2;8.5;13341;52;0;0;256
2022:08:19:09:14:01,001;2;80;69.0;131.2;132.4;0.56;3;1;12.1;12.0;8.5;13341;52;8;0;256
2022:08:19:09:15:01,029;3;87;78.6;131.2;132.1;0.57;0;2;12.1;11.7;8.6;13341;52;8;0;256
2022:08:19:09:16:00,798;3;134;117.6;131.5;132.9;0.56;49;51;12.1;12.0;8.6;13341;52;8;0;256
2022:08:19:09:17:00,007;4;175;153.3;131.5;132.9;0.67;122;123;12.0;12.2;8.7;13341;52;8;0;256
2022:08:19:09:18:00,775;3;104;93.7;131.5;132.7;0.55;8;10;12.1;11.9;8.7;13341;52;8;0;256
2022:08:19:09:19:00,904;3;116;102.8;131.7;132.5;0.57;25;24;12.1;11.9;8.7;13341;52;8;0;256
2022:08:19:09:20:01,392;5;170;147.8;132.4;133.8;1.05;226;229;12.1;12.4;8.7;13341;52;0;0;256
2022:08:19:09:21:00,121;3;99;87.6;131.7;132.7;0.59;28;17;12.3;12.3;8.7;13341;52;0;0;256
2022:08:19:09:22:00,169;6;217;183.7;132.8;135.3;2.35;530;533;12.3;12.2;8.7;13341;52;0;0;256
2022:08:19:09:23:00,058;3;94;83.0;131.7;132.7;0.57;8;11;12.4;12.5;8.6;13341;52;0;0;256
2022:08:19:09:24:00,266;3;102;88.5;131.9;133.1;0.56;20;21;12.3;12.3;8.6;13341;52;0;0;256
2022:08:19:09:25:00,275;4;131;117.1;131.9;133.6;0.1;0;103;12.0;12.0;8.6;13341;52;0;0;0
2022:08:19:09:26:00,144;4;135;115.6;132.4;133.6;0.66;115;117;12.0;12.0;8.6;13341;52;0;0;256
2022:08:19:09:27:01,292;4;128;111.3;132.1;133.9;0.59;86;89;12.0;12.0;8.6;13341;52;0;0;256
2022:08:19:09:28:01,401;4;126;110.5;132.4;133.6;0.59;87;86;12.0;11.8;8.6;13341;52;0;0;256
2022:08:19:09:29:00,029;3;107;93.0;132.4;133.2;0.56;30;31;12.1;11.8;8.6;13341;52;0;0;256
2022:08:19:09:30:00,318;3;158;139.1;132.4;133.6;0.59;88;89;12.0;12.3;8.6;13341;52;8;0;256
2022:08:19:09:31:00,346;3;109;96.7;132.1;133.1;0.55;18;15;12.0;11.9;8.6;13341;52;8;0;256
2022:08:19:09:32:00,895;3;156;138.1;132.1;133.4;0.59;85;88;12.0;11.8;8.6;13341;52;8;0;256
2022:08:19:09:33:00,124;3;118;103.0;132.4;133.2;0.56;44;45;12.1;12.1;8.6;13341;52;0;0;256
2022:08:19:09:34:00,252;3;108;94.5;132.1;132.9;0.56;25;24;12.1;12.1;8.6;13341;52;0;0;256
2022:08:19:09:35:00,367;3;114;100.2;132.1;133.1;0.56;34;35;12.0;11.7;8.6;13341;52;0;0;256
2022:08:19:09:36:00,121;4;164;142.7;132.1;133.9;0.8;163;168;12.0;11.9;8.6;13341;52;0;0;256
2022:08:19:09:37:00,316;3;92;81.4;131.9;133.3;0.56;8;8;12.2;12.4;8.6;13341;52;0;0;256
2022:08:19:09:38:00,390;3;135;118.2;132.1;133.6;0.55;53;53;12.1;11.8;8.6;13341;52;8;0;256
2022:08:19:09:39:00,225;3;118;104.4;131.9;133.3;0.55;28;27;12.0;11.8;8.5;13341;52;8;0;256
2022:08:19:09:40:00,334;4;178;156.6;132.4;133.8;0.69;129;131;11.9;12.0;8.6;13341;52;8;0;256
2022:08:19:09:41:00,422;5;187;163.2;132.6;134.2;1.26;280;287;12.0;11.9;8.6;13341;52;0;0;256
2022:08:19:09:42:01,191;3;111;97.1;131.9;133.3;0.56;38;38;12.2;12.0;8.5;13341;52;0;0;256
2022:08:19:09:43:01,259;3;104;90.7;131.7;133.0;0.56;23;25;12.1;12.3;8.5;13341;52;0;0;256
2022:08:19:09:44:01,408;1;46;47.6;131.5;132.7;0.1;0;0;11.9;11.9;8.4;13341;52;1;0;0
2022:08:19:09:45:01,216;3;115;100.3;131.7;132.7;0.56;54;51;11.7;11.3;8.5;13341;52;0;0;256
2022:08:19:09:46:01,445;4;155;134.4;132.4;133.8;0.88;183;190;11.7;11.8;8.5;13341;52;0;0;256
2022:08:19:09:47:00,414;3;116;101.0;131.9;133.3;0.56;56;57;11.8;12.1;8.5;13341;52;0;0;256
2022:08:19:09:48:00,442;3;107;94.5;131.9;133.3;0.55;33;33;11.7;11.7;8.4;13341;52;0;0;256
2022:08:19:09:49:01,311;2;57;53.2;131.9;133.1;0.12;0;0;11.7;11.7;8.4;13341;52;1;0;0
2022:08:19:09:50:01,359;2;79;71.3;131.9;133.3;0.58;0;0;11.6;11.7;8.5;13341;52;8;0;256
2022:08:19:09:51:00,328;4;145;124.5;131.9;133.6;0.77;151;153;11.5;11.8;8.5;13341;52;0;0;256
2022:08:19:09:52:00,696;2;80;72.8;131.9;133.1;0.55;0;1;11.7;11.5;8.5;13341;52;8;0;256
2022:08:19:09:53:00,765;4;132;114.8;132.4;133.8;0.62;105;106;11.6;11.5;8.5;13341;52;0;0;256
2022:08:19:09:54:00,954;4;148;129.5;132.4;134.1;0.8;161;166;11.9;12.1;8.5;13341;52;0;0;256
2022:08:19:09:55:00,522;5;161;138.7;132.1;134.2;0.97;207;210;12.3;12.1;8.5;13341;52;0;0;256
2022:08:19:09:56:00,911;3;120;104.7;132.1;133.4;0.57;66;66;12.3;12.4;8.5;13341;52;0;0;256
2022:08:19:09:57:00,099;1;33;50.8;131.5;133.2;0.12;0;0;12.1;12.1;8.5;13341;52;1;0;0
2022:08:19:09:58:01,408;1;45;42.4;131.7;132.7;0.12;0;0;11.7;11.8;8.5;13341;52;1;0;0
2022:08:19:09:59:01,436;3;89;78.1;131.9;133.1;0.57;8;6;11.5;11.4;8.5;13341;52;0;0;256
2022:08:19:10:00:01,485;3;117;103.1;131.7;133.0;0.56;26;26;11.6;11.8;8.5;13341;52;8;0;256
2022:08:19:10:01:01,493;3;153;134.3;131.9;133.3;0.58;80;81;11.7;11.7;8.6;13341;52;8;0;256
2022:08:19:10:02:01,542;3;107;95.5;131.7;132.7;0.56;12;14;11.9;11.6;8.6;13341;52;8;0;256
2022:08:19:10:03:00,011;3;94;83.2;131.9;132.8;0.58;4;5;11.9;11.8;8.6;13341;52;8;0;256
2022:08:19:10:04:12,602;3;140;122.9;132.1;133.4;0.56;59;60;11.9;11.9;8.6;13341;52;8;0;256
2022:08:19:10:05:00,948;3;145;127.7;131.9;133.1;0.57;67;69;11.9;11.6;8.5;13341;52;8;0;256
2022:08:19:10:06:00,976;4;153;130.1;132.4;133.8;0.87;182;182;12.0;12.1;8.5;13341;52;0;0;256
2022:08:19:10:07:00,205;4;157;136.6;132.1;133.9;0.94;196;197;12.0;12.1;8.5;13341;52;0;0;256
2022:08:19:10:08:00,314;3;93;82.2;131.7;132.7;0.56;9;10;12.1;11.9;8.4;13341;52;0;0;256
2022:08:19:10:09:00,302;6;198;168.9;132.4;134.6;1.77;397;408;12.3;12.4;8.4;13341;52;0;0;256
2022:08:19:10:10:00,291;4;132;114.3;131.7;132.7;0.61;102;106;12.3;12.5;8.4;13341;52;0;0;256
2022:08:19:10:11:01,459;6;218;183.5;132.1;134.4;2.41;543;543;12.0;11.9;8.3;13341;52;0;0;256
2022:08:19:10:12:01,128;4;152;131.3;131.7;133.3;0.86;178;179;12.5;12.5;8.3;13341;52;0;0;256
2022:08:19:10:13:01,116;6;213;180.0;132.4;134.4;2.23;501;512;12.3;12.7;8.3;13341;52;0;0;256
2022:08:19:10:14:00,585;4;154;131.9;131.7;133.3;0.94;195;185;12.4;12.4;8.2;13341;52;0;0;256
2022:08:19:10:15:01,393;3;103;89.2;131.9;132.5;0.55;22;23;12.2;12.0;8.2;13341;52;0;0;256
2022:08:19:10:16:00,062;6;220;185.8;132.4;134.6;2.49;560;564;12.0;12.1;8.2;13341;52;0;0;256
2022:08:19:10:17:00,811;2;53;53.9;131.0;132.6;0.12;0;0;12.2;12.2;8.2;13341;52;1;0;0
2022:08:19:10:18:00,139;6;233;195.0;132.6;134.9;2.99;674;673;11.5;11.7;8.2;13341;52;0;0;256
2022:08:19:10:19:00,548;5;183;155.8;131.7;133.8;1.45;319;312;12.0;12.0;8.2;13341;52;0;0;256
2022:08:19:10:20:00,616;3;143;125.5;131.5;132.9;0.56;60;64;12.0;12.1;8.2;13341;52;8;0;256
2022:08:19:10:21:00,665;5;163;137.5;132.1;133.9;1.04;223;224;11.9;11.9;8.2;13341;52;0;0;256
2022:08:19:10:22:00,813;6;221;187.3;132.6;134.9;2.55;576;569;12.0;12.0;8.2;13341;52;0;0;256
2022:08:19:10:23:00,702;5;172;149.7;131.9;133.3;1.18;257;262;12.3;12.5;8.2;13341;52;0;0;256
2022:08:19:10:24:01,491;6;223;188.1;132.4;135.1;2.56;579;587;12.1;12.1;8.2;13341;52;0;0;256
2022:08:19:10:25:00,059;5;189;160.8;132.4;134.1;1.54;341;343;12.2;12.1;8.2;13341;52;0;0;256
2022:08:19:10:26:00,108;7;236;197.9;132.8;135.7;3.12;710;697;12.1;12.2;8.2;13341;52;0;0;256
2022:08:19:10:27:00,216;5;191;163.9;132.1;134.4;1.56;347;349;12.1;12.4;8.2;13341;52;0;0;256
2022:08:19:10:28:00,345;3;112;97.1;131.9;133.1;0.55;40;42;12.2;12.2;8.3;13341;52;0;0;256
2022:08:19:10:29:00,413;4;147;127.6;131.9;133.6;0.81;165;164;12.0;11.8;8.3;13341;52;0;0;256
2022:08:19:10:30:00,802;6;211;178.7;132.4;135.1;2.17;489;497;11.9;12.2;8.3;13341;52;0;0;256
2022:08:19:10:31:00,051;3;119;104.3;131.7;133.0;0.56;58;63;12.4;12.6;8.3;13341;52;0;0;256
2022:08:19:10:32:00,619;3;96;85.2;131.7;133.0;0.56;16;13;12.4;12.1;8.3;13341;52;0;0;256
2022:08:19:10:33:00,668;4;132;113.4;131.5;133.2;0.62;102;103;12.2;12.3;8.3;13341;52;0;0;256
2022:08:19:10:34:00,596;4;125;108.8;131.5;133.2;0.58;82;82;12.3;12.5;8.4;13341;52;0;0;256
2022:08:19:10:35:01,025;7;234;196.9;132.4;134.9;2.96;670;679;12.1;12.1;8.4;13341;52;0;0;256
2022:08:19:10:36:01,053;4;134;115.8;131.7;133.3;0.66;116;117;12.5;12.7;8.4;13341;52;0;0;256
2022:08:19:10:37:00,282;3;112;97.8;131.7;133.0;0.56;46;42;12.5;12.7;8.4;13341;52;0;0;256
2022:08:19:10:38:00,411;8;277;229.4;133.0;135.9;4.77;1083;1084;12.1;12.3;8.4;13341;52;0;0;256
2022:08:19:10:39:01,879;6;213;180.9;132.1;134.4;2.23;502;509;13.0;13.3;8.5;13341;52;0;0;256
2022:08:19:10:40:00,428;5;169;142.7;131.9;133.8;1.14;247;247;12.9;13.3;8.5;13341;52;0;0;256
2022:08:19:10:41:01,196;5;184;155.7;132.1;134.2;1.44;320;321;12.9;12.9;8.5;13341;52;0;0;256
2022:08:19:10:42:01,245;4;155;132.2;131.9;133.8;0.89;187;190;12.8;12.9;8.5;13341;52;0;0;256
2022:08:19:10:43:01,419;6;193;163.4;132.1;134.4;1.68;377;370;13.1;13.5;8.5;13341;52;0;0;256
2022:08:19:10:44:01,554;4;144;124.4;131.9;133.3;0.76;148;153;13.0;12.9;8.5;13341;52;0;0;256
2022:08:19:10:45:00,949;3;105;91.7;131.5;132.7;0.56;28;27;12.8;12.7;8.5;13341;52;0;0;256
2022:08:19:10:46:00,963;3;125;110.5;131.5;132.7;0.53;33;37;12.5;12.8;8.5;13341;52;8;0;256
2022:08:19:10:47:00,218;7;241;202.1;132.1;134.7;3.25;735;743;12.8;13.2;8.6;13341;52;0;0;256
2022:08:19:10:48:00,786;5;188;159.8;131.9;133.8;1.54;341;340;13.1;13.1;8.6;13341;52;0;0;256
2022:08:19:10:49:01,075;5;160;137.4;131.5;133.5;0.97;207;207;12.9;13.1;8.6;13341;52;0;0;256
2022:08:19:10:50:00,343;4;133;115.9;131.2;132.7;0.64;108;113;12.9;13.2;8.6;13341;52;0;0;256
2022:08:19:10:51:00,412;4;130;112.6;131.5;133.2;0.61;97;98;12.8;12.6;8.6;13341;52;0;0;256
2022:08:19:10:52:00,421;4;124;106.9;131.7;132.7;0.58;80;78;12.8;13.0;8.6;13341;52;0;0;256
2022:08:19:10:53:01,229;3;111;97.8;131.5;132.7;0.55;36;38;12.7;12.8;8.6;13341;52;0;0;256
2022:08:19:10:54:00,678;5;175;150.9;132.1;134.2;1.25;275;276;12.6;12.5;8.7;13341;52;0;0;256
2022:08:19:10:55:00,266;2;70;60.5;131.5;132.9;0.57;0;0;12.7;12.7;8.6;13341;52;8;0;256
2022:08:19:10:56:00,475;4;157;134.4;132.1;133.6;0.94;196;201;12.7;13.0;8.7;13341;52;0;0;256
2022:08:19:10:57:01,283;3;89;83.1;131.0;132.6;0.55;0;3;12.6;12.5;8.6;13341;52;8;0;256
2022:08:19:10:58:00,212;4;163;143.5;131.7;133.3;0.61;100;101;12.5;12.6;8.7;13341;52;8;0;256
2022:08:19:10:59:15,243;3;142;123.9;131.7;133.0;0.57;64;64;12.5;12.6;8.6;13341;52;8;0;256
2022:08:19:11:00:00,509;4;184;162.5;131.9;133.3;0.74;144;148;12.4;12.4;8.7;13341;52;8;0;256
2022:08:19:11:01:00,598;5;189;162.5;132.1;134.2;1.55;345;345;12.5;12.7;8.6;13341;52;0;0;256
2022:08:19:11:02:01,306;3;106;93.1;131.5;132.5;0.55;28;30;12.5;12.3;8.5;13341;52;0;0;256
2022:08:19:11:03:01,415;3;105;92.9;131.5;132.7;0.55;25;27;12.4;12.2;8.5;13341;52;0;0;256
2022:08:19:11:04:01,463;7;265;222.2;133.0;136.1;4.2;955;963;12.4;12.7;8.5;13341;52;0;0;256
2022:08:19:11:05:00,112;4;126;109.3;131.7;132.5;0.58;82;86;12.9;12.9;8.5;13341;52;0;0;256
2022:08:19:11:06:00,320;6;201;169.9;131.9;134.1;1.97;441;426;13.0;13.0;8.4;13341;52;0;0;256
2022:08:19:11:07:00,389;4;131;114.8;131.7;133.0;0.6;96;103;13.1;13.4;8.4;13341;52;0;0;256
2022:08:19:11:08:01,118;6;221;186.2;132.1;135.2;2.52;569;572;12.7;12.8;8.4;13341;52;0;0;256
2022:08:19:11:09:00,246;5;197;168.2;131.9;134.1;1.78;400;408;12.7;12.8;8.4;13341;52;0;0;256
2022:08:19:11:10:01,055;4;133;115.5;131.5;132.5;0.64;110;113;13.0;13.3;8.4;13341;52;0;0;256
2022:08:19:11:11:01,443;3;159;140.2;131.5;132.1;0.59;92;94;12.6;12.6;8.4;13341;52;8;0;256
2022:08:19:11:12:01,532;4;188;165.5;131.9;132.8;0.78;154;157;12.4;12.5;8.4;13341;52;8;0;256
2022:08:19:11:13:00,320;8;274;227.8;133.0;136.1;4.61;1049;1052;12.3;12.6;8.4;13341;52;0;0;256
2022:08:19:11:14:00,529;5;152;130.3;131.7;132.7;0.88;183;179;12.8;12.9;8.4;13341;52;0;0;256
2022:08:19:11:15:00,118;6;214;181.5;132.1;134.2;2.3;516;519;12.8;12.7;8.4;13341;52;0;0;256
2022:08:19:11:16:00,006;3;86;75.6;131.5;132.5;0.57;4;5;12.8;13.0;8.4;13341;52;0;0;256
2022:08:19:11:17:01,055;4;181;157.6;131.5;133.2;0.71;136;138;12.5;12.6;8.5;13341;52;8;0;256
2022:08:19:11:18:01,123;7;260;216.5;132.6;135.5;4.06;919;914;12.4;12.4;8.5;13341;52;0;0;256
2022:08:19:11:19:01,172;4;143;122.2;131.2;132.9;0.75;144;144;12.8;13.1;8.6;13341;52;0;0;256
2022:08:19:11:20:00,460;3;89;78.1;130.8;131.7;0.57;6;6;12.7;12.9;8.6;13341;52;0;0;256
2022:08:19:11:21:00,489;3;103;92.4;131.2;132.4;0.56;10;11;12.6;12.4;8.6;13341;52;8;0;256
2022:08:19:11:22:00,538;1;32;49.5;131.0;132.6;0.09;0;0;12.5;12.6;8.6;13341;52;1;4096;0
2022:08:19:11:23:00,506;0;5;35.6;131.0;132.3;0.09;0;0;12.3;12.4;8.6;13341;52;1;4096;0
2022:08:19:11:24:00,555;1;30;34.7;130.8;132.3;0.08;0;0;12.1;12.2;8.7;13341;52;1;4096;0
2022:08:19:11:25:00,663;4;147;126.4;131.7;133.3;0.79;156;160;11.8;11.8;8.7;13341;52;0;0;256
2022:08:19:11:26:00,132;4;145;125.3;131.7;133.3;0.76;150;153;12.3;12.6;8.7;13341;52;0;0;256
2022:08:19:11:27:01,060;3;102;90.1;131.2;132.4;0.55;22;21;12.5;12.2;8.6;13341;52;0;0;256
2022:08:19:11:28:01,489;5;178;151.8;131.5;133.2;1.25;272;290;12.3;12.6;8.6;13341;52;0;0;256
2022:08:19:11:29:00,038;6;240;202.5;132.1;134.7;3.23;727;733;12.3;12.6;8.6;13341;52;0;0;256
2022:08:19:11:30:00,106;4;166;142.1;131.7;133.3;1.05;225;231;12.5;12.3;8.6;13341;52;0;0;256
2022:08:19:11:31:01,415;7;232;194.6;132.6;134.9;3.0;678;656;12.5;13.0;8.6;13341;52;0;0;256
2022:08:19:11:32:00,263;6;226;190.6;132.1;134.7;2.76;622;620;12.7;12.9;8.6;13341;52;0;0;256
2022:08:19:11:33:00,512;8;277;230.1;132.8;135.5;4.68;1059;1063;12.8;13.0;8.5;13341;52;0;0;256
2022:08:19:11:34:01,420;4;135;116.3;131.5;132.7;0.66;118;117;13.7;13.9;8.5;13341;52;0;0;256
2022:08:19:11:35:00,409;4;123;106.6;131.5;132.7;0.58;78;75;13.3;13.2;8.5;13341;52;0;0;256
2022:08:19:11:36:00,518;2;51;53.6;131.2;132.4;0.12;0;0;12.9;13.0;8.4;13341;52;1;0;0
2022:08:19:11:37:00,506;4;133;124.4;131.5;132.9;0.56;30;106;12.3;12.4;8.4;13341;52;0;0;256
2022:08:19:11:38:00,695;4;118;102.5;131.7;132.7;0.56;61;60;12.4;12.5;8.5;13341;52;0;0;256
2022:08:19:11:39:00,823;2;85;75.5;131.5;132.7;0.57;0;2;12.5;12.2;8.5;13341;52;8;0;256
2022:08:19:11:40:00,152;4;186;161.4;131.7;133.0;0.91;193;194;12.4;12.6;8.5;13341;52;0;0;256
2022:08:19:11:41:00,320;3;126;110.8;131.5;132.7;0.55;47;51;12.5;12.5;8.5;13341;52;0;0;256
2022:08:19:11:42:00,469;4;178;154.5;131.7;133.5;0.84;170;169;12.4;12.3;8.6;13341;52;0;0;256
2022:08:19:11:43:00,658;4;157;136.1;131.7;133.0;0.7;134;135;12.5;12.8;8.7;13341;52;0;0;256
2022:08:19:11:44:00,886;6;233;196.2;132.4;134.9;2.95;665;673;12.5;12.6;8.7;13341;52;0;0;256
2022:08:19:11:45:00,875;3;107;93.6;131.7;132.7;0.55;29;31;13.0;13.1;8.7;13341;52;0;0;256
2022:08:19:11:46:00,983;4;158;138.5;131.7;133.3;0.95;202;201;12.8;13.1;8.8;13341;52;0;0;256
2022:08:19:11:47:01,192;4;146;126.1;131.7;132.7;0.77;153;152;12.9;12.7;8.8;13341;52;0;0;256
2022:08:19:11:48:00,000;6;186;157.0;132.1;134.2;1.53;340;330;13.1;13.2;8.8;13341;52;0;0;256
2022:08:19:11:49:00,789;5;171;146.0;131.7;133.5;1.16;253;259;13.4;13.6;8.8;13341;52;0;0;256
2022:08:19:11:50:00,098;6;195;166.2;132.1;134.4;1.72;385;386;13.1;13.1;8.9;13341;52;0;0;256
2022:08:19:11:51:00,086;3;111;97.2;131.7;132.7;0.55;38;38;13.2;13.4;8.8;13341;52;0;0;256
2022:08:19:11:52:00,175;5;169;146.5;131.9;133.8;1.11;243;247;13.3;13.6;8.9;13341;52;0;0;256
2022:08:19:11:53:00,383;8;290;239.9;133.5;136.9;5.46;1247;1228;13.1;13.3;8.9;13341;52;0;0;256
2022:08:19:11:54:01,232;7;248;207.1;132.8;135.7;3.58;812;799;13.9;14.4;9.0;13341;52;0;0;256
2022:08:19:11:55:00,600;5;182;154.8;132.1;134.2;1.37;304;311;13.7;13.8;9.0;13341;52;0;0;256
2022:08:19:11:56:01,329;6;243;204.9;133.0;135.5;3.27;741;752;13.4;13.9;9.1;13341;52;0;0;256
2022:08:19:11:57:01,237;6;227;191.8;132.6;134.9;2.72;615;620;14.0;14.4;9.1;13341;52;0;0;256
2022:08:19:11:58:00,526;4;151;130.8;132.4;133.8;0.85;174;179;14.3;14.2;9.1;13341;52;0;0;256
2022:08:19:11:59:00,215;7;239;199.8;133.0;136.3;3.14;715;719;13.7;14.2;9.2;13341;52;0;0;256
2022:08:19:12:00:00,383;6;196;168.3;132.6;134.9;1.79;402;392;13.7;14.0;9.3;13341;52;0;0;256
2022:08:19:12:01:00,732;5;168;142.1;132.1;134.2;1.1;240;244;13.8;13.9;9.3;13341;52;0;0;256
2022:08:19:12:02:00,900;3;81;71.5;131.9;133.1;0.57;2;3;13.8;14.1;9.4;13341;52;0;0;256
2022:08:19:12:03:01,069;3;93;82.2;131.9;133.1;0.57;10;10;13.5;13.5;9.4;13341;52;0;0;256
2022:08:19:12:04:01,237;2;67;66.9;131.7;133.0;0.11;0;0;13.4;13.6;9.5;13341;52;1;0;0
2022:08:19:12:05:00,766;4;136;116.4;132.4;133.8;0.67;119;120;13.4;13.8;9.6;13341;52;0;0;256
2022:08:19:12:06:00,835;4;139;120.5;132.6;134.2;0.7;129;133;13.6;13.6;9.7;13341;52;0;0;256
2022:08:19:12:07:00,383;6;223;187.4;132.6;135.2;2.6;587;588;13.7;14.3;9.7;13341;52;0;0;256
2022:08:19:12:08:00,052;6;219;184.1;132.6;135.5;2.43;548;548;13.9;14.1;9.8;13341;52;0;0;256
2022:08:19:12:09:00,020;4;129;111.7;131.9;133.6;0.61;97;95;14.3;14.5;9.8;13341;52;0;0;256
2022:08:19:12:10:00,689;5;179;155.1;132.1;134.7;1.34;296;294;14.1;14.4;9.8;13341;52;0;0;256
2022:08:19:12:11:00,197;5;180;152.0;132.1;133.9;1.34;295;299;14.3;14.4;9.8;13341;52;0;0;256
2022:08:19:12:12:00,826;6;199;168.9;132.4;134.6;1.79;402;414;14.1;14.6;9.8;13341;52;0;0;256
2022:08:19:12:13:01,055;5;194;164.6;132.4;134.6;1.67;374;377;14.4;14.4;9.9;13341;52;0;0;256
2022:08:19:12:14:01,143;6;230;193.4;132.6;135.7;2.8;635;637;14.2;14.6;9.9;13341;52;0;0;256
2022:08:19:12:15:01,172;5;185;156.7;132.6;134.7;1.47;327;329;14.2;14.4;9.9;13341;52;0;0;256
2022:08:19:12:16:00,680;0;0;5.0;131.0;132.9;0.08;0;0;14.7;14.8;9.8;13343;52;3;4096;1024
2022:08:19:12:17:01,089;0;0;17.5;131.5;133.2;0.07;0;0;14.1;14.3;9.8;13343;52;3;4096;1024
2022:08:19:12:18:01,017;0;0;21.2;131.5;132.9;0.07;0;0;13.6;13.8;9.7;13343;52;3;4096;1024
2022:08:19:12:19:00,626;0;0;22.2;131.2;132.9;0.07;0;0;13.4;13.5;9.6;13343;52;3;4096;1024
2022:08:19:12:20:00,975;0;0;22.6;131.2;133.2;0.07;0;0;13.1;13.3;9.5;13343;52;3;4096;1024
2022:08:19:12:21:00,823;1;35;33.4;131.5;133.2;0.07;0;0;13.0;13.1;9.5;13343;52;1;4096;0
2022:08:19:12:22:00,392;5;190;163.2;132.1;133.9;1.59;355;351;13.1;13.5;9.5;13343;52;0;0;256
2022:08:19:12:23:00,580;4;151;129.2;132.4;133.8;0.82;166;167;13.6;13.6;9.5;13343;52;0;0;256
2022:08:19:12:24:00,749;3;109;94.6;132.1;133.1;0.56;30;33;13.6;13.8;9.5;13343;52;0;0;256
2022:08:19:12:25:00,777;4;188;162.9;132.6;134.2;1.04;223;228;13.6;13.7;9.6;13343;52;0;0;256
2022:08:19:12:26:00,726;5;161;137.1;132.4;133.8;1.03;218;217;13.9;14.0;9.6;13343;52;0;0;256
2022:08:19:12:27:00,835;5;177;153.4;132.6;134.4;1.25;274;283;13.8;14.1;9.6;13343;52;0;0;256
2022:08:19:12:28:01,383;6;214;179.5;132.8;134.7;2.25;509;513;13.9;14.0;9.7;13343;52;0;0;256
2022:08:19:12:29:01,472;9;311;254.8;134.2;138.0;6.77;1552;1528;14.1;14.7;9.7;13343;52;0;0;256
2022:08:19:12:30:01,360;4;143;122.8;132.6;134.2;0.74;142;140;14.7;14.6;9.7;13343;52;0;0;256
2022:08:19:12:31:00,749;3;83;74.8;131.9;133.3;0.58;1;3;14.7;14.9;9.7;13343;52;0;0;256
2022:08:19:12:32:00,057;4;122;105.8;132.1;133.1;0.53;62;72;14.8;15.2;9.8;13343;52;0;0;256
2022:08:19:12:33:00,266;4;162;141.8;132.4;133.8;0.69;128;136;14.5;14.4;9.8;13343;52;0;0;256
2022:08:19:12:34:00,435;3;137;120.1;132.4;133.6;0.53;60;75;14.3;14.5;9.8;13343;52;0;0;256
2022:08:19:12:35:00,683;3;88;77.4;132.1;133.1;0.57;4;3;14.2;14.2;9.9;13343;52;0;0;256
2022:08:19:12:36:01,232;3;111;105.1;131.7;133.0;0.11;0;38;14.0;14.2;9.9;13343;52;1;0;0
2022:08:19:12:37:01,520;3;93;81.2;131.9;133.1;0.57;10;10;13.9;14.2;10.0;13343;52;0;0;256
2022:08:19:12:38:00,449;3;101;92.9;131.7;132.7;0.55;7;9;13.9;13.8;10.0;13343;52;8;0;256
2022:08:19:12:39:00,197;0;0;9.8;131.2;132.7;0.07;0;0;14.6;14.6;10.0;13345;52;3;4096;1024
2022:08:19:12:40:00,346;0;0;18.9;131.2;133.2;0.07;0;0;14.0;14.2;9.9;13345;52;3;4096;1024
2022:08:19:12:41:00,555;0;0;21.6;131.7;133.3;0.07;0;0;13.7;13.8;9.9;13345;52;3;4096;1024
2022:08:19:12:42:00,623;0;0;22.5;131.7;133.5;0.07;0;0;13.5;13.6;9.8;13345;52;3;4096;1024
2022:08:19:12:43:01,452;0;0;22.6;131.5;133.2;0.07;0;0;13.3;13.4;9.7;13345;52;3;4096;1024
2022:08:19:12:44:00,040;3;98;92.4;131.5;133.2;0.08;0;16;13.0;13.2;9.7;13345;52;1;4096;0
2022:08:19:12:45:00,629;5;170;147.8;132.1;134.2;1.15;250;252;13.3;13.3;9.7;13345;52;0;0;256
2022:08:19:12:46:01,137;4;203;178.2;132.4;133.8;1.04;222;226;13.4;13.8;9.7;13345;52;0;0;256
2022:08:19:12:47:00,166;4;149;127.3;132.1;134.2;0.84;170;171;13.7;14.0;9.7;13345;52;0;0;256
2022:08:19:12:48:00,594;3;116;100.0;131.9;133.3;0.57;52;54;13.8;13.8;9.7;13345;52;0;0;256
2022:08:19:12:49:00,883;3;110;95.8;131.9;133.1;0.56;39;36;13.7;14.0;9.7;13345;52;0;0;256
2022:08:19:12:50:00,872;6;187;159.9;132.6;134.4;1.55;346;336;14.1;14.0;9.8;13345;52;0;0;256
2022:08:19:12:51:01,040;4;135;116.5;132.4;133.6;0.65;113;117;14.1;14.4;9.8;13345;52;0;0;256
2022:08:19:12:52:01,409;4;129;110.8;131.9;133.6;0.61;98;95;14.4;14.3;9.8;13345;52;0;0;256
2022:08:19:12:53:00,017;2;93;69.8;131.7;133.3;0.59;0;4;14.2;14.1;9.8;13345;52;8;0;256
2022:08:19:12:54:00,606;9;310;253.3;133.5;137.7;6.74;1538;1533;14.1;14.7;9.8;13345;52;0;0;256
2022:08:19:12:55:01,434;3;103;91.3;131.9;132.8;0.56;22;23;14.8;14.7;9.8;13345;52;0;0;256
2022:08:19:12:56:00,963;3;116;101.3;131.9;133.1;0.57;54;54;14.5;14.7;9.9;13345;52;0;0;256
2022:08:19:12:57:01,252;4;130;111.5;132.1;133.6;0.6;94;98;14.8;14.8;9.9;13345;52;0;0;256
2022:08:19:12:58:00,180;3;155;137.4;131.9;133.1;0.64;91;86;14.4;14.4;9.9;13345;52;8;0;256
2022:08:19:12:59:00,251;3;102;89.4;131.7;132.5;0.56;22;21;14.6;14.9;9.9;13345;52;0;0;256
2022:08:19:13:00:00,766;4;145;125.3;131.9;133.8;0.78;156;160;14.4;14.3;9.9;13345;52;0;0;256
2022:08:19:13:01:00,200;3;108;94.5;131.5;132.5;0.56;30;33;14.3;14.6;9.9;13345;52;0;0;256
2022:08:19:13:02:01,375;4;147;126.1;131.5;133.2;0.78;152;156;14.4;14.4;9.9;13345;52;0;0;256
2022:08:19:13:03:01,430;4;118;101.9;131.5;132.7;0.57;67;60;14.8;15.1;9.9;13345;52;0;0;256
2022:08:19:13:04:00,802;6;225;189.8;132.1;135.2;2.69;606;605;14.5;14.8;9.9;13345;52;0;0;256
2022:08:19:13:05:01,130;4;140;120.2;131.7;133.3;0.69;128;137;14.6;14.6;9.9;13345;52;0;0;256
2022:08:19:13:06:00,319;4;136;117.6;131.5;132.9;0.65;113;120;14.9;15.2;9.9;13345;52;0;0;256
2022:08:19:13:07:17,749;4;133;115.1;131.7;133.0;0.65;114;112;14.8;15.1;10.0;13345;52;0;0;256
2022:08:19:13:08:01,456;5;155;133.4;132.1;133.9;0.93;194;192;14.6;14.9;10.0;13345;52;0;0;256
2022:08:19:13:09:00,984;6;198;166.8;133.0;135.1;1.78;401;405;14.4;14.7;10.0;13345;52;0;0;256
2022:08:19:13:10:00,993;4;150;129.6;132.4;134.1;0.8;163;170;14.5;14.5;10.0;13345;52;0;0;256
2022:08:19:13:11:00,482;3;104;93.2;132.1;133.1;0.57;10;11;14.4;14.8;10.0;13345;52;8;0;256
2022:08:19:13:12:00,670;3;97;84.2;131.9;133.1;0.57;7;6;14.3;14.3;10.0;13345;52;8;0;256
2022:08:19:13:13:01,279;5;164;139.2;132.6;134.2;0.99;213;213;14.2;14.6;10.1;13345;52;0;0;256
2022:08:19:13:14:00,687;6;213;179.2;133.0;135.1;2.24;506;509;14.2;14.6;10.2;13345;52;0;0;256
2022:08:19:13:15:00,856;7;255;213.8;133.3;136.3;3.76;854;857;14.6;14.7;10.2;13345;52;0;0;256
2022:08:19:13:16:01,004;6;203;171.4;133.0;135.3;1.96;442;436;14.9;15.4;10.2;13345;52;0;0;256
2022:08:19:13:17:01,293;4;133;115.1;132.4;134.1;0.65;109;113;15.1;15.1;10.2;13345;52;0;0;256
2022:08:19:13:18:00,602;4;125;108.7;132.1;133.4;0.59;86;85;14.7;15.0;10.2;13345;52;0;0;256
2022:08:19:13:19:01,150;4;117;100.8;132.4;133.2;0.58;62;57;15.1;15.2;10.2;13345;52;0;0;256
2022:08:19:13:20:01,439;4;158;135.6;132.6;134.4;0.96;203;199;14.7;14.9;10.2;13345;52;0;0;256
2022:08:19:13:21:00,087;7;238;199.3;133.0;135.9;3.14;713;710;15.0;15.5;10.2;13345;52;0;0;256
2022:08:19:13:22:00,256;8;251;205.3;133.3;136.7;4.44;1011;988;15.5;15.5;10.3;13345;52;0;0;256
2022:08:19:13:23:00,364;6;173;145.3;132.6;134.7;1.44;320;318;15.6;15.9;10.3;13345;52;0;0;256
2022:08:19:13:24:00,393;3;101;87.7;132.1;133.4;0.57;26;24;15.3;15.3;10.2;13345;52;0;0;256
2022:08:19:13:25:00,582;7;235;194.3;133.3;136.1;3.58;814;821;14.8;15.1;10.3;13345;52;0;0;256
2022:08:19:13:26:00,450;7;251;208.1;133.5;136.5;4.21;961;980;15.2;15.7;10.3;13345;52;0;0;256
2022:08:19:13:27:00,339;9;279;226.5;133.9;137.6;5.65;1292;1295;15.9;16.1;10.3;13345;52;0;0;256
2022:08:19:13:28:00,447;7;199;166.1;132.6;134.9;2.22;501;500;16.3;16.7;10.4;13345;52;0;0;256
2022:08:19:13:29:00,636;6;175;148.9;132.8;134.7;1.49;331;328;16.2;16.2;10.4;13345;52;0;0;256
2022:08:19:13:30:00,764;3;92;80.7;132.1;133.4;0.56;12;12;15.9;16.4;10.4;13345;52;0;0;256
2022:08:19:13:31:00,453;4;131;113.2;132.4;133.8;0.62;104;101;15.5;15.8;10.4;13345;52;0;0;256
2022:08:19:13:32:00,062;4;124;107.5;132.4;133.0;0.58;71;77;15.3;15.5;10.4;13345;52;0;0;256
2022:08:19:13:33:00,210;2;51;53.7;131.9;133.3;0.12;0;0;15.1;15.4;10.5;13345;52;1;0;0
2022:08:19:13:34:00,199;4;150;128.2;132.6;133.9;0.8;162;170;14.7;14.8;10.6;13345;52;0;0;256
2022:08:19:13:35:00,107;7;262;217.2;133.5;136.5;3.97;905;914;15.2;15.7;10.6;13345;52;0;0;256
2022:08:19:13:36:00,996;4;150;127.9;132.6;134.4;0.84;170;170;15.8;15.9;10.7;13345;52;0;0;256
2022:08:19:13:37:01,004;3;106;92.2;132.4;133.0;0.53;16;29;15.6;15.9;10.7;13345;52;0;0;256
2022:08:19:13:38:03,533;6;195;166.8;133.0;134.8;1.69;381;384;15.6;16.2;10.7;13345;52;0;0;256
2022:08:19:13:39:00,801;4;155;133.0;132.8;134.2;0.88;185;190;15.6;15.9;10.7;13345;52;0;0;256
2022:08:19:13:40:01,470;4;149;127.9;132.6;134.2;0.79;159;162;15.3;15.4;10.7;13345;52;0;0;256
2022:08:19:13:41:01,539;4;188;164.7;132.6;134.4;0.75;145;152;15.2;15.6;10.7;13345;52;8;0;256
2022:08:19:13:42:00,507;5;168;142.8;132.6;134.7;1.09;237;242;15.3;15.3;10.8;13345;52;0;0;256
2022:08:19:13:43:00,716;4;131;113.6;132.1;133.4;0.62;103;105;15.4;15.8;10.8;13345;52;0;0;256
2022:08:19:13:44:00,864;3;103;92.0;132.1;133.1;0.56;20;23;15.3;15.2;10.8;13345;52;0;0;256
2022:08:19:13:45:01,153;4;124;107.9;131.9;132.8;0.57;73;78;15.1;15.5;10.8;13345;52;0;0;256
2022:08:19:13:46:01,381;3;105;91.2;132.1;132.9;0.53;14;27;15.0;14.9;10.8;13345;52;0;0;256
2022:08:19:13:47:01,510;4;127;110.3;132.1;133.6;0.59;85;88;14.9;15.2;10.8;13345;52;0;0;256
2022:08:19:13:48:00,139;6;201;170.2;132.6;134.7;1.88;422;425;14.8;15.2;10.8;13345;52;0;0;256
2022:08:19:13:49:00,207;5;165;138.6;132.6;134.2;1.06;229;229;15.0;15.2;10.8;13345;52;0;0;256
2022:08:19:13:50:01,196;3;97;85.0;132.4;133.2;0.55;12;14;15.1;15.1;10.8;13345;52;0;0;256
2022:08:19:13:51:01,264;4;140;120.4;132.8;134.0;0.7;134;136;15.0;15.3;10.8;13345;52;0;0;256
2022:08:19:13:52:01,393;4;136;118.1;132.6;134.2;0.65;115;118;15.1;15.1;10.8;13345;52;0;0;256
2022:08:19:13:53:00,000;5;176;151.1;132.6;134.4;1.29;286;278;15.3;15.4;10.8;13345;52;0;0;256
2022:08:19:13:54:00,170;3;99;72.8;131.9;133.3;0.56;5;14;15.3;15.4;10.8;13345;52;8;0;256
2022:08:19:13:55:00,279;4;127;108.8;132.1;133.9;0.6;89;88;15.2;15.2;10.8;13345;52;0;0;256
2022:08:19:13:56:00,487;7;248;207.4;133.0;135.9;3.48;790;796;15.1;15.5;10.8;13345;52;0;0;256
2022:08:19:13:57:01,236;5;175;148.0;132.6;134.4;1.21;266;273;15.5;15.9;10.8;13345;52;0;0;256
2022:08:19:13:58:00,704;4;131;113.5;132.1;133.4;0.6;96;103;15.5;15.5;10.8;13345;52;0;0;256
2022:08:19:13:59:01,053;6;206;173.0;132.8;135.0;1.98;447;451;15.3;15.7;10.8;13345;52;0;0;256
2022:08:19:14:00:01,161;5;160;136.6;132.4;134.1;0.99;213;209;15.5;15.6;10.8;13345;52;0;0;256
2022:08:19:14:01:01,351;2;56;54.0;131.2;132.9;0.09;0;0;15.4;15.5;10.7;13345;52;1;0;0
2022:08:19:14:02:01,579;6;202;171.3;132.6;134.9;1.95;438;429;14.8;15.1;10.8;13345;52;0;0;256
2022:08:19:14:03:00,967;6;197;166.5;132.6;134.4;1.78;400;392;15.3;15.4;10.7;13345;52;0;0;256
2022:08:19:14:04:01,156;4;129;112.1;131.9;133.3;0.6;92;94;15.3;15.5;10.7;13345;52;0;0;256
2022:08:19:14:05:01,204;3;122;94.1;132.1;133.4;0.56;60;113;15.1;15.1;10.7;13345;52;0;0;256
2022:08:19:14:06:00,833;4;123;105.5;131.9;132.8;0.57;71;72;14.9;15.3;10.7;13345;52;0;0;256
2022:08:19:14:07:00,601;4;136;116.9;132.1;133.6;0.68;124;119;15.0;14.8;10.7;13345;52;0;0;256
2022:08:19:14:08:00,730;7;260;219.4;133.0;135.5;3.22;731;740;14.7;15.3;10.7;13345;52;0;0;256
2022:08:19:14:09:00,279;5;177;151.6;132.1;134.2;1.28;283;281;15.3;15.3;10.7;13345;52;0;0;256
2022:08:19:14:10:00,327;3;103;88.4;131.7;133.0;0.58;37;23;15.3;15.6;10.7;13345;52;0;0;256
2022:08:19:14:11:00,516;2;75;65.7;131.7;132.7;0.56;0;0;15.2;15.0;10.7;13345;52;8;0;256
2022:08:19:14:12:00,564;2;71;61.6;131.7;132.5;0.57;0;0;15.0;15.2;10.7;13345;52;8;0;256
2022:08:19:14:13:01,253;7;246;204.6;132.8;135.5;3.41;774;774;14.6;14.8;10.7;13345;52;0;0;256
2022:08:19:14:14:00,581;6;227;189.7;132.8;135.5;2.76;625;619;15.5;15.9;10.7;13345;52;0;0;256
2022:08:19:14:15:01,430;3;102;90.7;131.9;132.8;0.56;18;21;15.4;15.2;10.6;13345;52;0;0;256
2022:08:19:14:16:00,038;4;149;128.0;132.4;133.6;0.82;169;170;15.1;15.3;10.6;13345;52;0;0;256
2022:08:19:14:17:01,427;4;141;121.8;131.9;133.8;0.7;131;135;15.0;15.0;10.6;13345;52;0;0;256
2022:08:19:14:18:00,215;4;146;125.9;132.1;133.6;0.71;133;130;14.9;15.0;10.7;13345;52;0;0;256
2022:08:19:14:19:00,384;5;157;135.3;132.6;134.4;0.96;203;195;14.9;15.3;10.6;13345;52;0;0;256
2022:08:19:14:20:00,473;4;129;111.8;132.1;133.6;0.6;97;94;14.9;14.9;10.6;13345;52;0;0;256
2022:08:19:14:21:00,501;4;155;132.2;132.4;133.8;0.88;182;190;14.7;15.2;10.6;13345;52;0;0;256
2022:08:19:14:22:00,610;5;188;157.7;132.6;134.4;1.52;337;337;15.0;15.0;10.6;13345;52;0;0;256
2022:08:19:14:23:00,819;8;296;242.1;133.7;137.0;5.87;1342;1308;15.0;15.6;10.6;13345;52;0;0;256
2022:08:19:14:24:01,247;6;218;184.0;132.8;135.0;2.37;536;545;15.6;15.7;10.5;13345;52;0;0;256
2022:08:19:14:25:01,396;7;258;214.5;133.0;136.1;3.92;892;896;15.6;16.0;10.6;13345;52;0;0;256
2022:08:19:14:26:00,604;4;135;115.1;132.1;133.6;0.67;117;116;15.8;15.7;10.5;13345;52;0;0;256
2022:08:19:14:27:00,673;6;220;184.4;132.4;134.6;2.46;555;556;15.3;15.8;10.5;13345;52;0;0;256
2022:08:19:14:28:00,741;4;139;120.9;132.1;133.6;0.69;128;133;15.4;15.5;10.6;13345;52;0;0;256
2022:08:19:14:29:00,950;5;193;163.8;132.6;134.7;1.6;358;363;15.1;15.5;10.6;13345;52;0;0;256
2022:08:19:14:30:01,238;3;118;102.3;131.9;133.3;0.56;58;59;15.2;15.3;10.6;13345;52;0;0;256
2022:08:19:14:31:01,247;5;179;152.6;132.6;134.4;1.32;291;293;14.9;15.2;10.5;13345;52;0;0;256
2022:08:19:14:32:00,095;3;117;110.2;131.7;133.3;0.11;0;57;14.9;15.2;10.5;13345;52;1;0;0
2022:08:19:14:33:01,504;3;119;102.9;132.1;133.4;0.57;61;59;14.9;14.9;10.6;13345;52;0;0;256
2022:08:19:14:34:00,813;4;136;117.6;132.6;133.9;0.67;119;119;14.8;15.3;10.6;13345;52;0;0;256
2022:08:19:14:35:00,941;5;170;146.0;132.6;134.4;1.17;257;251;14.8;14.9;10.5;13345;52;0;0;256
2022:08:19:14:36:00,970;3;107;93.4;132.4;133.0;0.56;28;31;14.9;15.2;10.5;13345;52;0;0;256
2022:08:19:14:37:00,417;5;162;137.4;132.6;134.2;0.98;210;217;14.6;14.7;10.6;13345;52;0;0;256
2022:08:19:14:38:01,087;4;140;120.3;132.6;133.9;0.69;131;133;14.6;14.9;10.6;13345;52;0;0;256
2022:08:19:14:39:00,876;4;123;107.0;132.6;133.6;0.57;72;74;14.6;14.7;10.6;13345;52;0;0;256
2022:08:19:14:40:00,924;2;70;65.9;131.9;133.3;0.11;0;0;14.6;14.8;10.6;13345;52;1;0;0
2022:08:19:14:41:00,412;3;125;108.4;132.6;133.6;0.58;75;78;14.6;14.8;10.6;13345;52;0;0;256
2022:08:19:14:42:00,621;5;172;145.0;132.8;134.2;1.16;254;261;14.6;14.5;10.6;13345;52;0;0;256
2022:08:19:14:43:01,450;4;136;117.1;132.6;133.9;0.67;119;119;14.6;14.9;10.6;13345;52;0;0;256
2022:08:19:14:44:00,077;4;145;124.5;132.6;133.9;0.74;141;152;14.6;14.6;10.6;13345;52;0;0;256
2022:08:19:14:45:00,186;3;125;112.1;132.1;133.1;0.52;25;37;14.6;14.8;10.5;13345;52;8;0;256
2022:08:19:14:46:00,215;3;105;91.9;130.8;131.7;0.56;11;12;14.6;14.5;10.5;13345;52;8;0;256
2022:08:19:14:47:00,343;6;192;163.0;131.7;133.8;1.65;367;361;14.8;15.2;10.5;13345;52;0;0;256
2022:08:19:14:48:00,372;3;100;89.2;130.6;131.7;0.53;17;20;15.0;14.9;10.4;13345;52;0;0;256
2022:08:19:14:49:00,660;4;151;131.0;130.8;132.3;0.84;170;177;14.8;15.1;10.4;13345;52;0;0;256
2022:08:19:14:50:01,190;5;158;133.9;131.2;132.7;0.99;209;206;15.3;15.3;10.4;13345;52;0;0;256
2022:08:19:14:51:01,178;4;133;114.3;131.0;132.6;0.62;106;105;15.1;15.3;10.4;13345;52;0;0;256
2022:08:19:14:52:01,287;5;184;155.9;131.5;133.2;1.47;323;318;14.7;14.9;10.3;13345;52;0;0;256
2022:08:19:14:53:00,455;7;245;204.7;132.1;135.0;3.48;783;780;14.9;15.0;10.3;13345;52;0;0;256
2022:08:19:14:54:00,563;6;207;174.5;131.7;133.8;2.07;465;465;15.5;15.8;10.3;13345;52;0;0;256
2022:08:19:14:55:00,771;3;91;80.1;131.9;133.1;0.58;7;7;15.2;15.0;10.2;13345;52;0;0;256
2022:08:19:14:56:00,821;2;76;70.0;130.6;131.7;0.56;1;0;14.8;15.1;10.2;13345;52;8;0;256
2022:08:19:14:57:00,850;3;113;98.8;130.8;132.1;0.56;20;20;14.6;14.7;10.2;13345;52;8;0;256
2022:08:19:14:58:00,097;4;155;132.1;131.2;132.9;0.9;189;190;14.6;14.6;10.3;13345;52;0;0;256
2022:08:19:14:59:00,106;3;118;102.7;130.8;131.7;0.56;20;27;14.6;14.9;10.3;13345;52;8;0;256
2022:08:19:15:00:00,095;3;158;138.2;131.0;132.3;0.59;89;89;14.5;14.4;10.4;13345;52;8;0;256
2022:08:19:15:01:00,183;4;163;142.9;131.0;131.9;0.6;98;100;14.5;14.8;10.4;13345;52;8;0;256
2022:08:19:15:02:00,512;4;152;132.0;131.0;132.3;0.61;102;108;14.5;14.4;10.4;13345;52;0;0;256
2022:08:19:15:03:00,520;3;107;93.2;131.0;132.1;0.57;26;19;14.5;14.8;10.4;13345;52;0;0;256
2022:08:19:15:04:00,209;2;70;65.3;130.8;132.1;0.12;0;0;14.5;14.6;10.4;13345;52;1;0;0
2022:08:19:15:05:01,218;2;56;64.6;130.6;131.7;0.11;0;0;14.2;14.4;10.4;13345;52;1;0;0
2022:08:19:15:06:01,228;3;103;90.0;130.6;131.7;0.52;7;23;14.0;13.9;10.4;13345;52;0;0;256
2022:08:19:15:07:00,275;3;115;100.5;130.8;131.7;0.53;49;51;14.1;14.1;10.4;13345;52;0;0;256
2022:08:19:15:08:00,363;3;110;94.7;130.8;132.1;0.52;23;36;14.3;14.3;10.4;13345;52;0;0;256
2022:08:19:15:09:01,273;4;126;109.4;130.8;131.7;0.58;81;88;14.4;14.6;10.4;13345;52;0;0;256
2022:08:19:15:10:00,520;5;160;136.4;131.2;132.9;0.99;211;208;14.5;14.7;10.4;13345;52;0;0;256
2022:08:19:15:11:00,629;3;144;125.6;130.8;132.3;0.52;56;65;14.4;14.4;10.3;13345;52;8;0;256
2022:08:19:15:12:00,757;5;191;163.7;131.5;133.2;1.6;356;358;14.7;15.0;10.3;13345;52;0;0;256
2022:08:19:15:13:01,507;4;152;130.2;131.0;132.9;0.84;171;172;14.6;14.6;10.2;13345;52;0;0;256
2022:08:19:15:14:01,495;3;89;79.2;130.4;131.4;0.55;0;6;14.5;14.7;10.2;13345;52;0;0;256
2022:08:19:15:15:00,663;3;157;137.2;130.6;131.7;0.58;86;89;14.2;14.2;10.2;13345;52;8;0;256
2022:08:19:15:16:00,738;3;97;85.3;130.6;131.2;0.56;6;6;14.3;14.4;10.1;13345;52;8;0;256
2022:08:19:15:17:00,712;3;118;102.9;130.8;131.7;0.55;56;59;14.1;14.2;10.2;13345;52;0;0;256
2022:08:19:15:18:00,547;1;47;50.9;130.4;131.7;0.12;0;0;14.1;14.2;10.1;13345;52;1;0;0
2022:08:19:15:19:00,181;3;115;100.1;130.8;131.5;0.58;60;48;13.9;14.2;10.1;13345;52;0;0;256
2022:08:19:15:20:01,076;3;104;90.9;130.6;131.7;0.58;34;24;14.0;13.8;10.1;13345;52;0;0;256
2022:08:19:15:21:01,285;3;108;94.3;130.8;131.7;0.55;28;31;14.1;14.4;10.1;13345;52;0;0;256
2022:08:19:15:22:00,453;4;126;109.2;131.0;132.3;0.58;86;85;14.4;14.4;10.1;13345;52;0;0;256
2022:08:19:15:23:00,682;5;185;158.6;131.0;133.1;1.46;322;322;14.3;14.6;10.0;13345;52;0;0;256
2022:08:19:15:24:00,730;3;115;100.1;130.8;132.1;0.55;52;51;14.3;14.3;10.0;13345;52;0;0;256
2022:08:19:15:25:00,839;5;192;164.3;131.7;133.5;1.69;376;362;14.0;14.1;10.0;13345;52;0;0;256
2022:08:19:15:26:01,208;7;273;228.0;132.4;135.4;4.54;1027;1033;14.5;14.9;9.9;13345;52;0;0;256
2022:08:19:15:27:01,136;7;280;233.3;132.1;135.8;4.86;1098;1106;15.4;15.4;9.9;13345;52;0;0;256
2022:08:19:15:28:00,644;7;225;185.9;131.7;134.6;3.06;690;684;16.1;16.4;9.9;13345;52;0;0;256
2022:08:19:15:29:00,733;3;104;92.5;130.6;131.7;0.52;9;28;15.8;15.7;9.8;13345;52;0;0;256
2022:08:19:15:30:00,822;5;246;213.4;131.2;133.4;1.76;392;392;14.9;15.1;9.8;13345;52;0;0;256
2022:08:19:15:31:00,950;4;122;105.4;130.8;132.3;0.57;74;75;14.8;15.1;9.8;13345;52;0;0;256
2022:08:19:15:32:00,119;3;99;87.0;130.6;131.5;0.55;15;17;14.6;14.5;9.8;13345;52;0;0;256
2022:08:19:15:33:00,247;3;115;100.7;130.6;131.7;0.55;44;51;14.4;14.5;9.8;13345;52;0;0;256
2022:08:19:15:34:00,656;5;170;146.3;131.2;132.9;1.15;250;251;14.3;14.5;9.8;13345;52;0;0;256
2022:08:19:15:35:00,184;5;177;150.5;130.8;132.5;1.24;271;285;14.3;14.3;9.8;13345;52;0;0;256
2022:08:19:15:36:00,293;3;85;73.9;130.8;132.1;0.57;4;5;14.3;14.6;9.8;13345;52;0;0;256
2022:08:19:15:37:01,242;7;261;217.4;131.9;134.9;4.08;918;922;14.2;14.4;9.8;13345;52;0;0;256
2022:08:19:15:38:01,150;5;181;153.1;131.2;132.9;1.34;293;311;14.6;14.9;9.8;13345;52;0;0;256
2022:08:19:15:39:01,219;4;145;123.8;130.8;132.5;0.78;155;153;14.6;14.4;9.8;13345;52;0;0;256
2022:08:19:15:40:01,508;7;227;190.3;131.9;134.1;2.78;624;618;14.6;15.1;9.7;13345;52;0;0;256
2022:08:19:15:41:00,076;5;150;129.0;131.2;132.9;0.85;174;171;15.1;15.4;9.7;13345;52;0;0;256
2022:08:19:15:42:00,204;5;162;138.0;131.2;132.9;1.0;215;218;14.6;14.6;9.7;13345;52;0;0;256
2022:08:19:15:43:00,333;5;181;156.0;131.7;133.3;1.37;302;303;14.4;14.7;9.7;13345;52;0;0;256
2022:08:19:15:44:00,642;4;151;130.2;131.5;132.9;0.86;176;179;14.3;14.3;9.6;13345;52;0;0;256
2022:08:19:15:45:00,410;4;120;103.6;130.8;132.3;0.55;66;66;14.3;14.5;9.6;13345;52;0;0;256
2022:08:19:15:46:01,239;3;100;87.9;131.0;132.1;0.55;13;17;14.1;14.2;9.6;13345;52;0;0;256
2022:08:19:15:47:00,687;6;197;168.5;131.7;133.8;1.84;409;399;14.3;14.3;9.6;13345;52;0;0;256
2022:08:19:15:48:01,356;5;185;157.5;131.5;133.2;1.42;314;324;14.2;14.6;9.6;13345;52;0;0;256
2022:08:19:15:49:01,444;3;116;100.5;131.2;132.7;0.55;52;54;14.2;14.1;9.6;13345;52;0;0;256
2022:08:19:15:50:01,554;8;265;220.1;132.4;135.7;4.27;965;967;14.0;14.6;9.6;13345;52;0;0;256
2022:08:19:15:51:00,462;6;216;183.7;131.7;134.3;2.27;509;534;14.4;14.7;9.6;13345;52;0;0;256
2022:08:19:15:52:00,490;3;118;102.5;131.7;132.7;0.55;58;60;14.6;14.6;9.6;13345;52;0;0;256
2022:08:19:15:53:00,559;4;122;106.5;131.5;132.7;0.56;68;72;14.3;14.6;9.6;13345;52;0;0;256
2022:08:19:15:54:00,107;6;220;185.0;132.1;134.4;2.49;559;571;13.9;14.1;9.6;13345;52;0;0;256
2022:08:19:15:55:00,236;5;192;163.3;131.7;133.8;1.53;340;365;14.3;14.5;9.5;13345;52;0;0;256
2022:08:19:15:56:00,344;6;227;191.1;132.1;134.7;2.73;616;612;14.7;15.1;9.6;13345;52;0;0;256
2022:08:19:15:57:00,333;6;206;173.3;131.9;134.1;2.06;463;462;14.6;14.6;9.5;13345;52;0;0;256
2022:08:19:15:58:00,242;4;133;115.2;131.7;133.0;0.64;109;110;14.4;14.7;9.5;13345;52;0;0;256
2022:08:19:15:59:00,750;5;191;163.9;131.5;133.5;1.54;342;360;14.2;14.3;9.5;13345;52;0;0;256
2022:08:19:16:00:00,119;6;200;169.8;131.9;134.1;1.88;422;428;14.6;14.8;9.5;13345;52;0;0;256
2022:08:19:16:01:10,529;4;154;130.2;131.7;133.0;0.87;183;186;14.4;14.4;9.5;13345;52;0;0;256
2022:08:19:16:02:00,596;3;87;76.1;131.0;132.1;0.56;7;5;14.3;14.3;9.5;13345;52;0;0;256
2022:08:19:16:03:00,684;4;197;172.7;131.7;133.5;0.84;172;181;13.9;14.4;9.5;13345;52;8;0;256
2022:08:19:16:04:00,613;3;121;104.9;131.5;132.7;0.56;55;55;14.0;14.1;9.5;13345;52;0;0;256
2022:08:19:16:05:01,121;4;148;128.4;131.7;133.0;0.68;124;130;13.9;14.1;9.6;13345;52;0;0;256
2022:08:19:16:06:01,250;5;171;148.4;131.7;133.3;0.98;209;205;13.8;14.2;9.6;13345;52;0;0;256
2022:08:19:16:07:01,419;4;131;112.3;131.5;132.9;0.61;104;98;14.0;14.0;9.6;13345;52;0;0;256
2022:08:19:16:08:01,047;3;95;83.3;131.0;132.3;0.56;8;12;13.9;14.2;9.5;13345;52;0;0;256
2022:08:19:16:09:01,116;3;103;90.9;131.7;132.7;0.53;11;23;13.8;13.8;9.5;13345;52;0;0;256
2022:08:19:16:10:01,184;3;93;80.7;131.2;132.1;0.56;10;11;13.7;13.8;9.5;13345;52;0;0;256
2022:08:19:16:11:01,493;4;168;146.8;131.7;133.0;0.62;108;111;13.7;13.9;9.6;13345;52;8;0;256
2022:08:19:16:12:00,022;4;146;125.7;131.5;133.7;0.77;154;159;13.7;13.8;9.6;13345;52;0;0;256
2022:08:19:16:13:00,110;1;48;52.8;131.0;132.3;0.1;0;0;13.8;13.9;9.5;13345;52;1;0;0
2022:08:19:16:14:00,219;3;110;96.4;131.5;132.5;0.55;35;36;13.6;13.8;9.5;13345;52;0;0;256
2022:08:19:16:15:00,427;6;229;191.9;132.1;135.2;2.83;639;631;13.7;13.7;9.5;13345;52;0;0;256
2022:08:19:16:16:00,636;4;126;109.1;131.2;132.9;0.59;86;86;13.9;14.3;9.5;13345;52;0;0;256
2022:08:19:16:17:00,844;3;119;102.9;131.2;132.7;0.55;57;60;13.8;13.7;9.5;13345;52;0;0;256
2022:08:19:16:18:01,273;3;99;86.5;131.0;131.9;0.55;18;17;13.7;14.0;9.4;13345;52;0;0;256
2022:08:19:16:19:00,601;4;152;129.5;131.5;132.9;0.85;174;179;13.6;13.8;9.4;13345;52;0;0;256
2022:08:19:16:20:00,810;6;217;184.0;131.7;134.3;2.28;512;535;13.5;13.6;9.4;13345;52;0;0;256
2022:08:19:16:21:00,999;3;91;80.1;131.2;132.4;0.59;12;7;13.9;14.2;9.4;13345;52;0;0;256
2022:08:19:16:22:00,167;4;141;121.8;131.2;132.7;0.69;130;137;13.8;13.9;9.3;13345;52;0;0;256
2022:08:19:16:23:13,438;4;122;105.4;131.5;132.1;0.57;68;72;13.7;13.6;9.3;13345;52;0;0;256
2022:08:19:16:24:00,444;3;109;95.8;131.5;132.7;0.55;32;34;13.6;13.9;9.3;13345;52;0;0;256
2022:08:19:16:25:00,713;4;123;106.4;131.2;132.1;0.57;75;75;13.6;13.5;9.3;13345;52;0;0;256
2022:08:19:16:26:00,921;3;115;100.2;131.0;132.1;0.56;45;48;13.5;13.7;9.3;13345;52;0;0;256
2022:08:19:16:27:00,970;4;127;110.1;131.2;132.4;0.58;87;89;13.6;13.8;9.3;13345;52;0;0;256
2022:08:19:16:28:01,059;4;128;111.2;131.2;132.4;0.59;87;89;13.5;13.4;9.3;13345;52;0;0;256
2022:08:19:16:29:00,687;4;139;119.6;131.5;132.7;0.69;131;130;13.6;13.8;9.3;13345;52;0;0;256
2022:08:19:16:30:00,756;5;168;145.0;131.2;133.2;1.09;237;244;13.7;13.8;9.3;13345;52;0;0;256
2022:08:19:16:31:00,804;4;149;128.6;131.5;132.9;0.8;163;170;13.8;13.9;9.3;13345;52;0;0;256
2022:08:19:16:32:00,853;2;85;76.6;131.0;131.9;0.56;0;2;13.7;13.9;9.3;13345;52;8;0;256
2022:08:19:16:33:00,881;4;157;134.5;131.5;132.9;0.93;195;197;13.7;13.6;9.3;13345;52;0;0;256
2022:08:19:16:34:00,830;2;65;57.0;131.2;132.4;0.56;0;0;13.7;13.8;9.3;13345;52;8;0;256
2022:08:19:16:35:00,999;3;114;98.8;131.0;132.3;0.55;49;48;13.4;13.7;9.3;13345;52;0;0;256
2022:08:19:16:36:01,127;5;172;149.2;131.7;133.5;1.18;258;267;13.5;13.4;9.3;13345;52;0;0;256
2022:08:19:16:37:01,296;5;187;159.7;131.7;133.5;1.5;334;336;13.6;13.9;9.3;13345;52;0;0;256
2022:08:19:16:38:01,424;6;196;165.7;131.7;133.5;1.76;392;392;13.6;13.7;9.3;13345;52;0;0;256
2022:08:19:16:39:05,474;3;113;98.6;131.5;132.5;0.55;44;45;13.7;13.8;9.2;13345;52;0;0;256
2022:08:19:16:40:01,221;4;192;168.4;131.5;133.2;0.79;163;166;13.5;13.9;9.3;13345;52;8;0;256
2022:08:19:16:41:01,450;6;197;166.5;131.7;133.5;1.76;393;391;13.5;13.7;9.3;13345;52;0;0;256
2022:08:19:16:42:05,079;4;127;108.8;131.5;132.9;0.59;86;86;13.7;13.8;9.3;13345;52;0;0;256
2022:08:19:16:43:00,007;4;129;111.7;131.2;132.7;0.59;90;95;13.6;13.8;9.3;13345;52;0;0;256
2022:08:19:16:44:00,036;4;121;104.1;131.5;132.7;0.57;68;69;13.5;13.5;9.3;13345;52;0;0;256
2022:08:19:16:45:00,824;3;120;104.3;131.2;132.1;0.55;64;66;13.5;13.6;9.3;13345;52;0;0;256
2022:08:19:16:46:00,853;3;111;96.9;131.2;132.4;0.55;35;38;13.4;13.6;9.2;13345;52;0;0;256
2022:08:19:16:47:00,861;3;148;129.9;131.2;131.9;0.57;72;74;13.3;13.2;9.3;13345;52;8;0;256
2022:08:19:16:48:00,970;5;169;145.6;131.7;133.5;1.14;249;247;13.5;13.7;9.3;13345;52;0;0;256
2022:08:19:16:49:00,179;3;102;89.4;131.5;132.5;0.55;22;21;13.5;13.7;9.3;13345;52;0;0;256
2022:08:19:16:50:00,287;3;111;97.3;131.2;132.1;0.51;25;38;13.5;13.3;9.2;13345;52;0;0;256
2022:08:19:16:51:00,356;4;148;126.2;131.7;133.0;0.81;163;164;13.4;13.7;9.3;13345;52;0;0;256
2022:08:19:16:52:00,444;3;91;79.5;131.2;131.9;0.58;15;7;13.4;13.5;9.2;13345;52;0;0;256
2022:08:19:16:53:00,513;4;152;132.4;131.7;133.3;0.84;171;182;13.3;13.3;9.3;13345;52;0;0;256
2022:08:19:16:54:00,621;5;192;164.5;132.1;134.4;1.59;354;365;13.4;13.7;9.2;13345;52;0;0;256
2022:08:19:16:55:00,690;3;135;119.2;131.7;132.7;0.56;49;53;13.4;13.3;9.3;13345;52;8;0;256
2022:08:19:16:56:00,919;5;171;144.1;132.4;134.1;1.19;260;257;13.4;13.6;9.3;13345;52;0;0;256
2022:08:19:16:57:00,947;3;119;104.4;131.7;132.7;0.56;60;63;13.5;13.7;9.3;13345;52;0;0;256
2022:08:19:16:58:01,016;4;157;135.0;132.6;133.6;0.94;198;196;13.3;13.2;9.3;13345;52;0;0;256
2022:08:19:16:59:01,084;3;121;105.5;131.9;133.1;0.57;65;69;13.3;13.5;9.2;13345;52;0;0;256
2022:08:19:17:00:01,173;4;166;140.4;132.1;134.2;1.05;227;235;13.3;13.5;9.2;13345;52;0;0;256
2022:08:19:17:01:01,261;3;107;95.3;131.7;132.5;0.56;14;14;13.4;13.2;9.2;13345;52;8;0;256
2022:08:19:17:02:01,310;6;215;182.0;132.6;134.7;2.28;515;528;13.4;13.7;9.2;13345;52;0;0;256
2022:08:19:17:03:00,099;8;268;222.5;133.0;135.9;4.34;983;982;13.9;14.4;9.2;13345;52;0;0;256
2022:08:19:17:04:00,747;3;114;99.1;131.7;133.0;0.55;45;48;14.5;14.4;9.2;13345;52;0;0;256
2022:08:19:17:05:00,596;6;219;185.1;132.4;134.6;2.4;541;554;13.9;14.3;9.2;13345;52;0;0;256
2022:08:19:17:06:01,244;5;161;137.2;132.1;134.2;1.05;224;213;14.0;14.1;9.2;13345;52;0;0;256
2022:08:19:17:07:00,233;7;258;215.5;132.6;135.2;3.9;882;883;13.8;14.1;9.2;13345;52;0;0;256
2022:08:19:17:08:00,341;6;201;169.7;132.4;134.4;1.94;434;428;14.0;14.5;9.2;13345;52;0;0;256
2022:08:19:17:09:01,050;3;91;81.3;131.5;132.7;0.57;3;7;14.1;14.0;9.2;13345;52;0;0;256
2022:08:19:17:10:00,239;3;90;78.7;131.0;131.9;0.58;15;3;13.8;13.8;9.2;13345;52;8;0;256
2022:08:19:17:11:00,167;2;76;71.3;131.2;132.9;0.12;0;1;13.5;13.7;9.2;13345;52;1;0;0
2022:08:19:17:12:00,896;5;169;144.1;131.7;133.0;1.14;246;247;13.4;13.4;9.2;13345;52;0;0;256
2022:08:19:17:13:00,124;4;139;118.8;131.9;133.1;0.69;130;130;13.5;13.7;9.2;13345;52;0;0;256
2022:08:19:17:14:00,873;5;158;137.2;131.9;133.8;0.96;205;200;13.5;13.7;9.2;13345;52;0;0;256
2022:08:19:17:15:00,501;4;181;158.2;131.9;132.8;0.78;157;158;13.4;13.3;9.2;13345;52;0;0;256
2022:08:19:17:16:00,230;5;171;147.0;131.7;133.5;1.18;258;259;13.7;13.9;9.2;13345;52;0;0;256
2022:08:19:17:17:00,218;4;141;122.0;131.9;133.1;0.71;137;140;13.6;13.5;9.2;13345;52;0;0;256
2022:08:19:17:18:00,027;5;178;153.2;131.7;133.5;1.28;282;290;13.5;13.5;9.2;13345;52;0;0;256
2022:08:19:17:19:09,197;3;114;99.5;131.5;132.5;0.55;45;48;13.7;13.7;9.2;13345;52;0;0;256
2022:08:19:17:20:01,184;2;73;73.0;131.0;132.6;0.12;0;0;13.5;13.7;9.2;13345;52;1;0;0
2022:08:19:17:21:01,133;7;267;222.1;132.8;135.7;4.26;966;966;13.5;14.0;9.2;13345;52;0;0;256
2022:08:19:17:22:01,361;4;141;122.0;131.5;132.9;0.7;135;133;14.1;14.0;9.2;13345;52;0;0;256
2022:08:19:17:23:00,610;5;184;159.7;132.1;133.9;1.44;319;321;13.7;13.8;9.2;13345;52;0;0;256
2022:08:19:17:24:00,638;3;89;73.8;131.5;132.5;0.55;12;10;13.6;13.9;9.2;13345;52;0;0;256
2022:08:19:17:25:00,727;2;83;75.0;131.5;132.5;0.57;0;3;13.4;13.3;9.2;13345;52;0;0;256
2022:08:19:17:26:00,836;4;130;112.6;131.9;133.3;0.6;96;95;13.2;13.3;9.2;13345;52;0;0;256
2022:08:19:17:27:00,904;2;55;53.7;131.5;132.7;0.12;0;0;13.2;13.3;9.2;13345;52;1;0;0
2022:08:19:17:28:00,833;2;63;67.9;131.2;132.9;0.12;0;0;13.0;13.1;9.2;13345;52;1;0;0
2022:08:19:17:29:00,801;2;79;83.1;131.5;132.5;0.11;0;2;12.7;12.9;9.2;13345;52;1;0;0
2022:08:19:17:30:00,570;1;46;52.5;131.2;132.4;0.11;0;0;12.6;12.7;9.2;13345;52;1;0;0
2022:08:19:17:31:00,638;4;125;107.7;131.7;133.0;0.58;83;82;12.7;12.7;9.3;13345;52;0;0;256
2022:08:19:17:32:00,792;4;147;126.2;131.5;132.7;0.78;157;160;12.9;13.1;9.2;13345;52;0;0;256
2022:08:19:17:33:00,933;3;104;90.0;131.2;132.7;0.51;12;23;13.0;12.9;9.1;13345;52;0;0;256
2022:08:19:17:34:01,133;3;114;98.5;131.2;132.7;0.55;48;48;13.0;13.2;9.2;13345;52;0;0;256
2022:08:19:17:35:01,274;3;105;92.7;131.2;132.4;0.56;13;12;13.0;12.7;9.2;13345;52;8;0;256
2022:08:19:17:36:01,474;3;104;100.2;131.0;131.5;0.12;0;25;12.9;13.0;9.1;13345;52;1;0;0
2022:08:19:17:37:01,550;5;166;141.8;131.7;133.0;1.08;234;236;12.8;12.9;9.1;13345;52;0;0;256
2022:08:19:17:38:00,078;5;169;144.5;131.9;133.6;1.14;247;247;13.0;12.9;9.1;13345;52;0;0;256
2022:08:19:17:39:00,127;3;109;95.4;131.7;132.7;0.53;33;34;13.1;13.3;9.1;13345;52;0;0;256
2022:08:19:17:40:00,156;5;170;144.4;131.7;133.3;1.16;250;252;13.0;13.0;9.1;13345;52;0;0;256
2022:08:19:17:41:00,644;2;83;73.5;131.2;131.9;0.57;0;1;13.0;12.9;9.1;13345;52;8;0;256
2022:08:19:17:42:00,733;3;149;129.7;131.5;132.7;0.57;75;76;12.9;13.2;9.0;13345;52;8;0;256
2022:08:19:17:43:00,781;3;105;79.4;131.5;132.1;0.57;4;17;13.0;12.8;9.0;13345;52;8;0;256
2022:08:19:17:44:01,490;4;202;177.2;131.2;133.2;0.96;203;205;12.8;12.9;9.1;13345;52;0;0;256
2022:08:19:17:45:01,398;3;110;96.4;131.2;132.4;0.55;31;30;13.0;13.1;9.0;13345;52;0;0;256
2022:08:19:17:46:00,047;3;148;130.4;131.0;132.3;0.56;68;74;12.9;12.8;9.0;13345;52;8;0;256
2022:08:19:17:47:00,056;4;195;171.4;131.2;133.2;0.81;166;172;12.8;12.7;9.0;13345;52;8;0;256
2022:08:19:17:48:00,144;3;103;90.9;131.0;131.9;0.53;0;15;12.9;13.0;9.0;13345;52;0;0;256
2022:08:19:17:49:20,996;2;66;61.6;130.6;132.3;0.12;0;0;12.8;12.8;9.0;13345;52;1;0;0
2022:08:19:17:50:01,461;4;140;120.0;131.2;132.7;0.7;133;132;12.6;12.8;9.0;13345;52;0;0;256
2022:08:19:17:51:01,550;5;165;142.5;131.7;133.3;1.05;226;230;12.7;12.8;9.0;13345;52;0;0;256
2022:08:19:17:52:00,078;4;129;111.3;131.0;132.6;0.61;99;95;12.8;12.7;9.0;13345;52;0;0;256
2022:08:19:17:53:00,827;3;153;133.6;131.2;132.4;0.58;81;82;12.7;12.9;9.0;13345;52;8;0;256
2022:08:19:17:54:00,975;5;241;208.5;131.5;133.7;1.79;401;414;12.6;12.9;9.0;13345;52;0;0;256
2022:08:19:17:55:00,624;5;164;141.6;131.5;132.9;1.05;225;225;13.0;12.8;9.0;13345;52;0;0;256
2022:08:19:17:56:00,653;4;148;125.7;131.5;133.2;0.81;163;164;12.9;13.1;8.9;13345;52;0;0;256
2022:08:19:17:57:00,901;6;215;181.3;131.7;133.8;2.35;528;525;12.8;13.1;8.9;13345;52;0;0;256
2022:08:19:17:58:01,430;6;220;185.0;131.5;134.0;2.51;561;564;13.2;13.2;8.9;13345;52;0;0;256
2022:08:19:17:59:01,498;5;149;129.1;131.2;132.7;0.82;169;167;13.2;13.5;8.9;13345;52;0;0;256
2022:08:19:18:00:00,607;3;89;78.3;131.0;131.9;0.57;4;6;13.1;13.3;8.9;13345;52;0;0;256
2022:08:19:18:01:01,075;4;143;124.6;131.0;132.1;0.61;101;103;12.9;12.7;8.9;13345;52;0;0;256
2022:08:19:18:02:03,124;3;108;95.0;130.8;131.7;0.55;23;25;12.9;13.1;8.8;13345;52;0;0;256
2022:08:19:18:03:00,953;4;144;123.7;131.0;132.3;0.72;140;147;12.9;13.2;8.9;13345;52;0;0;256
2022:08:19:18:04:01,101;6;207;173.3;131.5;133.7;2.15;481;469;13.0;13.1;8.9;13345;52;0;0;256
2022:08:19:18:05:01,430;7;251;209.6;131.9;134.6;3.69;831;825;13.4;13.7;8.9;13345;52;0;0;256
2022:08:19:18:06:00,238;4;127;111.3;130.8;132.1;0.58;83;89;13.7;14.1;8.9;13345;52;0;0;256
2022:08:19:18:07:00,247;4;129;112.2;130.6;131.9;0.58;85;95;13.4;13.3;8.8;13345;52;0;0;256
2022:08:19:18:08:00,975;6;196;166.3;131.2;132.9;1.76;392;392;13.1;13.1;8.9;13345;52;0;0;256
2022:08:19:18:09:01,104;5;172;146.6;131.2;132.4;1.18;258;259;13.1;13.6;8.9;13345;52;0;0;256
2022:08:19:18:10:00,413;3;95;83.6;130.4;131.1;0.55;0;5;13.1;13.2;8.8;13345;52;8;0;256
2022:08:19:18:11:01,461;3;96;90.1;131.7;132.7;0.11;0;12;12.9;13.1;8.8;13345;52;1;0;0
2022:08:19:18:12:00,270;3;109;95.2;131.7;133.0;0.56;33;34;12.6;12.8;8.8;13345;52;0;0;256
2022:08:19:18:13:00,478;3;123;107.3;131.7;132.7;0.55;33;34;12.6;12.8;8.8;13345;52;8;0;256
2022:08:19:18:14:00,547;4;175;153.7;132.4;133.8;0.67;123;125;12.6;12.4;8.9;13345;52;8;0;256
2022:08:19:18:15:00,675;3;150;132.3;132.1;133.4;0.6;93;95;12.7;12.9;8.9;13345;52;0;0;256
2022:08:19:18:16:01,164;3;131;115.0;132.6;133.0;0.56;58;56;12.7;12.6;8.9;13345;52;0;0;256
2022:08:19:18:17:00,573;4;128;111.0;132.1;133.1;0.59;83;86;12.8;12.6;8.9;13345;52;0;0;256
2022:08:19:18:18:01,002;4;149;126.7;132.1;133.6;0.8;161;167;12.8;13.1;8.9;13345;52;0;0;256
2022:08:19:18:19:01,090;4;154;131.5;132.6;133.6;0.88;183;186;12.7;12.7;8.9;13345;52;0;0;256
2022:08:19:18:20:01,278;2;69;63.6;132.1;133.1;0.59;13;0;12.9;12.7;8.9;13345;52;8;0;256
2022:08:19:18:21:00,507;3;129;113.8;132.1;133.4;0.56;41;43;12.7;12.9;8.8;13345;52;8;0;256
2022:08:19:18:22:00,655;3;126;109.7;132.4;133.6;0.56;49;51;12.7;12.8;8.9;13345;52;0;0;256
2022:08:19:18:23:00,824;2;60;56.2;131.9;132.8;0.09;0;0;12.7;12.7;8.8;13345;52;1;0;0
2022:08:19:18:24:00,813;3;115;100.0;132.4;133.2;0.56;50;51;12.5;12.6;8.9;13345;52;0;0;256
2022:08:19:18:25:00,801;3;87;88.9;131.7;133.3;0.12;0;5;12.5;12.5;8.8;13345;52;1;0;0
2022:08:19:18:26:01,050;2;56;53.7;131.9;132.8;0.12;0;0;12.5;12.5;8.9;13345;52;1;0;0
2022:08:19:18:27:01,138;2;52;48.8;131.9;133.6;0.12;0;0;12.3;12.4;8.9;13345;52;1;0;0
2022:08:19:18:28:01,207;6;211;180.0;132.8;134.5;2.2;496;490;12.1;12.3;8.9;13345;52;0;0;256
2022:08:19:18:29:01,415;4;157;135.5;132.6;134.2;0.91;194;197;13.0;12.9;8.9;13345;52;0;0;256
2022:08:19:18:30:00,164;4;159;135.8;132.6;134.2;0.96;204;207;12.8;13.0;8.9;13345;52;0;0;256
2022:08:19:18:31:00,233;5;162;138.2;132.8;134.2;1.0;214;219;12.8;12.9;8.9;13345;52;0;0;256
2022:08:19:18:32:01,301;3;114;99.5;132.6;133.4;0.55;46;48;12.8;12.7;8.9;13345;52;0;0;256
2022:08:19:18:33:01,411;6;225;189.7;133.3;135.3;2.56;582;602;12.7;13.1;8.9;13345;52;0;0;256
2022:08:19:18:34:01,198;6;200;169.1;132.8;134.5;1.82;407;419;13.4;13.4;8.9;13345;52;0;0;256
2022:08:19:18:35:01,367;5;173;150.2;132.6;134.2;1.2;264;266;13.5;13.7;8.9;13345;52;0;0;256
2022:08:19:18:36:01,475;7;273;226.8;133.7;137.0;4.57;1042;1040;13.7;14.2;8.9;13345;52;0;0;256
2022:08:19:18:37:00,804;4;124;108.8;132.8;134.0;0.58;78;82;14.1;14.0;8.9;13345;52;0;0;256
2022:08:19:18:38:00,033;5;168;142.5;132.1;133.6;1.1;241;240;13.7;13.7;8.9;13345;52;0;0;256
2022:08:19:18:39:00,321;7;247;206.6;133.5;135.9;3.48;790;794;13.5;14.0;8.9;13345;52;0;0;256
2022:08:19:18:40:00,590;3;99;87.9;132.4;133.2;0.56;19;17;13.7;13.7;8.9;13345;52;0;0;256
2022:08:19:18:41:00,718;3;117;101.7;132.6;133.4;0.55;49;54;13.4;13.2;8.9;13345;52;0;0;256
2022:08:19:18:42:00,787;5;177;151.7;132.8;134.7;1.28;284;284;13.1;13.4;8.9;13345;52;0;0;256
2022:08:19:18:43:01,055;7;242;201.8;133.3;135.9;3.3;750;748;13.1;13.4;8.9;13345;52;0;0;256
2022:08:19:18:44:01,464;6;199;167.0;133.0;134.8;1.78;401;414;13.3;13.4;8.9;13345;52;0;0;256
2022:08:19:18:45:00,872;5;161;136.1;132.6;133.9;0.97;209;219;13.3;13.6;9.0;13345;52;0;0;256
2022:08:19:18:46:00,841;4;158;135.0;132.8;133.7;0.93;196;201;13.2;13.3;9.0;13345;52;0;0;256
2022:08:19:18:47:01,330;3;113;100.3;132.4;133.0;0.56;19;19;13.0;12.9;8.9;13345;52;8;0;256
2022:08:19:18:48:01,518;6;195;168.0;133.3;134.8;1.69;380;379;13.0;13.3;9.0;13345;52;0;0;256
2022:08:19:18:49:00,527;5;176;150.7;133.0;134.8;1.26;279;276;13.2;13.4;9.0;13345;52;0;0;256
2022:08:19:18:50:00,555;4;147;126.0;133.0;133.8;0.84;168;160;13.1;13.0;9.0;13345;52;0;0;256
2022:08:19:18:51:00,204;3;120;104.3;132.8;134.0;0.57;65;66;13.1;13.3;9.0;13345;52;0;0;256
2022:08:19:18:52:00,972;5;189;159.7;133.0;134.8;1.53;342;345;13.0;13.2;9.0;13345;52;0;0;256
2022:08:19:18:53:01,161;5;186;157.6;133.0;134.8;1.46;326;329;12.9;12.9;9.0;13345;52;0;0;256
2022:08:19:18:54:01,290;5;175;150.8;133.0;134.8;1.24;274;275;13.2;13.6;9.0;13345;52;0;0;256
2022:08:19:18:55:00,958;6;191;161.7;133.3;135.1;1.58;355;364;13.1;13.3;9.0;13345;52;0;0;256
2022:08:19:18:56:00,687;7;265;221.6;133.9;136.8;4.12;941;958;13.3;13.4;9.0;13345;52;0;0;256
2022:08:19:18:57:00,835;8;273;226.9;133.9;137.1;4.54;1036;1040;13.9;14.5;9.0;13345;52;0;0;256
2022:08:19:18:58:00,144;7;246;205.2;133.9;136.5;3.5;798;795;14.0;14.3;9.0;13345;52;0;0;256
2022:08:19:18:59:02,892;6;218;184.1;133.5;135.4;2.36;536;546;13.8;14.2;9.0;13345;52;0;0;256
2022:08:19:19:00:02,541;5;182;155.3;133.3;134.6;1.38;307;311;13.9;14.2;9.0;13345;52;0;0;256
2022:08:19:19:01:00,450;4;128;110.4;132.6;133.9;0.62;99;91;13.7;13.8;9.0;13345;52;0;0;256
2022:08:19:19:02:01,338;6;198;166.5;133.5;135.4;1.84;416;408;13.6;13.8;9.0;13345;52;0;0;256
2022:08:19:19:03:01,327;5;173;147.2;132.8;134.5;1.19;264;265;14.0;14.5;9.0;13345;52;0;0;256
2022:08:19:19:04:00,975;7;250;209.4;133.7;136.5;3.53;806;810;13.6;13.8;9.0;13345;52;0;0;256
2022:08:19:19:05:00,764;6;221;185.9;133.5;135.4;2.43;552;572;13.9;14.1;9.0;13345;52;0;0;256
2022:08:19:19:06:00,392;5;189;160.5;133.3;134.6;1.56;349;351;14.2;14.7;9.0;13345;52;0;0;256
2022:08:19:19:07:05,982;7;241;201.1;133.7;136.3;3.24;739;743;13.9;14.4;9.0;13345;52;0;0;256
2022:08:19:19:08:00,470;4;135;116.6;133.0;133.8;0.66;118;117;13.9;14.0;9.1;13345;52;0;0;256
2022:08:19:19:09:00,978;3;120;104.2;132.8;134.0;0.56;60;63;13.7;14.0;9.1;13345;52;0;0;256
2022:08:19:19:10:01,027;3;107;94.1;132.6;133.4;0.57;13;14;13.4;13.4;9.0;13345;52;8;0;256
2022:08:19:19:11:01,075;7;287;243.3;133.5;135.9;3.67;834;832;13.0;13.3;9.1;13345;52;0;0;256
2022:08:19:19:12:00,444;6;214;180.6;133.0;135.3;2.3;520;519;13.7;14.3;9.1;13345;52;0;0;256
2022:08:19:19:13:00,892;6;195;165.5;133.0;134.5;1.72;385;386;14.1;14.0;9.1;13345;52;0;0;256
2022:08:19:19:14:00,821;4;143;123.4;132.4;133.6;0.74;143;143;13.9;14.2;9.1;13345;52;0;0;256
2022:08:19:19:15:00,870;7;231;193.8;132.8;135.3;2.91;657;653;14.3;14.6;9.1;13345;52;0;0;256
2022:08:19:19:16:00,478;7;246;205.6;133.3;135.9;3.42;779;786;14.1;14.2;9.1;13345;52;0;0;256
2022:08:19:19:17:01,347;5;181;154.6;132.8;134.5;1.36;302;305;14.2;14.6;9.1;13345;52;0;0;256
2022:08:19:19:18:01,495;5;184;156.7;133.0;134.3;1.46;325;318;14.2;14.3;9.1;13345;52;0;0;256
2022:08:19:19:19:00,264;4;148;126.8;132.4;133.6;0.79;157;160;13.9;13.9;9.1;13345;52;0;0;256
2022:08:19:19:20:01,292;0;0;8.1;131.7;133.0;0.09;0;0;14.0;14.2;9.1;13347;52;3;4096;1024
2022:08:19:19:21:01,361;0;0;18.5;131.9;133.1;0.09;0;0;13.5;13.7;9.0;13347;52;3;4096;1024
2022:08:19:19:22:01,410;0;0;21.5;131.7;132.7;0.08;0;0;13.0;13.2;9.0;13347;52;3;4096;1024
2022:08:19:19:23:01,478;0;0;22.5;131.7;133.3;0.08;0;0;12.7;12.9;8.9;13347;52;3;4096;1024
2022:08:19:19:24:00,107;0;0;22.7;131.9;133.3;0.08;0;0;12.5;12.7;8.9;13347;52;3;4096;1024
2022:08:19:19:25:00,175;1;45;41.5;131.7;133.3;0.08;0;0;12.4;12.5;8.8;13347;52;1;4096;0
2022:08:19:19:26:00,224;8;285;235.5;133.7;137.3;5.1;1167;1175;12.8;13.2;8.8;13347;52;0;0;256
2022:08:19:19:27:01,352;6;203;171.4;133.0;134.8;1.96;443;441;13.6;13.5;8.8;13347;52;0;0;256
2022:08:19:19:28:01,481;3;90;79.7;132.1;133.4;0.57;5;6;13.5;13.7;8.8;13347;52;0;0;256
2022:08:19:19:29:01,230;3;135;119.7;132.4;133.2;0.55;46;53;13.3;13.2;8.8;13347;52;8;0;256
2022:08:19:19:30:01,538;7;225;188.3;133.3;135.3;2.65;603;605;13.2;13.3;8.8;13347;52;0;0;256
2022:08:19:19:31:00,367;3;123;108.7;132.4;133.2;0.58;70;75;13.4;13.6;8.9;13347;52;0;0;256
2022:08:19:19:32:00,415;6;208;175.7;132.8;134.5;2.1;472;476;13.5;13.7;8.9;13347;52;0;0;256
2022:08:19:19:33:01,164;0;0;13.4;132.1;133.4;0.1;0;0;13.7;13.9;8.8;13349;52;3;4096;1024
2022:08:19:19:34:00,832;0;0;19.9;131.9;133.3;0.08;0;0;13.2;13.3;8.8;13349;52;3;4096;1024
2022:08:19:19:35:00,641;0;0;22.0;132.1;132.9;0.08;0;0;12.8;13.0;8.7;13349;52;3;4096;1024
2022:08:19:19:36:00,670;0;0;22.6;132.4;133.2;0.08;0;0;12.5;12.7;8.7;13349;52;3;4096;1024
2022:08:19:19:37:00,698;0;0;22.8;132.1;133.6;0.08;0;0;12.4;12.5;8.7;13349;52;3;4096;1024
2022:08:19:19:38:00,687;3;107;101.1;132.1;133.4;0.08;0;31;12.2;12.4;8.6;13349;52;1;4096;0
2022:08:19:19:39:01,475;4;132;114.3;132.8;134.0;0.62;105;106;12.8;12.8;8.7;13349;52;0;0;256
2022:08:19:19:40:00,744;5;185;156.9;133.3;134.8;1.46;324;325;13.1;13.5;8.7;13349;52;0;0;256
2022:08:19:19:41:00,672;4;138;119.2;133.0;134.3;0.67;124;126;13.3;13.2;8.7;13349;52;0;0;256
2022:08:19:19:42:00,501;5;168;145.1;133.0;134.5;1.1;240;242;13.1;13.2;8.7;13349;52;0;0;256
2022:08:19:19:43:00,350;3;115;102.1;133.0;133.8;0.59;32;23;13.0;13.3;8.6;13349;52;8;0;256
2022:08:19:19:44:00,218;6;217;183.0;133.3;135.6;2.37;539;541;13.2;13.2;8.7;13349;52;0;0;256
2022:08:19:19:45:00,447;6;212;179.9;133.5;135.4;2.17;491;498;13.6;13.8;8.7;13349;52;0;0;256
2022:08:19:19:46:01,135;5;191;163.3;133.3;135.1;1.52;338;350;13.7;13.8;8.7;13349;52;0;0;256
2022:08:19:19:47:01,244;6;207;175.0;133.3;135.3;2.06;466;468;13.5;13.5;8.7;13349;52;0;0;256
2022:08:19:19:48:01,313;4;143;124.5;133.3;134.2;0.74;143;147;13.5;13.9;8.7;13349;52;0;0;256
2022:08:19:19:49:01,406;5;160;135.8;133.0;134.8;0.97;209;215;13.7;13.9;8.8;13349;52;0;0;256
2022:08:19:19:50:00,001;5;191;164.0;133.5;135.4;1.62;363;358;13.4;13.5;8.8;13349;52;0;0;256
2022:08:19:19:51:00,015;6;219;183.1;133.5;135.9;2.39;544;553;13.4;13.7;8.8;13349;52;0;0;256
2022:08:19:19:52:00,870;6;207;172.8;133.5;135.7;2.22;502;496;14.4;14.6;8.8;13349;52;0;0;256
2022:08:19:19:53:03,225;7;243;201.3;133.7;136.7;3.53;806;810;14.0;14.6;8.8;13349;52;0;0;256
2022:08:19:19:54:00,954;5;167;143.1;133.0;134.5;1.25;275;255;14.2;14.5;8.8;13349;52;0;0;256
2022:08:19:19:55:00,862;7;245;203.9;133.7;136.7;3.64;831;821;14.0;14.3;8.9;13349;52;0;0;256
2022:08:19:19:56:00,211;5;154;129.6;133.0;134.0;0.94;197;198;14.2;14.1;8.9;13349;52;0;0;256
2022:08:19:19:57:00,999;0;0;3.6;132.4;133.2;0.09;0;0;14.1;14.3;8.8;13351;52;3;4096;1024
2022:08:19:19:58:00,968;0;0;17.1;132.1;133.6;0.09;0;0;13.5;13.7;8.8;13351;52;3;4096;1024
2022:08:19:19:59:00,997;0;0;21.2;131.9;133.6;0.09;0;0;13.0;13.2;8.8;13351;52;3;4096;1024
2022:08:19:20:00:01,045;0;0;22.4;132.6;134.2;0.08;0;0;12.7;12.9;8.7;13351;52;3;4096;1024
2022:08:19:20:01:01,054;0;0;22.8;132.8;134.2;0.08;0;0;12.5;12.6;8.7;13351;52;3;4096;1024
2022:08:19:20:02:01,062;1;29;26.6;132.4;133.8;0.08;0;0;12.4;12.5;8.6;13351;52;1;4096;0
2022:08:19:20:03:01,091;5;190;163.1;133.5;135.4;1.54;346;351;12.2;12.2;8.7;13351;52;0;0;256
2022:08:19:20:04:00,259;6;227;191.5;133.7;136.3;2.66;608;618;12.8;13.2;8.7;13351;52;0;0;256
2022:08:19:20:05:00,368;3;103;89.8;133.0;134.0;0.56;20;23;13.3;13.1;8.6;13351;52;0;0;256
2022:08:19:20:06:00,397;3;107;94.0;132.6;133.4;0.56;31;31;13.1;13.1;8.6;13351;52;0;0;256
2022:08:19:20:07:00,525;3;114;98.9;133.0;134.3;0.56;47;48;13.0;13.2;8.7;13351;52;0;0;256
2022:08:19:20:08:00,594;5;203;172.8;133.7;135.7;1.94;437;440;13.1;13.1;8.7;13351;52;0;0;256
2022:08:19:20:09:00,002;5;170;144.5;133.7;135.2;1.06;231;251;13.7;13.8;8.7;13351;52;0;0;256
2022:08:19:20:10:01,311;6;204;172.1;133.9;135.7;1.99;453;454;13.4;13.5;8.7;13351;52;0;0;256
2022:08:19:20:11:01,459;4;184;161.5;133.5;134.4;0.71;136;146;13.2;13.2;8.7;13351;52;8;0;256
2022:08:19:20:12:00,048;5;181;152.0;133.5;135.4;1.39;311;305;13.5;13.7;8.8;13351;52;0;0;256
2022:08:19:20:13:01,057;5;193;166.1;133.5;135.4;1.64;369;373;13.7;13.8;8.8;13351;52;0;0;256
2022:08:19:20:14:00,625;4;122;105.6;133.3;133.8;0.58;77;72;13.6;13.5;8.8;13351;52;0;0;256
2022:08:19:20:15:00,674;4;155;134.0;133.5;134.9;0.88;184;185;13.7;14.1;8.8;13351;52;0;0;256
2022:08:19:20:16:01,142;7;238;201.1;134.4;136.8;3.03;695;716;14.0;14.1;8.8;13351;52;0;0;256
2022:08:19:20:17:01,231;5;200;170.0;133.9;136.1;1.85;418;420;14.1;14.3;8.8;13351;52;0;0;256
2022:08:19:20:18:01,319;5;168;144.8;133.7;134.9;1.08;237;244;14.0;14.4;8.8;13351;52;0;0;256
2022:08:19:20:19:01,528;6;215;179.7;134.4;136.2;2.3;523;535;13.7;13.9;8.8;13351;52;0;0;256
2022:08:19:20:20:01,077;3;108;93.8;133.5;134.4;0.59;45;33;13.8;13.9;8.8;13351;52;0;0;256
2022:08:19:20:21:00,985;5;168;143.3;133.7;134.9;1.14;249;244;13.5;14.0;8.9;13351;52;0;0;256
2022:08:19:20:22:01,034;3;129;112.8;133.7;134.7;0.6;88;95;13.5;13.5;8.9;13351;52;0;0;256
2022:08:19:20:23:01,143;6;238;200.7;134.4;137.0;3.06;703;707;13.7;13.9;8.9;13351;52;0;0;256
2022:08:19:20:24:01,431;7;218;182.3;134.2;135.9;2.46;562;555;13.9;14.3;8.9;13351;52;0;0;256
2022:08:19:20:25:01,479;5;199;169.4;134.2;135.7;1.81;408;414;13.9;13.9;8.9;13351;52;0;0;256
2022:08:19:20:26:01,468;0;0;12.6;132.8;134.0;0.09;0;0;13.8;14.0;8.9;13353;52;3;4096;1024
2022:08:19:20:27:00,117;0;0;19.8;133.0;134.0;0.09;0;0;13.3;13.5;8.8;13353;52;3;4096;1024
2022:08:19:20:28:00,085;0;0;22.1;133.0;134.3;0.09;0;0;12.9;13.1;8.8;13353;52;3;4096;1024
2022:08:19:20:29:00,154;0;0;22.7;133.0;134.0;0.08;0;0;12.6;12.8;8.7;13353;52;3;4096;1024
2022:08:19:20:30:00,302;0;0;23.0;132.8;134.0;0.08;0;0;12.5;12.5;8.7;13353;52;3;4096;1024
2022:08:19:20:31:00,431;4;154;132.1;132.8;134.2;0.06;1;186;12.1;12.2;8.7;13353;52;0;0;0
2022:08:19:20:32:00,139;8;301;248.8;135.1;138.4;5.97;1376;1384;12.6;12.7;8.7;13353;52;0;0;256
2022:08:19:20:33:00,248;4;144;124.9;133.5;134.0;0.74;144;147;13.4;13.6;8.7;13353;52;0;0;256
2022:08:19:20:34:00,716;7;268;224.2;134.6;137.4;4.22;969;976;13.2;13.3;8.7;13353;52;0;0;256
2022:08:19:20:35:00,725;0;0;12.2;132.6;133.6;0.09;0;0;13.7;13.7;8.6;13355;52;3;4096;1024
2022:08:19:20:36:00,774;0;0;19.8;132.8;134.2;0.09;0;0;13.1;13.2;8.6;13355;52;3;4096;1024
2022:08:19:20:37:00,702;0;0;22.1;132.8;133.7;0.09;0;0;12.6;12.8;8.5;13355;52;3;4096;1024
2022:08:19:20:38:00,731;0;0;22.6;132.8;134.2;0.08;0;0;12.5;12.5;8.5;13355;52;3;4096;1024
2022:08:19:20:39:00,759;0;0;23.0;132.8;134.0;0.08;0;0;12.3;12.4;8.5;13355;52;3;4096;1024
2022:08:19:20:40:00,708;5;174;147.2;133.7;134.9;1.24;272;272;12.0;12.3;8.5;13355;52;0;0;256
2022:08:19:20:41:00,696;0;0;14.3;133.0;134.3;0.08;0;0;12.3;12.5;8.4;13357;52;3;4096;1024
2022:08:19:20:42:00,665;0;0;20.3;132.8;134.2;0.08;0;0;12.1;12.3;8.4;13357;52;3;4096;1024
2022:08:19:20:43:00,714;0;0;22.2;133.0;134.3;0.07;0;0;12.0;12.1;8.3;13357;52;3;4096;1024
2022:08:19:20:44:00,662;0;0;22.8;132.8;134.5;0.08;0;0;11.9;12.0;8.3;13357;52;3;4096;1024
2022:08:19:20:45:00,731;0;0;23.0;133.0;134.0;0.08;0;0;11.9;12.0;8.3;13357;52;3;4096;1024
2022:08:19:20:46:00,759;6;216;181.2;134.4;136.0;2.34;535;532;11.6;11.9;8.3;13357;52;0;0;256
2022:08:19:20:47:01,168;6;207;175.2;134.2;135.4;2.05;465;469;12.8;12.8;8.3;13357;52;0;0;256
2022:08:19:20:48:01,176;0;0;12.0;133.0;134.3;0.09;0;0;13.1;13.1;8.3;13359;52;3;4096;1024
2022:08:19:20:49:01,185;0;0;19.7;133.0;134.3;0.08;0;0;12.6;12.7;8.2;13359;52;3;4096;1024
2022:08:19:20:50:01,114;0;0;22.1;133.3;134.6;0.08;0;0;12.3;12.4;8.2;13359;52;3;4096;1024
2022:08:19:20:51:01,122;0;0;22.7;133.0;134.5;0.08;0;0;12.1;12.2;8.2;13359;52;3;4096;1024
2022:08:19:20:52:01,052;0;0;23.0;133.3;134.2;0.08;0;0;11.9;12.0;8.2;13359;52;3;4096;1024
2022:08:19:20:53:01,119;3;115;109.6;133.0;134.5;0.08;0;51;11.7;11.9;8.2;13359;52;1;4096;0
2022:08:19:20:54:00,227;6;197;166.9;134.2;135.7;1.73;390;399;12.1;12.2;8.2;13359;52;0;0;256
2022:08:19:20:55:00,376;4;123;105.9;133.7;134.7;0.58;77;75;12.5;12.5;8.2;13359;52;0;0;256
2022:08:19:20:56:00,385;4;137;118.9;133.7;134.9;0.67;121;122;12.5;12.7;8.3;13359;52;0;0;256
2022:08:19:20:57:01,154;4;127;110.1;132.6;133.0;0.59;87;89;12.5;12.3;8.3;13359;52;0;0;256
2022:08:19:20:58:01,242;3;94;83.7;132.1;132.9;0.57;7;5;12.5;12.5;8.3;13359;52;8;0;256
2022:08:19:20:59:00,431;4;164;142.7;132.6;133.9;0.82;169;171;12.5;12.8;8.3;13359;52;0;0;256
2022:08:19:21:00:01,279;6;208;176.8;133.3;134.8;2.05;462;476;12.8;12.8;8.4;13359;52;0;0;256
2022:08:19:21:01:00,628;7;243;203.5;133.3;135.9;3.37;764;763;13.2;13.4;8.4;13359;52;0;0;256
2022:08:19:21:02:00,235;3;86;74.9;132.1;133.1;0.58;6;5;13.4;13.7;8.4;13359;52;0;0;256
2022:08:19:21:03:01,105;4;132;114.1;132.4;133.2;0.64;110;106;12.9;12.9;8.4;13359;52;0;0;256
2022:08:19:21:04:01,354;4;155;133.7;132.6;133.6;0.89;186;190;12.7;12.7;8.5;13359;52;0;0;256
2022:08:19:21:05:00,582;5;192;164.4;133.0;134.5;1.59;357;363;13.3;13.7;8.5;13359;52;0;0;256
2022:08:19:21:06:00,511;4;143;123.1;132.8;133.7;0.72;139;140;13.3;13.4;8.5;13359;52;0;0;256
2022:08:19:21:07:00,619;6;204;173.4;133.0;135.1;1.95;440;448;12.9;12.9;8.6;13359;52;0;0;256
2022:08:19:21:08:00,688;3;158;138.9;132.4;133.0;0.59;83;89;13.0;13.3;8.6;13359;52;8;0;256
2022:08:19:21:09:01,436;4;144;124.0;132.6;134.2;0.76;147;147;13.1;13.1;8.6;13359;52;0;0;256
2022:08:19:21:10:01,365;7;248;207.7;133.3;135.9;3.52;801;802;13.0;13.1;8.6;13359;52;0;0;256
2022:08:19:21:11:00,574;4;131;112.9;132.6;133.6;0.62;102;103;13.3;13.5;8.7;13359;52;0;0;256
2022:08:19:21:12:00,181;4;139;120.5;132.8;134.0;0.66;121;126;13.0;13.3;8.7;13359;52;0;0;256
2022:08:19:21:13:00,310;4;129;111.4;132.8;134.0;0.61;93;95;12.9;12.9;8.7;13359;52;0;0;256
2022:08:19:21:14:00,219;5;174;148.4;133.0;134.8;1.2;266;272;12.7;12.7;8.7;13359;52;0;0;256
2022:08:19:21:15:00,287;5;166;142.7;133.0;134.8;1.09;236;240;12.9;13.3;8.7;13359;52;0;0;256
2022:08:19:21:16:00,576;4;158;137.4;133.0;134.5;0.93;195;194;12.9;13.0;8.7;13359;52;0;0;256
2022:08:19:21:17:00,324;4;147;126.8;133.0;134.0;0.8;161;159;13.2;13.1;8.8;13359;52;0;0;256
2022:08:19:21:18:00,393;7;238;199.0;133.7;135.7;3.14;714;713;12.9;13.4;8.8;13359;52;0;0;256
2022:08:19:21:19:00,802;5;155;135.3;133.3;134.2;0.9;191;190;13.4;13.4;8.8;13359;52;0;0;256
2022:08:19:21:20:00,891;4;135;117.4;133.0;134.3;0.65;108;113;13.2;13.2;8.8;13359;52;0;0;256
2022:08:19:21:21:00,999;3;87;75.3;132.6;133.4;0.56;5;5;13.1;13.5;8.7;13359;52;0;0;256
2022:08:19:21:22:01,068;5;173;150.0;133.3;134.8;1.2;264;267;12.9;13.0;8.8;13359;52;0;0;256
2022:08:19:21:23:01,256;4;127;110.3;133.0;134.3;0.59;85;89;12.9;12.8;8.8;13359;52;0;0;256
2022:08:19:21:24:01,325;4;157;134.5;133.3;134.2;0.93;195;201;12.8;13.2;8.8;13359;52;0;0;256
2022:08:19:21:25:03,933;6;224;190.7;134.2;135.9;2.52;575;597;12.7;12.8;8.8;13359;52;0;0;256
2022:08:19:21:26:01,402;6;207;173.5;133.9;135.5;2.11;477;464;13.5;13.5;8.8;13359;52;0;0;256
2022:08:19:21:27:01,411;5;167;142.7;133.3;134.8;1.1;241;240;13.6;14.0;8.8;13359;52;0;0;256
2022:08:19:21:28:00,378;6;209;176.2;133.9;136.1;2.2;501;482;13.6;13.9;8.8;13359;52;0;0;256
2022:08:19:21:29:00,527;6;209;176.0;134.2;136.2;2.13;483;482;13.8;13.8;8.8;13359;52;0;0;256
2022:08:19:21:30:01,256;7;263;220.1;134.8;137.4;3.99;918;932;13.7;14.2;8.8;13359;52;0;0;256
2022:08:19:21:31:00,484;4;130;113.7;133.0;134.3;0.59;89;98;14.1;14.2;8.8;13359;52;0;0;256
2022:08:19:21:32:00,392;5;173;150.0;133.3;134.6;1.16;255;266;13.7;13.7;8.8;13359;52;0;0;256
2022:08:19:21:33:01,162;5;164;139.0;132.8;134.2;1.04;222;224;13.6;14.1;8.9;13359;52;0;0;256
2022:08:19:21:34:01,251;8;300;247.0;134.4;138.1;5.96;1370;1360;13.5;13.8;8.9;13359;52;0;0;256
2022:08:19:21:35:01,199;0;0;14.5;132.4;133.6;0.09;0;0;13.7;13.8;8.8;13361;52;3;4096;1024
2022:08:19:21:36:01,248;0;0;20.3;132.1;133.6;0.08;0;0;13.1;13.3;8.8;13361;52;3;4096;1024
2022:08:19:21:37:01,196;0;0;22.1;132.4;133.6;0.09;0;0;12.7;12.9;8.8;13361;52;3;4096;1024
2022:08:19:21:38:01,185;0;0;22.7;132.4;133.6;0.08;0;0;12.5;12.6;8.7;13361;52;3;4096;1024
2022:08:19:21:39:01,193;0;0;22.9;132.4;133.8;0.08;0;0;12.3;12.4;8.7;13361;52;3;4096;1024
2022:08:19:21:40:02,322;4;158;138.1;132.8;134.5;0.91;192;197;12.1;12.3;8.7;13361;52;0;0;256
2022:08:19:21:41:00,831;5;174;150.3;133.3;135.1;1.21;267;271;12.4;12.3;8.7;13361;52;0;0;256
2022:08:19:21:42:00,718;3;98;86.0;132.8;133.7;0.57;16;16;12.6;12.7;8.6;13361;52;0;0;256
2022:08:19:21:43:01,228;4;155;135.7;132.8;134.2;0.9;188;190;12.7;12.9;8.7;13361;52;0;0;256
2022:08:19:21:44:01,296;0;0;2.3;132.4;134.1;0.09;0;0;13.4;13.5;8.6;13363;52;3;4096;1024
2022:08:19:21:45:01,305;0;0;16.7;132.4;133.6;0.09;0;0;12.9;13.0;8.6;13363;52;3;4096;1024
2022:08:19:21:46:01,433;0;0;21.1;132.4;133.6;0.08;0;0;12.5;12.6;8.6;13363;52;3;4096;1024
2022:08:19:21:47:01,442;0;0;22.4;132.6;133.6;0.08;0;0;12.3;12.4;8.5;13363;52;3;4096;1024
2022:08:19:21:48:01,471;0;0;22.7;132.4;133.6;0.09;0;0;12.1;12.2;8.5;13363;52;3;4096;1024
2022:08:19:21:49:01,499;0;8;23.7;132.6;133.4;0.08;0;0;12.0;12.1;8.5;13363;52;1;4096;0
2022:08:19:21:50:00,027;7;227;190.4;133.7;135.9;2.72;618;621;11.8;12.1;8.5;13363;52;0;0;256
2022:08:19:21:51:00,115;0;0;10.8;132.8;134.0;0.08;0;0;12.6;12.6;8.4;13365;52;3;4096;1024
2022:08:19:21:52:00,124;0;0;19.3;132.8;134.0;0.08;0;0;12.3;12.4;8.4;13365;52;3;4096;1024
2022:08:19:21:53:00,172;0;0;21.8;132.8;134.2;0.08;0;0;12.1;12.2;8.3;13365;52;3;4096;1024
2022:08:19:21:54:00,501;0;0;22.6;132.8;134.5;0.08;0;0;11.9;12.0;8.3;13365;52;3;4096;1024
2022:08:19:21:55:00,510;0;0;22.9;133.0;134.5;0.08;0;0;11.8;11.9;8.3;13365;52;3;4096;1024
2022:08:19:21:56:00,598;3;131;117.7;133.0;133.8;0.09;1;98;11.6;11.7;8.3;13365;52;0;4096;0
2022:08:19:21:57:00,707;6;207;177.3;133.9;135.7;2.05;465;467;12.0;11.8;8.3;13365;52;0;0;256
2022:08:19:21:58:01,456;4;153;130.6;133.7;135.2;0.86;180;182;12.5;12.8;8.3;13365;52;0;0;256
2022:08:19:21:59:00,644;7;252;210.3;134.4;136.8;3.62;829;830;13.0;13.1;8.3;13365;52;0;0;256
2022:08:19:22:00:00,772;0;0;14.5;133.0;134.5;0.09;0;0;13.1;13.1;8.3;13367;52;3;4096;1024
2022:08:19:22:01:00,761;0;0;20.4;133.0;134.5;0.09;0;0;12.5;12.6;8.2;13367;52;3;4096;1024
2022:08:19:22:02:00,690;0;0;22.2;132.8;134.0;0.08;0;0;12.2;12.3;8.2;13367;52;3;4096;1024
2022:08:19:22:03:00,538;0;0;22.7;132.8;134.0;0.08;0;0;11.9;12.1;8.2;13367;52;3;4096;1024
2022:08:19:22:04:00,587;0;0;22.9;132.6;133.9;0.09;0;0;11.8;11.9;8.2;13367;52;3;4096;1024
2022:08:19:22:05:00,619;7;247;206.2;133.7;136.5;3.49;797;794;11.5;11.9;8.2;13367;52;0;0;256
2022:08:19:22:06:01,241;3;116;102.4;132.6;133.4;0.56;46;54;12.4;12.3;8.2;13367;52;0;0;256
2022:08:19:22:07:01,361;7;235;197.7;133.3;135.6;3.02;687;690;13.0;13.1;8.2;13367;52;0;0;256
2022:08:19:22:08:01,141;6;214;180.2;133.3;135.3;2.3;520;519;13.1;13.5;8.3;13367;52;0;0;256
2022:08:19:22:09:00,402;6;201;169.3;133.3;135.3;1.93;436;434;13.7;13.8;8.3;13367;52;0;0;256
2022:08:19:22:10:00,560;6;195;167.9;133.5;135.4;1.68;380;386;14.0;14.1;8.3;13367;52;0;0;256
2022:08:19:22:11:00,595;4;139;120.0;133.3;134.6;0.68;124;130;14.0;14.4;8.3;13367;52;0;0;256
2022:08:19:22:12:00,689;5;177;151.3;133.0;134.8;1.24;274;276;13.5;13.6;8.4;13367;52;0;0;256
2022:08:19:22:13:00,104;6;225;188.6;133.5;135.7;2.65;601;602;13.3;13.4;8.4;13367;52;0;0;256
2022:08:19:22:14:01,058;6;225;190.0;133.5;135.7;2.64;600;604;13.5;14.0;8.5;13367;52;0;0;256
2022:08:19:22:15:00,991;4;146;125.4;132.8;134.5;0.77;154;156;13.7;13.8;8.5;13367;52;0;0;256
2022:08:19:22:16:06,320;5;167;141.4;133.3;134.8;1.07;232;238;13.4;13.6;8.5;13367;52;0;0;256
2022:08:19:22:17:00,268;5;159;135.3;133.0;134.8;0.97;208;206;13.4;13.6;8.6;13367;52;0;0;256
2022:08:19:22:18:00,337;4;131;112.8;133.0;134.3;0.62;101;103;13.4;13.7;8.6;13367;52;0;0;256
2022:08:19:22:19:00,425;4;135;115.2;132.8;134.0;0.66;116;116;13.1;13.2;8.6;13367;52;0;0;256
2022:08:19:22:20:00,454;4;141;121.8;133.0;134.5;0.68;128;137;12.9;13.0;8.7;13367;52;0;0;256
2022:08:19:22:21:00,062;5;190;161.0;133.5;134.9;1.54;344;351;13.3;13.7;8.7;13367;52;0;0;256
2022:08:19:22:22:00,171;5;209;178.0;133.5;135.4;2.03;460;484;13.4;13.5;8.7;13367;52;0;0;256
2022:08:19:22:23:00,340;5;178;150.4;133.3;134.8;1.36;300;293;13.5;13.6;8.7;13367;52;0;0;256
2022:08:19:22:24:00,368;4;141;121.9;133.3;134.2;0.7;134;133;13.5;13.8;8.7;13367;52;0;0;256
2022:08:19:22:25:00,417;5;165;142.3;133.3;135.1;1.07;234;231;13.2;13.3;8.7;13367;52;0;0;256
2022:08:19:22:26:01,205;6;229;193.5;133.9;136.5;2.75;630;634;13.3;13.6;8.8;13367;52;0;0;256
2022:08:19:22:27:00,474;5;169;143.5;133.3;135.3;1.09;240;247;13.7;14.2;8.8;13367;52;0;0;256
2022:08:19:22:28:00,542;4;151;130.4;133.5;134.6;0.82;169;174;13.4;13.5;8.8;13367;52;0;0;256
2022:08:19:22:29:00,591;4;143;123.9;132.8;134.0;0.74;142;144;13.4;13.5;8.8;13367;52;0;0;256
2022:08:19:22:30:00,419;6;195;164.2;133.5;135.4;1.71;385;384;13.2;13.6;8.8;13367;52;0;0;256
2022:08:19:22:31:00,368;0;0;9.5;132.1;133.4;0.09;0;0;13.6;13.7;8.8;13369;52;3;4096;1024
2022:08:19:22:32:00,457;0;0;18.9;132.1;133.1;0.09;0;0;13.0;13.2;8.7;13369;52;3;4096;1024
2022:08:19:22:33:00,525;0;0;21.6;131.9;133.1;0.08;0;0;12.6;12.8;8.7;13369;52;3;4096;1024
2022:08:19:22:34:00,534;0;0;22.5;131.9;133.3;0.09;0;0;12.4;12.5;8.7;13369;52;3;4096;1024
2022:08:19:22:35:00,542;0;0;22.7;132.1;133.1;0.08;0;0;12.3;12.4;8.7;13369;52;3;4096;1024
2022:08:19:22:36:00,631;6;214;180.6;133.0;134.5;2.21;500;512;11.9;12.0;8.7;13369;52;0;0;256
2022:08:19:22:37:00,139;3;113;97.9;132.4;133.0;0.56;45;45;12.5;12.8;8.7;13369;52;0;0;256
2022:08:19:22:38:00,368;4;141;121.8;132.6;133.6;0.69;128;137;12.6;12.5;8.7;13369;52;0;0;256
2022:08:19:22:39:01,798;5;182;155.5;132.6;134.2;1.38;306;309;13.0;13.4;8.7;13369;52;0;0;256
2022:08:19:22:40:00,325;3;115;100.0;132.4;133.0;0.56;52;51;13.0;13.1;8.7;13369;52;0;0;256
2022:08:19:22:41:00,554;4;130;111.9;132.4;133.0;0.62;99;103;13.0;12.9;8.7;13369;52;0;0;256
2022:08:19:22:42:00,822;6;213;180.4;132.8;134.5;2.18;491;503;12.7;13.1;8.7;13369;52;0;0;256
2022:08:19:22:43:01,111;4;134;116.6;132.4;133.8;0.64;109;113;13.0;12.9;8.7;13369;52;0;0;256
2022:08:19:22:44:00,159;5;178;151.2;132.8;134.2;1.28;282;290;13.0;12.9;8.7;13369;52;0;0;256
2022:08:19:22:45:01,248;3;121;104.9;132.6;133.4;0.57;67;69;13.1;13.4;8.7;13369;52;0;0;256
2022:08:19:22:46:01,357;3;104;91.6;132.6;133.4;0.56;26;27;12.9;12.8;8.7;13369;52;0;0;256
2022:08:19:22:47:01,405;6;219;183.5;133.5;135.4;2.49;565;555;12.7;12.8;8.7;13369;52;0;0;256
2022:08:19:22:48:00,074;8;277;230.6;133.9;137.3;4.73;1083;1076;13.5;14.0;8.7;13369;52;0;0;256
2022:08:19:22:49:00,862;5;171;144.8;133.0;134.8;1.16;254;259;14.0;14.0;8.8;13369;52;0;0;256
2022:08:19:22:50:00,991;5;169;145.6;132.8;134.5;1.15;250;247;13.6;13.6;8.8;13369;52;0;0;256
2022:08:19:22:51:01,039;4;133;114.8;133.0;134.3;0.62;103;110;13.4;13.7;8.8;13369;52;0;0;256
2022:08:19:22:52:01,128;4;135;116.6;133.3;134.0;0.67;118;117;13.2;13.2;8.8;13369;52;0;0;256
2022:08:19:22:53:01,257;5;176;152.0;133.0;135.3;1.25;274;276;13.0;13.0;8.8;13369;52;0;0;256
2022:08:19:22:54:01,385;5;183;157.0;133.3;135.1;1.44;321;321;13.3;13.7;8.8;13369;52;0;0;256
2022:08:19:22:55:00,134;7;245;204.2;133.7;136.5;3.45;789;776;13.4;13.7;8.8;13369;52;0;0;256
2022:08:19:22:56:00,162;5;195;165.2;133.3;135.3;1.73;387;386;13.6;13.6;8.8;13369;52;0;0;256
2022:08:19:22:57:00,911;6;190;160.3;133.3;134.8;1.58;354;351;13.5;14.0;8.8;13369;52;0;0;256
2022:08:19:22:58:00,419;5;167;144.0;133.0;134.8;1.09;237;239;13.5;13.7;8.8;13369;52;0;0;256
2022:08:19:22:59:01,148;4;137;118.0;132.8;134.5;0.67;120;122;13.3;13.3;8.8;13369;52;0;0;256
2022:08:19:23:00:00,697;5;184;155.4;133.3;134.8;1.45;324;326;13.4;13.7;8.8;13369;52;0;0;256
2022:08:19:23:01:01,445;5;192;162.3;133.0;134.5;1.59;356;358;13.3;13.4;8.8;13369;52;0;0;256
2022:08:19:23:02:00,454;3;103;89.6;132.8;134.0;0.55;23;23;13.5;13.5;8.8;13369;52;0;0;256
2022:08:19:23:03:01,222;6;228;192.0;133.5;135.7;2.74;623;629;13.4;13.9;8.8;13369;52;0;0;256
2022:08:19:23:04:01,311;5;169;146.5;133.3;134.8;1.09;238;247;13.6;13.6;8.8;13369;52;0;0;256
2022:08:19:23:05:01,319;3;107;94.6;132.6;133.9;0.51;18;31;13.4;13.5;8.8;13369;52;0;0;256
2022:08:19:23:06:01,388;5;168;145.1;133.0;134.5;1.04;225;239;13.3;13.7;8.8;13369;52;0;0;256
2022:08:19:23:07:00,936;5;175;150.2;133.0;134.8;1.21;269;280;13.2;13.3;8.8;13369;52;0;0;256
2022:08:19:23:08:01,045;7;260;216.6;134.2;137.0;3.91;896;912;13.1;13.3;8.8;13369;52;0;0;256
2022:08:19:23:09:01,094;6;223;188.2;133.5;135.7;2.61;592;594;13.5;13.9;8.8;13369;52;0;0;256
2022:08:19:23:10:00,042;4;137;117.4;133.0;134.3;0.66;119;122;13.5;13.6;8.8;13369;52;0;0;256
2022:08:19:23:11:00,151;5;177;153.6;133.3;135.1;1.21;267;278;13.2;13.1;8.8;13369;52;0;0;256
2022:08:19:23:12:01,499;7;235;197.2;133.7;135.9;3.01;685;687;13.1;13.7;8.8;13369;52;0;0;256
2022:08:19:23:13:00,668;7;237;199.0;133.7;137.0;3.1;709;708;13.5;13.7;8.8;13369;52;0;0;256
2022:08:19:23:14:00,596;4;157;135.1;133.0;134.8;0.93;195;197;13.7;13.7;8.8;13369;52;0;0;256
2022:08:19:23:15:01,345;4;126;108.4;133.0;134.5;0.6;88;86;14.0;14.3;8.8;13369;52;0;0;256
2022:08:19:23:16:01,454;5;189;159.6;133.7;135.5;1.57;353;346;13.6;13.6;8.8;13369;52;0;0;256
2022:08:19:23:17:01,222;7;237;198.9;133.9;136.8;3.17;723;717;13.4;13.8;8.8;13369;52;0;0;256
2022:08:19:23:18:00,791;5;163;141.6;133.3;134.8;1.0;216;219;13.7;14.1;8.9;13369;52;0;0;256
2022:08:19:23:19:00,059;2;0;0.3;133.0;134.0;0.1;0;0;14.5;14.5;8.8;13371;52;3;4096;1024
2022:08:19:23:20:00,088;0;0;15.7;133.0;134.3;0.09;0;0;13.8;14.0;8.8;13371;52;3;4096;1024
2022:08:19:23:21:00,157;0;0;20.8;132.8;134.2;0.09;0;0;13.2;13.4;8.7;13371;52;3;4096;1024
2022:08:19:23:22:00,065;0;0;22.4;133.0;134.3;0.08;0;0;12.8;13.0;8.7;13371;52;3;4096;1024
2022:08:19:23:23:00,034;0;0;22.8;133.0;134.8;0.09;0;0;12.5;12.7;8.6;13371;52;3;4096;1024
2022:08:19:23:24:00,102;0;0;23.0;132.8;134.2;0.08;0;0;12.4;12.5;8.6;13371;52;1;4096;0
2022:08:19:23:25:00,111;2;67;62.2;132.8;134.2;0.08;0;0;12.2;12.3;8.6;13371;52;1;4096;0
2022:08:19:23:26:00,239;7;255;212.3;134.4;136.8;3.77;862;863;12.5;12.7;8.6;13371;52;0;0;256
2022:08:19:23:27:01,528;6;208;176.9;133.9;135.7;2.06;469;476;13.3;13.6;8.6;13371;52;0;0;256
2022:08:19:23:28:00,816;5;186;158.1;133.9;135.5;1.47;330;329;13.3;13.3;8.6;13371;52;0;0;256
2022:08:19:23:29:00,905;5;189;161.2;133.7;135.7;1.53;341;341;13.1;13.2;8.6;13371;52;0;0;256
2022:08:19:23:30:01,194;5;175;148.7;133.5;135.4;1.23;272;280;13.4;13.6;8.6;13371;52;0;0;256
2022:08:19:23:31:01,242;3;155;135.6;133.3;134.6;0.59;83;86;13.1;13.0;8.6;13371;52;8;0;256
2022:08:19:23:32:01,151;5;187;160.8;133.5;135.4;1.43;320;329;13.2;13.5;8.7;13371;52;0;0;256
2022:08:19:23:33:01,199;4;133;115.0;133.5;134.4;0.64;105;110;13.2;13.3;8.7;13371;52;0;0;256
2022:08:19:23:34:00,088;6;191;163.3;133.7;135.5;1.62;363;360;13.0;13.0;8.7;13371;52;0;0;256
2022:08:19:23:35:01,376;3;115;99.6;133.3;134.6;0.56;51;51;13.2;13.6;8.7;13371;52;0;0;256
2022:08:19:23:36:00,305;4;147;126.9;133.7;135.2;0.78;158;160;13.0;13.3;8.7;13371;52;0;0;256
2022:08:19:23:37:00,394;5;185;156.5;133.7;135.5;1.44;322;326;13.1;13.1;8.7;13371;52;0;0;256
2022:08:19:23:38:00,542;3;119;103.6;133.3;134.6;0.56;58;63;13.1;13.4;8.7;13371;52;0;0;256
2022:08:19:23:39:00,611;3;121;104.8;133.5;134.6;0.58;68;66;13.0;13.0;8.7;13371;52;0;0;256
2022:08:19:23:40:02,620;5;193;164.3;133.9;135.5;1.63;368;372;12.8;13.2;8.7;13371;52;0;0;256
2022:08:19:23:41:00,168;6;227;190.5;134.4;136.6;2.71;618;619;12.8;13.2;8.7;13371;52;0;0;256
2022:08:19:23:42:00,656;4;130;113.1;133.7;134.9;0.61;93;98;13.1;13.1;8.7;13371;52;0;0;256
2022:08:19:23:43:00,725;4;129;111.6;133.5;134.6;0.61;100;98;13.1;13.0;8.7;13371;52;0;0;256
2022:08:19:23:44:01,254;0;0;9.4;133.0;133.8;0.1;0;0;13.3;13.5;8.7;13373;52;3;4096;1024
2022:08:19:23:45:01,282;0;0;18.9;133.3;134.8;0.09;0;0;12.8;13.0;8.6;13373;52;3;4096;1024
2022:08:19:23:46:01,351;0;0;21.8;133.3;134.6;0.08;0;0;12.5;12.6;8.6;13373;52;3;4096;1024
2022:08:19:23:47:01,339;0;0;22.7;133.3;134.6;0.08;0;0;12.3;12.4;8.5;13373;52;3;4096;1024
2022:08:19:23:48:01,368;0;0;23.0;133.0;134.0;0.08;0;0;12.1;12.3;8.5;13373;52;3;4096;1024
2022:08:19:23:49:01,356;1;36;33.7;133.3;134.6;0.09;0;0;12.0;12.1;8.5;13373;52;1;4096;0
2022:08:19:23:50:01,385;3;95;91.5;133.3;134.2;0.08;0;12;11.8;12.0;8.4;13373;52;1;4096;0
2022:08:19:23:51:01,413;4;124;107.6;133.5;134.6;0.58;74;78;11.9;12.0;8.5;13373;52;0;0;256
2022:08:19:23:52:01,502;3;99;87.7;133.5;134.0;0.55;8;17;12.3;12.1;8.4;13373;52;0;0;256
2022:08:19:23:53:00,031;3;123;107.7;133.7;134.4;0.58;68;72;12.4;12.4;8.5;13373;52;0;0;256
2022:08:19:23:54:00,099;6;221;186.4;134.4;136.0;2.5;569;569;12.5;12.8;8.5;13373;52;0;0;256
2022:08:19:23:55:00,468;0;0;13.2;133.3;134.6;0.09;0;0;12.7;12.8;8.4;13375;52;3;4096;1024
2022:08:19:23:56:00,576;0;0;20.1;133.0;134.5;0.09;0;0;12.4;12.5;8.4;13375;52;3;4096;1024
2022:08:19:23:57:00,745;0;0;22.1;133.3;134.6;0.09;0;0;12.1;12.2;8.4;13375;52;3;4096;1024
2022:08:19:23:58:00,794;0;0;22.8;133.0;134.5;0.09;0;0;11.9;12.1;8.3;13375;52;3;4096;1024
2022:08:19:23:59:00,842;0;0;22.8;131.7;132.7;0.09;0;0;11.8;11.9;8.3;13375;52;3;4096;1024
2022:08:20:00:00:01,011;1;27;28.3;131.7;132.7;0.09;0;0;11.7;11.8;8.3;13375;52;1;4096;0
2022:08:20:00:01:01,039;5;179;155.0;132.6;133.6;1.34;295;299;11.6;11.8;8.3;13375;52;0;0;256
2022:08:20:00:02:00,288;6;217;182.8;132.8;135.0;2.39;538;540;12.0;11.9;8.4;13375;52;0;0;256
2022:08:20:00:03:01,076;5;171;144.0;132.6;133.9;1.18;258;259;12.5;12.8;8.4;13375;52;0;0;256
2022:08:20:00:04:01,125;7;233;196.7;132.8;134.7;2.94;664;673;12.4;12.4;8.4;13375;52;0;0;256
2022:08:20:00:05:00,134;4;146;125.3;132.4;133.6;0.77;155;156;12.6;12.6;8.4;13375;52;0;0;256
2022:08:20:00:06:00,642;5;158;133.2;132.1;133.4;0.94;199;199;12.5;12.8;8.4;13375;52;0;0;256
2022:08:20:00:07:02,331;4;136;117.8;132.1;133.4;0.67;120;120;12.5;12.5;8.4;13375;52;0;0;256
2022:08:20:00:08:01,479;4;128;111.2;132.4;133.0;0.59;88;91;12.5;12.6;8.4;13375;52;0;0;256
2022:08:20:00:09:11,829;5;176;149.9;132.6;134.2;1.17;258;280;12.5;12.6;8.5;13375;52;0;0;256
2022:08:20:00:10:00,996;2;75;66.0;132.1;132.6;0.57;1;0;12.9;12.6;8.5;13375;52;8;0;256
2022:08:20:00:11:01,125;4;184;161.3;132.4;133.6;0.74;143;146;12.5;12.8;8.5;13375;52;8;0;256
2022:08:20:00:12:01,193;5;189;161.1;132.4;133.6;1.38;305;308;12.5;12.7;8.5;13375;52;0;0;256
2022:08:20:00:13:00,802;5;170;146.9;132.4;134.1;1.18;259;252;12.7;12.6;8.5;13375;52;0;0;256
2022:08:20:00:14:00,051;4;124;106.5;132.1;133.1;0.58;85;78;12.7;12.8;8.5;13375;52;0;0;256
2022:08:20:00:15:00,199;1;46;51.1;131.7;133.0;0.11;0;0;12.5;12.6;8.5;13375;52;1;0;0
2022:08:20:00:16:00,188;2;81;75.8;131.7;132.5;0.12;0;2;12.2;12.3;8.5;13375;52;1;0;0
2022:08:20:00:17:00,176;3;98;86.4;131.9;132.8;0.55;20;17;12.2;12.2;8.6;13375;52;0;0;256
2022:08:20:00:18:00,205;3;123;108.6;131.9;133.1;0.55;30;34;12.2;12.5;8.6;13375;52;8;0;256
2022:08:20:00:19:00,233;4;154;134.5;132.1;133.6;0.76;149;152;12.4;12.2;8.6;13375;52;0;0;256
2022:08:20:00:20:01,062;4;149;128.8;132.4;133.6;0.81;166;171;12.5;12.7;8.6;13375;52;0;0;256
2022:08:20:00:21:00,151;4;138;118.2;132.4;133.6;0.68;128;126;12.6;12.9;8.6;13375;52;0;0;256
2022:08:20:00:22:00,222;5;182;155.8;132.6;134.2;1.39;309;310;12.5;12.4;8.7;13375;52;0;0;256
2022:08:20:00:23:31,244;5;193;163.4;132.6;134.4;1.59;355;372;12.7;13.1;8.7;13375;52;0;0;256
2022:08:20:00:24:00,651;7;255;213.1;133.3;135.9;3.73;848;857;12.9;13.3;8.7;13375;52;0;0;256
2022:08:20:00:25:00,706;6;199;168.3;132.8;134.7;1.79;404;408;13.3;13.2;8.7;13375;52;0;0;256
2022:08:20:00:26:00,780;6;224;190.7;133.3;135.3;2.64;600;597;13.5;13.9;8.7;13375;52;0;0;256
2022:08:20:00:27:00,052;5;171;144.0;132.8;134.7;1.17;257;258;14.0;14.3;8.7;13375;52;0;0;256
2022:08:20:00:28:00,081;5;195;165.5;133.0;134.5;1.72;385;382;13.7;13.7;8.7;13375;52;0;0;256
2022:08:20:00:29:00,189;5;167;145.4;132.8;134.2;1.11;242;244;13.8;14.2;8.7;13375;52;0;0;256
2022:08:20:00:30:00,238;5;177;150.3;133.0;134.5;1.3;288;284;13.5;13.9;8.7;13375;52;0;0;256
2022:08:20:00:31:01,026;6;225;189.4;133.3;135.3;2.65;601;604;13.3;13.4;8.7;13375;52;0;0;256
2022:08:20:00:32:01,115;7;239;200.7;133.5;135.9;3.2;728;728;13.7;14.2;8.8;13375;52;0;0;256
2022:08:20:00:33:01,243;4;148;127.2;132.8;134.5;0.8;163;163;14.0;14.2;8.8;13375;52;0;0;256
2022:08:20:00:34:01,292;5;166;140.1;132.8;134.2;1.08;234;236;13.6;13.5;8.8;13375;52;0;0;256
2022:08:20:00:35:02,840;5;169;144.8;132.8;134.5;1.17;255;250;13.6;14.0;8.8;13375;52;0;0;256
2022:08:20:00:36:00,529;0;0;6.7;132.4;134.1;0.09;0;0;13.8;14.0;8.8;13377;52;3;4096;1024
2022:08:20:00:37:00,618;0;0;18.0;132.4;133.2;0.09;0;0;13.2;13.4;8.8;13377;52;3;4096;1024
2022:08:20:00:38:00,546;0;0;21.3;132.1;133.4;0.09;0;0;12.7;12.9;8.7;13377;52;3;4096;1024
2022:08:20:00:39:00,595;0;0;22.5;132.4;133.6;0.09;0;0;12.4;12.5;8.7;13377;52;3;4096;1024
2022:08:20:00:40:00,543;0;0;22.8;132.4;133.2;0.09;0;0;12.2;12.4;8.6;13377;52;3;4096;1024
2022:08:20:00:41:00,612;2;55;51.9;132.4;133.6;0.09;0;0;12.0;12.2;8.6;13377;52;1;4096;0
2022:08:20:00:42:00,501;6;213;181.1;133.3;135.3;2.26;512;511;12.2;12.6;8.6;13377;52;0;0;256
2022:08:20:00:43:00,829;3;100;87.6;132.6;133.6;0.53;3;17;12.6;12.4;8.6;13377;52;0;0;256
2022:08:20:00:44:02,818;4;129;110.9;132.8;134.2;0.61;99;95;12.6;12.9;8.6;13377;52;0;0;256
2022:08:20:00:45:01,306;6;202;170.9;133.5;135.1;1.94;437;438;12.6;12.9;8.7;13377;52;0;0;256
2022:08:20:00:46:01,315;3;110;96.6;132.6;133.4;0.59;44;36;12.8;12.6;8.6;13377;52;0;0;256
2022:08:20:00:47:10,625;5;162;137.9;132.8;134.2;1.01;216;224;12.8;12.9;8.7;13377;52;0;0;256
2022:08:20:00:48:01,432;6;200;169.1;133.3;134.8;1.87;421;418;12.7;12.8;8.7;13377;52;0;0;256
2022:08:20:00:49:01,520;4;119;103.3;133.0;133.5;0.57;68;63;12.8;12.7;8.7;13377;52;0;0;256
2022:08:20:00:50:00,049;4;153;131.9;133.0;134.5;0.85;175;182;12.7;12.9;8.7;13377;52;0;0;256
2022:08:20:00:51:00,118;3;103;90.6;132.8;133.4;0.56;22;23;12.7;13.0;8.7;13377;52;0;0;256
2022:08:20:00:52:00,166;4;139;120.6;133.0;134.0;0.71;135;130;12.7;12.6;8.7;13377;52;0;0;256
2022:08:20:00:53:00,236;4;142;122.0;133.0;134.0;0.71;138;139;12.6;12.7;8.7;13377;52;0;0;256
2022:08:20:00:54:00,683;4;153;131.4;133.3;134.6;0.87;180;182;12.6;12.9;8.8;13377;52;0;0;256
2022:08:20:00:55:00,752;3;103;88.4;133.0;134.0;0.53;17;23;12.8;12.5;8.8;13377;52;0;0;256
2022:08:20:00:56:00,800;4;146;123.7;131.7;133.3;0.79;161;160;12.7;13.0;8.8;13377;52;0;0;256
2022:08:20:00:57:00,869;4;123;107.4;131.7;132.5;0.57;69;72;12.7;12.9;8.8;13377;52;0;0;256
2022:08:20:00:58:00,078;5;187;160.6;131.9;133.8;1.56;346;333;12.9;12.9;8.8;13377;52;0;0;256
2022:08:20:00:59:00,166;3;120;104.6;131.7;132.5;0.57;66;66;13.0;13.1;8.8;13377;52;0;0;256
2022:08:20:01:00:00,535;6;194;165.1;132.1;134.2;1.75;390;386;12.8;13.1;8.8;13377;52;0;0;256
2022:08:20:01:01:01,163;4;141;121.1;131.9;132.8;0.71;135;137;13.0;12.9;8.8;13377;52;0;0;256
2022:08:20:01:02:01,252;4;123;107.0;131.5;132.5;0.57;69;72;12.9;13.2;8.8;13377;52;0;0;256
2022:08:20:01:03:00,520;5;186;159.4;132.1;133.6;1.4;311;330;12.9;13.2;8.8;13377;52;0;0;256
2022:08:20:01:04:00,569;5;189;161.2;132.1;134.2;1.56;346;346;12.8;12.8;8.8;13377;52;0;0;256
2022:08:20:01:05:00,598;6;196;167.9;132.1;133.9;1.79;400;396;13.1;13.5;8.8;13377;52;0;0;256
2022:08:20:01:06:00,006;6;229;193.6;132.4;135.1;2.82;636;635;13.1;13.5;8.8;13377;52;0;0;256
2022:08:20:01:07:01,255;7;245;206.0;132.6;135.2;3.42;774;778;13.1;13.2;8.8;13377;52;0;0;256
2022:08:20:01:08:00,483;5;173;146.6;132.1;133.9;1.17;257;267;13.5;13.9;8.8;13377;52;0;0;256
2022:08:20:01:09:00,532;7;258;215.4;133.3;135.6;3.96;900;893;13.7;14.0;8.8;13377;52;0;0;256
2022:08:20:01:10:00,780;3;113;98.8;132.1;133.1;0.56;45;45;14.3;14.2;8.8;13377;52;0;0;256
2022:08:20:01:11:01,269;4;143;122.1;132.4;133.2;0.72;141;144;13.9;14.4;8.8;13377;52;0;0;256
2022:08:20:01:12:00,498;6;221;186.3;132.8;134.7;2.47;559;572;13.7;14.1;8.9;13377;52;0;0;256
2022:08:20:01:13:00,046;6;205;172.4;132.8;134.7;1.99;449;455;13.9;13.9;8.9;13377;52;0;0;256
2022:08:20:01:14:01,555;5;182;154.2;132.6;134.7;1.39;311;311;14.3;14.7;8.9;13377;52;0;0;256
2022:08:20:01:15:00,083;4;143;123.3;132.4;133.6;0.72;142;144;14.2;14.5;8.9;13377;52;0;0;256
2022:08:20:01:16:00,152;7;218;182.1;133.0;135.5;2.47;562;546;14.7;14.7;9.0;13377;52;0;0;256
2022:08:20:01:17:00,940;5;187;158.0;132.8;134.5;1.49;334;328;14.3;14.8;9.0;13377;52;0;0;256
2022:08:20:01:18:01,069;4;156;133.7;132.4;133.6;0.9;190;190;14.2;14.3;9.0;13377;52;0;0;256
2022:08:20:01:19:00,598;5;180;153.7;132.4;133.8;1.38;305;299;13.8;13.9;9.0;13377;52;0;0;256
2022:08:20:01:20:01,046;4;127;109.7;132.4;133.2;0.59;84;89;13.7;14.2;9.1;13377;52;0;0;256
2022:08:20:01:21:03,716;4;130;112.7;131.9;133.1;0.61;95;95;13.7;13.9;9.1;13377;52;0;0;256
2022:08:20:01:22:00,683;5;164;139.6;131.9;133.3;1.05;225;226;13.8;13.9;9.1;13377;52;0;0;256
2022:08:20:01:23:00,232;6;228;191.9;132.4;134.4;2.75;619;629;14.1;14.6;9.1;13377;52;0;0;256
2022:08:20:01:24:00,300;0;0;11.3;131.5;132.5;0.09;0;0;14.3;14.5;9.1;13379;52;3;4096;1024
2022:08:20:01:25:00,309;0;0;19.3;131.5;132.9;0.09;0;0;13.6;13.8;9.0;13379;52;3;4096;1024
2022:08:20:01:26:00,398;0;0;21.7;131.2;132.7;0.08;0;0;13.1;13.3;9.0;13379;52;3;4096;1024
2022:08:20:01:27:00,506;0;0;22.5;131.5;132.7;0.07;0;0;12.8;13.0;9.0;13379;52;3;4096;1024
2022:08:20:01:28:00,535;0;0;22.7;131.9;133.3;0.08;0;0;12.6;12.7;8.9;13379;52;3;4096;1024
2022:08:20:01:29:00,503;2;88;82.8;131.5;132.7;0.08;0;5;12.4;12.6;8.9;13379;52;1;4096;0
2022:08:20:01:30:00,132;4;147;126.4;132.1;133.6;0.8;162;160;13.2;13.2;8.9;13379;52;0;0;256
2022:08:20:01:31:00,160;5;178;153.6;132.4;134.1;1.29;283;289;13.2;13.3;8.9;13379;52;0;0;256
2022:08:20:01:32:00,249;7;251;210.0;132.8;135.5;3.6;815;830;13.7;14.0;8.9;13379;52;0;0;256
2022:08:20:01:33:00,359;7;261;217.6;132.8;135.7;4.05;918;922;13.9;14.0;8.9;13379;52;0;0;256
2022:08:20:01:34:00,446;6;208;174.9;132.4;134.6;2.11;473;476;14.3;14.7;9.0;13379;52;0;0;256
2022:08:20:01:35:01,495;8;293;242.9;133.3;136.9;5.57;1269;1277;14.3;14.5;9.0;13379;52;0;0;256
2022:08:20:01:36:01,503;6;198;166.1;132.4;134.4;1.82;409;405;14.5;14.8;9.0;13379;52;0;0;256
2022:08:20:01:37:01,532;5;174;147.8;132.4;133.8;1.24;270;269;14.3;14.4;9.0;13379;52;0;0;256
2022:08:20:01:38:00,080;9;315;256.8;133.9;138.4;7.2;1651;1641;13.8;14.0;9.0;13379;52;0;0;256
2022:08:20:01:39:00,009;3;119;103.2;132.1;132.9;0.56;59;63;14.5;14.7;9.1;13379;52;0;0;256
2022:08:20:01:40:00,478;6;199;167.5;132.6;134.4;1.83;410;414;14.0;14.4;9.1;13379;52;0;0;256
2022:08:20:01:41:00,586;5;170;142.5;132.1;133.6;1.16;253;252;14.1;14.2;9.1;13379;52;0;0;256
2022:08:20:01:42:00,655;7;229;191.7;132.8;135.0;2.84;642;637;13.8;14.3;9.1;13379;52;0;0;256
2022:08:20:01:43:00,743;4;127;110.2;131.9;133.1;0.59;88;89;13.9;14.0;9.1;13379;52;0;0;256
2022:08:20:01:44:00,892;4;148;128.2;132.1;133.6;0.81;166;167;13.6;13.7;9.2;13379;52;0;0;256
2022:08:20:01:45:00,920;2;56;53.2;131.5;132.9;0.12;0;0;13.6;13.7;9.1;13379;52;1;0;0
2022:08:20:01:46:01,069;4;160;135.3;132.1;133.9;0.98;209;209;13.3;13.3;9.2;13379;52;0;0;256
2022:08:20:01:47:00,977;5;168;143.0;132.1;133.9;1.1;241;244;13.6;13.9;9.2;13379;52;0;0;256
2022:08:20:01:48:00,166;3;109;95.2;131.9;133.1;0.55;33;34;13.6;13.9;9.2;13379;52;0;0;256
2022:08:20:01:49:00,235;4;137;117.7;132.1;133.6;0.67;122;122;13.5;13.4;9.2;13379;52;0;0;256
2022:08:20:01:50:00,583;3;122;106.6;131.9;132.8;0.57;70;75;13.5;13.7;9.2;13379;52;0;0;256
2022:08:20:01:51:00,692;7;263;219.9;133.5;136.1;4.11;936;938;13.4;13.7;9.2;13379;52;0;0;256
2022:08:20:01:52:00,780;4;131;112.9;132.4;133.2;0.61;99;98;14.4;14.4;9.3;13379;52;0;0;256
2022:08:20:01:53:00,869;4;149;127.0;132.6;133.9;0.82;170;171;13.9;14.2;9.3;13379;52;0;0;256
2022:08:20:01:54:00,098;6;201;171.3;132.6;134.7;1.91;428;431;13.8;14.0;9.3;13379;52;0;0;256
2022:08:20:01:55:00,006;5;168;144.9;132.8;134.2;1.15;250;247;14.1;14.3;9.2;13379;52;0;0;256
2022:08:20:01:56:00,075;3;114;99.7;132.4;133.6;0.55;48;48;14.0;14.3;9.2;13379;52;0;0;256
2022:08:20:01:57:00,143;3;115;99.6;132.4;133.8;0.55;47;51;13.7;13.6;9.3;13379;52;0;0;256
2022:08:20:01:58:00,572;5;189;160.3;132.8;134.2;1.52;339;346;13.6;14.0;9.3;13379;52;0;0;256
2022:08:20:01:59:00,820;6;234;196.5;133.0;135.9;3.01;684;681;13.5;13.7;9.3;13379;52;0;0;256
2022:08:20:02:00:00,429;4;130;112.4;132.4;133.6;0.6;97;98;14.4;14.4;9.3;13379;52;0;0;256
2022:08:20:02:01:00,497;3;113;98.6;132.4;133.6;0.55;43;45;14.0;14.3;9.3;13379;52;0;0;256
2022:08:20:02:02:00,346;5;178;150.9;132.6;134.2;1.32;290;287;13.7;13.7;9.2;13379;52;0;0;256
2022:08:20:02:03:01,295;4;135;115.7;132.1;133.6;0.65;115;116;13.9;14.3;9.3;13379;52;0;0;256
2022:08:20:02:04:01,503;7;227;190.7;133.0;135.3;2.73;618;621;13.7;13.9;9.3;13379;52;0;0;256
2022:08:20:02:05:00,032;3;93;81.0;131.9;132.8;0.57;7;10;13.8;13.8;9.3;13379;52;0;0;256
2022:08:20:02:06:00,060;5;168;144.0;132.6;134.4;1.11;242;244;13.6;14.0;9.3;13379;52;0;0;256
2022:08:20:02:07:00,149;3;108;95.0;132.4;132.8;0.56;29;33;13.6;13.5;9.3;13379;52;0;0;256
2022:08:20:02:08:00,157;5;159;138.6;132.4;134.1;0.97;207;208;13.5;13.8;9.3;13379;52;0;0;256
2022:08:20:02:09:00,246;4;154;130.8;132.4;133.6;0.9;188;190;13.7;13.9;9.3;13379;52;0;0;256
2022:08:20:02:10:00,315;4;159;137.1;132.4;133.8;0.95;202;207;13.6;13.6;9.3;13379;52;0;0;256
2022:08:20:02:11:00,423;3;105;92.3;132.4;132.8;0.56;24;27;13.6;13.9;9.3;13379;52;0;0;256
2022:08:20:02:12:00,492;4;143;124.0;132.4;133.8;0.75;147;147;13.4;13.3;9.3;13379;52;0;0;256
2022:08:20:02:13:00,980;4;142;122.7;132.4;133.8;0.72;141;139;13.5;13.7;9.3;13379;52;0;0;256
2022:08:20:02:14:00,269;4;123;106.7;132.1;133.6;0.58;75;75;13.6;13.7;9.3;13379;52;0;0;256
2022:08:20:02:15:00,197;5;164;142.3;132.8;134.5;1.06;228;230;13.5;13.5;9.3;13379;52;0;0;256
2022:08:20:02:16:00,226;4;160;137.7;132.8;134.0;0.95;203;207;13.4;13.8;9.3;13379;52;0;0;256
2022:08:20:02:17:00,275;4;153;132.8;132.6;134.2;0.87;181;182;13.4;13.4;9.3;13379;52;0;0;256
2022:08:20:02:18:07,164;6;197;168.5;132.8;135.0;1.73;389;398;13.5;13.7;9.3;13379;52;0;0;256
2022:08:20:02:19:00,752;5;179;151.6;132.6;134.4;1.32;292;292;13.6;13.7;9.3;13379;52;0;0;256
2022:08:20:02:20:00,000;4;147;127.4;132.4;133.8;0.79;160;164;13.6;13.5;9.3;13379;52;0;0;256
2022:08:20:02:21:00,049;4;117;101.5;132.4;133.0;0.56;59;57;13.5;13.9;9.3;13379;52;0;0;256
2022:08:20:02:22:00,077;4;134;115.9;132.4;133.6;0.64;112;113;13.4;13.5;9.3;13379;52;0;0;256
2022:08:20:02:23:00,526;5;183;156.9;132.6;133.9;1.37;304;315;13.4;13.6;9.3;13379;52;0;0;256
2022:08:20:02:24:00,555;5;161;138.5;132.4;134.1;1.0;217;219;13.6;13.9;9.3;13379;52;0;0;256
2022:08:20:02:25:00,643;4;137;117.9;132.1;133.6;0.65;115;122;13.6;13.5;9.3;13379;52;0;0;256
2022:08:20:02:26:00,692;4;143;123.4;132.4;133.8;0.72;139;143;13.6;13.9;9.3;13379;52;0;0;256
2022:08:20:02:27:00,820;4;129;110.6;132.6;133.4;0.61;98;95;13.5;13.4;9.3;13379;52;0;0;256
2022:08:20:02:28:00,849;4;154;134.0;132.6;133.6;0.88;184;190;13.4;13.6;9.3;13379;52;0;0;256
2022:08:20:02:29:00,937;5;187;158.1;132.4;134.4;1.53;339;336;13.3;13.6;9.3;13379;52;0;0;256
2022:08:20:02:30:01,046;4;125;108.9;132.4;133.2;0.58;79;82;13.4;13.3;9.3;13379;52;0;0;256
2022:08:20:02:31:00,295;4;152;130.1;132.4;133.6;0.85;173;174;13.4;13.7;9.3;13379;52;0;0;256
2022:08:20:02:32:00,363;3;112;98.0;132.1;133.4;0.55;38;42;13.4;13.5;9.3;13379;52;0;0;256
2022:08:20:02:33:00,452;3;132;116.0;132.4;133.0;0.56;45;48;13.3;13.3;9.3;13379;52;8;0;256
2022:08:20:02:34:00,500;3;132;115.5;132.4;133.6;0.56;64;66;13.4;13.6;9.3;13379;52;0;0;256
2022:08:20:02:35:00,569;5;181;157.4;132.6;133.9;1.04;225;225;13.3;13.2;9.3;13379;52;0;0;256
2022:08:20:02:36:00,617;3;111;96.8;132.4;133.2;0.55;29;29;13.4;13.6;9.3;13379;52;0;0;256
2022:08:20:02:37:00,726;1;37;50.8;132.1;133.4;0.11;0;0;13.3;13.4;9.3;13379;52;1;0;0
2022:08:20:02:38:00,736;4;124;107.1;132.4;133.6;0.59;83;78;13.0;12.8;9.3;13379;52;0;0;256
2022:08:20:02:39:00,810;3;111;97.1;132.6;133.6;0.57;35;38;13.1;13.4;9.3;13379;52;0;0;256
2022:08:20:02:40:00,125;4;131;113.0;132.4;133.2;0.62;104;103;13.3;13.2;9.3;13379;52;0;0;256
2022:08:20:02:41:00,179;3;116;100.8;132.4;133.0;0.56;54;54;13.3;13.4;9.3;13379;52;0;0;256
2022:08:20:02:42:00,254;3;93;81.4;132.1;132.9;0.57;10;10;13.3;13.4;9.3;13379;52;0;0;256
2022:08:20:02:43:00,287;3;92;85.6;132.1;133.1;0.59;9;3;13.2;13.0;9.3;13379;52;8;0;256
2022:08:20:02:44:14,077;4;126;109.3;132.4;133.2;0.59;85;86;13.4;13.6;9.3;13379;52;0;0;256
2022:08:20:02:45:01,504;4;134;116.3;132.4;133.0;0.65;109;113;13.4;13.2;9.3;13379;52;0;0;256
2022:08:20:02:46:00,073;4;121;106.2;132.4;133.2;0.58;70;69;13.4;13.5;9.3;13379;52;0;0;256
2022:08:20:02:47:00,242;2;76;69.0;132.1;133.4;0.57;0;0;13.4;13.5;9.3;13379;52;8;0;256
2022:08:20:02:48:00,330;3;129;114.1;132.4;133.2;0.56;42;43;13.3;13.1;9.3;13379;52;8;0;256
2022:08:20:02:49:00,399;3;157;138.3;132.4;133.0;0.59;85;89;13.2;13.5;9.3;13379;52;8;0;256
2022:08:20:02:50:00,267;5;191;166.5;132.6;133.9;1.06;229;230;13.1;13.1;9.3;13379;52;0;0;256
2022:08:20:02:51:01,256;3;132;115.0;132.6;133.4;0.57;66;68;13.3;13.5;9.3;13379;52;0;0;256
2022:08:20:02:52:01,264;2;60;52.8;132.1;133.4;0.57;0;0;13.3;13.1;9.3;13379;52;8;0;256
2022:08:20:02:53:01,513;3;155;135.5;132.6;133.6;0.59;86;84;13.1;13.1;9.3;13379;52;8;0;256
2022:08:20:02:54:00,062;3;131;114.8;132.4;133.6;0.55;45;46;13.2;13.3;9.3;13379;52;8;0;256
2022:08:20:02:55:00,070;5;176;149.6;132.6;133.9;1.08;235;241;13.2;13.2;9.4;13379;52;0;0;256
2022:08:20:02:56:00,319;3;119;103.4;132.6;133.6;0.56;52;54;13.3;13.4;9.3;13379;52;0;0;256
2022:08:20:02:57:00,407;4;140;122.0;132.6;133.6;0.66;115;118;13.2;13.4;9.3;13379;52;0;0;256
2022:08:20:02:58:00,456;3;123;108.6;132.4;133.2;0.55;33;34;13.2;12.9;9.3;13379;52;8;0;256
2022:08:20:02:59:00,464;1;45;49.3;132.1;133.6;0.12;0;0;13.2;13.2;9.3;13379;52;1;0;0
2022:08:20:03:00:00,513;3;113;98.8;132.6;133.6;0.55;44;45;12.9;12.9;9.4;13379;52;0;0;256
2022:08:20:03:01:00,582;2;69;60.4;132.4;132.8;0.57;0;0;13.1;12.8;9.4;13379;52;8;0;256
2022:08:20:03:02:00,730;5;198;171.8;132.8;134.5;1.13;248;245;12.9;13.3;9.4;13379;52;0;0;256
2022:08:20:03:03:00,839;3;113;99.7;132.6;133.0;0.55;23;27;13.1;12.8;9.3;13379;52;0;0;256
2022:08:20:03:04:00,907;3;135;117.6;132.6;133.9;0.57;69;72;13.2;13.3;9.4;13379;52;0;0;256
2022:08:20:03:05:00,976;4;190;164.4;132.8;134.5;0.99;213;216;13.1;13.0;9.4;13379;52;0;0;256
2022:08:20:03:06:00,944;6;225;192.0;133.3;135.3;2.4;543;550;13.1;13.2;9.4;13379;52;0;0;256
2022:08:20:03:07:00,193;5;164;139.7;132.8;134.7;1.06;228;231;13.2;13.5;9.3;13379;52;0;0;256
2022:08:20:03:08:00,222;3;98;86.7;132.6;133.6;0.58;28;16;13.3;13.0;9.4;13379;52;0;0;256
2022:08:20:03:09:00,330;3;133;100.9;132.1;133.1;0.56;20;50;13.2;13.2;9.4;13379;52;8;0;256
2022:08:20:03:10:00,379;2;79;73.9;132.1;133.6;0.11;0;2;13.1;13.2;9.3;13379;52;1;0;0
2022:08:20:03:11:00,427;3;88;82.6;131.9;133.1;0.11;0;5;12.8;12.9;9.3;13379;52;1;0;0
2022:08:20:03:12:00,456;5;179;152.9;132.8;134.5;1.33;292;294;12.7;12.9;9.4;13379;52;0;0;256
2022:08:20:03:13:01,984;5;160;135.5;132.4;133.6;0.99;212;215;13.1;13.0;9.4;13379;52;0;0;256
2022:08:20:03:14:01,173;2;82;72.2;132.1;133.1;0.59;12;3;13.2;13.3;9.3;13379;52;0;0;256
2022:08:20:03:15:01,282;4;147;124.9;132.6;134.4;0.84;172;174;13.6;13.6;9.4;13379;52;0;0;256
2022:08:20:03:16:00,930;6;191;162.8;133.0;134.8;1.78;399;390;13.9;13.9;9.4;13379;52;0;0;256
2022:08:20:03:17:00,919;3;119;103.2;132.1;133.4;0.57;64;67;13.9;14.1;9.4;13379;52;0;0;256
2022:08:20:03:18:00,427;4;125;108.4;132.1;133.4;0.59;85;87;13.7;13.6;9.4;13379;52;0;0;256
2022:08:20:03:19:00,856;3;117;101.4;132.4;133.2;0.56;61;61;13.5;13.7;9.4;13379;52;0;0;256
2022:08:20:03:20:00,003;6;201;170.9;132.8;134.7;2.01;450;453;13.4;13.7;9.4;13379;52;0;0;256
2022:08:20:03:21:00,093;6;224;189.0;133.0;135.3;2.71;613;633;13.5;13.4;9.4;13379;52;0;0;256
2022:08:20:03:22:00,342;0;0;13.9;131.7;133.5;0.09;0;0;13.7;13.7;9.3;13381;52;3;4096;1024
2022:08:20:03:23:00,370;0;0;20.2;131.9;133.1;0.09;0;0;13.2;13.3;9.3;13381;52;3;4096;1024
2022:08:20:03:24:00,419;0;0;22.1;131.9;133.1;0.08;0;0;12.9;13.0;9.3;13381;52;3;4096;1024
2022:08:20:03:25:00,447;0;0;22.6;131.9;133.1;0.08;0;0;12.7;12.8;9.3;13381;52;3;4096;1024
2022:08:20:03:26:00,556;0;0;22.8;132.1;133.6;0.08;0;0;12.5;12.6;9.3;13381;52;3;4096;1024
2022:08:20:03:27:00,564;1;23;26.6;132.1;133.6;0.08;0;0;12.5;12.5;9.3;13381;52;1;4096;0
2022:08:20:03:28:00,633;3;103;97.2;131.9;132.8;0.08;0;23;12.3;12.5;9.2;13381;52;1;4096;0
2022:08:20:03:29:01,421;4;159;139.0;132.6;133.6;0.94;198;201;12.5;12.4;9.3;13381;52;0;0;256
2022:08:20:03:30:00,009;4;140;120.6;132.4;133.8;0.69;130;133;12.8;12.9;9.3;13381;52;0;0;256
2022:08:20:03:31:00,098;5;176;149.8;132.6;133.9;1.25;276;280;12.9;12.9;9.3;13381;52;0;0;256
2022:08:20:03:32:00,867;5;158;136.2;132.4;133.6;0.95;202;201;13.1;13.3;9.3;13381;52;0;0;256
2022:08:20:03:33:00,095;4;146;125.9;132.1;133.1;0.77;154;160;13.2;13.4;9.3;13381;52;0;0;256
2022:08:20:03:34:00,203;5;161;138.4;132.4;133.6;0.99;210;215;13.2;13.1;9.3;13381;52;0;0;256
2022:08:20:03:35:01,313;4;120;104.4;132.4;133.2;0.57;68;66;13.4;13.6;9.3;13381;52;0;0;256
2022:08:20:03:36:01,361;3;156;135.4;132.4;133.2;0.6;89;88;13.2;13.0;9.3;13381;52;8;0;256
2022:08:20:03:37:01,410;3;103;91.4;132.1;132.6;0.57;12;14;13.2;13.4;9.3;13381;52;0;0;256
2022:08:20:03:38:00,659;3;99;86.6;132.4;132.8;0.58;5;9;13.2;13.3;9.3;13381;52;0;0;256
2022:08:20:03:39:00,747;2;70;65.4;131.9;132.8;0.12;0;0;13.2;13.2;9.3;13381;52;1;0;0
2022:08:20:03:40:00,837;4;138;119.1;132.4;133.8;0.69;128;126;13.0;13.1;9.4;13381;52;0;0;256
2022:08:20:03:41:00,944;3;86;76.4;132.1;132.9;0.58;0;5;13.1;13.1;9.4;13381;52;0;0;256
2022:08:20:03:42:00,152;4;129;111.3;132.1;132.9;0.61;94;95;13.1;12.9;9.4;13381;52;0;0;256
2022:08:20:03:43:00,222;2;78;68.5;132.1;133.1;0.57;0;0;13.2;13.4;9.4;13381;52;8;0;256
2022:08:20:03:44:00,350;3;157;138.0;132.1;133.1;0.59;86;89;13.1;13.1;9.4;13381;52;8;0;256
2022:08:20:03:45:00,419;3;101;89.2;131.9;132.8;0.56;11;14;13.2;13.1;9.4;13381;52;0;0;256
2022:08:20:03:46:00,507;4;137;119.0;132.4;133.0;0.67;122;126;13.0;13.3;9.4;13381;52;0;0;256
2022:08:20:03:47:21,239;4;157;135.2;132.6;133.6;0.91;191;196;13.1;13.0;9.4;13381;52;0;0;256
2022:08:20:03:48:01,304;2;57;54.1;132.4;133.2;0.1;0;0;13.2;13.2;9.4;13381;52;1;0;0
2022:08:20:03:49:01,293;4;128;111.1;132.4;133.6;0.6;91;89;12.9;12.8;9.4;13381;52;0;0;256
2022:08:20:03:50:01,341;5;181;156.5;132.6;134.4;1.34;296;299;13.0;13.1;9.5;13381;52;0;0;256
2022:08:20:03:51:01,490;5;182;155.4;132.8;134.0;1.37;304;311;13.2;13.5;9.5;13381;52;0;0;256
2022:08:20:03:52:00,058;5;157;134.7;132.6;133.6;0.91;194;194;13.3;13.2;9.4;13381;52;0;0;256
2022:08:20:03:53:01,227;5;175;148.6;132.6;134.2;1.23;272;280;13.3;13.6;9.4;13381;52;0;0;256
2022:08:20:03:54:01,416;3;90;78.8;132.4;133.2;0.58;4;6;13.3;13.2;9.4;13381;52;0;0;256
2022:08:20:03:55:01,424;3;94;83.3;132.4;133.0;0.56;9;12;13.2;13.2;9.4;13381;52;0;0;256
2022:08:20:03:56:00,713;7;263;220.6;133.5;135.9;4.1;933;935;13.0;13.6;9.4;13381;52;0;0;256
2022:08:20:03:57:00,661;4;135;117.0;132.4;133.6;0.65;115;117;13.5;13.4;9.4;13381;52;0;0;256
2022:08:20:03:58:00,790;5;174;150.3;132.6;133.9;1.23;270;270;13.5;13.7;9.5;13381;52;0;0;256
2022:08:20:03:59:00,879;4;139;119.9;132.1;133.6;0.69;128;130;13.4;13.6;9.5;13381;52;0;0;256
2022:08:20:04:00:00,887;4;149;128.6;132.4;133.8;0.81;167;166;13.3;13.1;9.5;13381;52;0;0;256
2022:08:20:04:01:00,756;3;115;101.5;132.1;133.1;0.56;24;23;13.3;13.5;9.4;13381;52;8;0;256
2022:08:20:04:02:00,964;4;131;113.3;132.4;133.0;0.61;100;103;13.4;13.4;9.5;13381;52;0;0;256
2022:08:20:04:03:00,192;6;234;196.7;132.8;135.3;2.94;666;678;13.3;13.3;9.5;13381;52;0;0;256
2022:08:20:04:04:00,300;5;203;172.8;132.6;134.7;1.95;439;441;14.2;14.6;9.5;13381;52;0;0;256
2022:08:20:04:05:00,409;6;187;158.7;132.6;134.2;1.49;332;339;14.2;14.2;9.5;13381;52;0;0;256
2022:08:20:04:06:00,879;4;159;135.9;132.6;133.9;0.96;205;207;14.0;14.3;9.5;13381;52;0;0;256
2022:08:20:04:07:01,007;2;65;60.2;132.1;132.6;0.58;0;0;13.9;14.0;9.5;13381;52;8;0;256
2022:08:20:04:08:01,036;3;112;99.2;132.1;132.9;0.55;35;38;13.5;13.4;9.5;13381;52;0;0;256
2022:08:20:04:09:01,024;3;115;100.5;132.1;133.1;0.55;49;51;13.5;13.8;9.6;13381;52;0;0;256
2022:08:20:04:10:01,153;3;107;95.1;132.1;132.6;0.56;27;31;13.5;13.5;9.5;13381;52;0;0;256
2022:08:20:04:11:01,161;4;131;113.9;132.1;133.4;0.62;101;103;13.4;13.4;9.6;13381;52;0;0;256
2022:08:20:04:12:01,270;3;95;84.0;132.1;132.9;0.56;10;12;13.4;13.6;9.6;13381;52;0;0;256
2022:08:20:04:13:01,338;5;181;156.3;132.4;133.8;1.21;268;266;13.3;13.1;9.6;13381;52;0;0;256
2022:08:20:04:14:01,427;4;153;131.4;132.1;133.4;0.79;159;158;13.4;13.6;9.6;13381;52;0;0;256
2022:08:20:04:15:01,436;4;144;123.3;132.4;133.6;0.75;146;143;13.5;13.5;9.6;13381;52;0;0;256
2022:08:20:04:16:00,303;3;125;109.2;131.9;133.3;0.58;76;82;13.5;13.3;9.6;13381;52;0;0;256
2022:08:20:04:17:00,372;2;81;70.4;131.7;132.5;0.56;0;2;13.4;13.6;9.6;13381;52;0;0;256
2022:08:20:04:18:00,360;2;58;54.6;131.7;133.0;0.09;0;0;13.5;13.4;9.6;13381;52;1;0;0
2022:08:20:04:19:01,090;5;163;140.1;132.6;133.9;1.04;225;224;13.3;13.5;9.6;13381;52;0;0;256
2022:08:20:04:20:01,338;3;116;100.8;132.1;133.1;0.56;54;54;13.4;13.4;9.6;13381;52;0;0;256
2022:08:20:04:21:01,327;3;105;91.3;131.9;132.5;0.55;28;27;13.5;13.4;9.6;13381;52;0;0;256
2022:08:20:04:22:01,456;4;156;133.5;132.4;133.2;0.88;185;190;13.4;13.6;9.6;13381;52;0;0;256
2022:08:20:04:23:01,504;3;117;102.2;131.9;133.1;0.56;54;57;13.4;13.2;9.6;13381;52;0;0;256
2022:08:20:04:24:00,032;4;127;110.4;132.4;133.2;0.59;88;89;13.4;13.3;9.6;13381;52;0;0;256
2022:08:20:04:25:00,220;2;71;66.3;131.9;133.1;0.57;1;0;13.4;13.6;9.6;13381;52;8;0;256
2022:08:20:04:26:00,369;3;117;102.8;132.1;133.4;0.59;35;26;13.4;13.0;9.6;13381;52;8;0;256
2022:08:20:04:27:00,458;3;130;114.6;132.1;133.1;0.56;44;44;13.4;13.6;9.6;13381;52;8;0;256
2022:08:20:04:28:00,466;4;180;157.0;132.1;133.6;0.82;170;172;13.3;13.2;9.7;13381;52;0;0;256
2022:08:20:04:29:00,555;3;125;110.1;132.1;133.4;0.56;44;47;13.4;13.4;9.6;13381;52;0;0;256
2022:08:20:04:30:00,623;3;123;107.7;132.1;133.1;0.55;35;35;13.4;13.4;9.7;13381;52;8;0;256
2022:08:20:04:31:00,692;3;106;93.3;131.9;132.8;0.56;13;13;13.4;13.1;9.7;13381;52;8;0;256
2022:08:20:04:32:01,501;3;136;119.1;132.1;132.9;0.55;54;54;13.4;13.5;9.7;13382;111;8;0;256
2022:08:20:04:33:00,349;6;213;180.6;132.8;134.2;2.23;503;512;13.6;13.5;9.7;13382;111;0;0;256
2022:08:20:04:34:00,437;3;118;102.5;132.4;133.0;0.56;58;60;13.7;13.8;9.7;13382;111;0;0;256
2022:08:20:04:35:00,106;4;126;109.7;132.4;133.2;0.59;84;89;13.6;13.7;9.7;13382;111;0;0;256
2022:08:20:04:36:00,155;2;76;66.7;132.4;133.0;0.57;0;0;13.6;13.5;9.7;13382;111;8;0;256
2022:08:20:04:37:00,183;2;77;71.8;131.9;133.3;0.11;0;1;13.4;13.5;9.7;13382;111;1;0;0
2022:08:20:04:38:00,172;4;123;107.0;132.4;133.2;0.58;75;75;13.1;13.0;9.7;13382;111;0;0;256
2022:08:20:04:39:00,360;4;122;105.5;132.1;133.1;0.57;72;72;13.2;13.3;9.7;13382;111;0;0;256
2022:08:20:04:40:00,469;6;227;191.5;132.8;135.3;2.76;627;619;13.2;13.3;9.8;13382;111;0;0;256
2022:08:20:04:41:00,977;4;129;112.1;132.1;133.4;0.6;94;95;13.7;13.8;9.8;13382;111;0;0;256
2022:08:20:04:42:01,407;3;111;97.1;132.1;133.4;0.56;41;38;13.7;13.7;9.7;13382;111;0;0;256
2022:08:20:04:43:01,536;4;141;122.6;132.4;133.6;0.69;131;137;13.6;13.5;9.8;13382;111;0;0;256
2022:08:20:04:44:01,244;6;208;176.4;132.8;135.0;2.06;465;484;13.5;13.9;9.8;13382;111;0;0;256
2022:08:20:04:45:01,333;5;165;141.8;132.4;133.8;1.07;232;231;13.6;13.5;9.8;13382;111;0;0;256
2022:08:20:04:46:00,560;3;123;108.6;132.1;133.1;0.52;21;33;13.6;13.7;9.8;13382;111;8;0;256
2022:08:20:04:47:00,709;4;170;148.7;132.1;133.4;0.66;116;114;13.5;13.7;9.8;13382;111;8;0;256
2022:08:20:04:48:01,518;5;197;167.6;132.4;134.1;1.69;378;397;13.7;13.8;9.8;13382;111;0;0;256
2022:08:20:04:49:00,726;5;163;142.1;132.4;133.6;1.05;226;226;13.9;14.3;9.8;13382;111;0;0;256
2022:08:20:04:50:01,436;5;194;165.8;132.6;134.2;1.68;378;383;13.7;13.7;9.8;13382;111;0;0;256
2022:08:20:04:51:01,524;4;155;133.7;132.6;133.9;0.91;193;193;13.7;14.0;9.8;13382;111;0;0;256
2022:08:20:04:52:00,112;5;173;146.4;132.4;134.1;1.21;268;266;13.7;14.0;9.8;13382;111;0;0;256
2022:08:20:04:53:00,020;7;243;203.5;133.3;135.9;3.33;759;760;14.3;14.3;9.8;13382;111;0;0;256
2022:08:20:04:54:00,089;6;220;185.7;132.8;135.0;2.47;560;563;14.8;15.3;9.8;13382;111;0;0;256
2022:08:20:04:55:00,177;5;181;154.0;132.6;134.4;1.36;302;304;14.6;14.6;9.8;13382;111;0;0;256
2022:08:20:04:56:00,646;3;110;96.8;132.4;133.0;0.56;40;38;14.4;14.6;9.8;13382;111;0;0;256
2022:08:20:04:57:00,715;6;202;171.8;132.8;134.5;1.88;424;434;13.9;14.2;9.9;13382;111;0;0;256
2022:08:20:04:58:00,763;6;229;192.5;133.0;135.1;2.76;626;629;14.5;14.6;9.9;13382;111;0;0;256
2022:08:20:04:59:00,832;4;126;108.6;132.1;133.4;0.59;89;89;14.9;15.1;9.9;13382;111;0;0;256
2022:08:20:05:00:00,880;5;175;148.1;132.8;134.2;1.26;276;279;14.4;14.4;9.9;13382;111;0;0;256
2022:08:20:05:01:00,129;3;115;99.7;132.4;133.2;0.55;51;51;14.4;14.6;9.9;13382;111;0;0;256
2022:08:20:05:02:00,257;3;92;81.1;132.1;133.1;0.57;6;8;14.2;14.4;9.9;13382;111;0;0;256
2022:08:20:05:03:00,386;6;206;172.8;132.4;134.1;2.04;458;459;13.9;14.0;10.0;13382;111;0;0;256
2022:08:20:05:04:00,215;7;242;200.6;133.3;135.3;3.33;758;745;13.9;14.4;10.0;13382;111;0;0;256
2022:08:20:05:05:00,123;6;211;178.5;132.8;134.7;2.13;478;492;14.4;14.4;10.0;13382;111;0;0;256
2022:08:20:05:06:00,212;5;171;145.4;132.4;133.8;1.17;256;256;14.8;15.0;10.0;13382;111;0;0;256
2022:08:20:05:07:00,880;5;155;130.4;132.4;133.8;0.9;191;190;14.7;14.7;10.1;13382;111;0;0;256
2022:08:20:05:08:00,929;3;112;97.0;131.9;132.5;0.55;41;42;14.5;14.7;10.1;13382;111;0;0;256
2022:08:20:05:09:01,037;3;101;81.6;131.9;132.8;0.55;31;23;14.2;14.3;10.1;13382;111;0;0;256
2022:08:20:05:10:00,146;5;162;140.7;132.4;133.8;0.99;212;216;14.1;14.1;10.1;13382;111;0;0;256
2022:08:20:05:11:00,255;3;121;104.9;131.9;132.8;0.56;68;69;14.2;14.6;10.1;13382;111;0;0;256
2022:08:20:05:12:00,323;4;130;112.4;132.4;133.2;0.61;98;98;14.4;14.3;10.1;13382;111;0;0;256
2022:08:20:05:13:00,372;6;185;156.4;132.4;134.1;1.46;324;324;14.3;14.6;10.1;13382;111;0;0;256
2022:08:20:05:14:01,400;6;196;165.0;132.6;134.4;1.77;397;390;14.6;14.6;10.2;13382;111;0;0;256
2022:08:20:05:15:00,309;6;229;192.3;133.0;135.3;2.76;626;630;14.6;15.1;10.2;13382;111;0;0;256
2022:08:20:05:16:00,577;5;172;149.3;132.4;133.8;1.18;258;261;14.7;14.8;10.2;13382;111;0;0;256
2022:08:20:05:17:00,466;5;186;158.3;132.6;133.9;1.4;312;326;14.6;14.9;10.2;13382;111;0;0;256
2022:08:20:05:18:00,455;3;106;94.0;132.4;133.0;0.52;14;29;14.5;14.7;10.2;13382;111;0;0;256
2022:08:20:05:19:00,563;6;227;189.7;133.0;135.3;2.79;631;617;14.4;14.5;10.2;13382;111;0;0;256
2022:08:20:05:20:00,672;5;188;161.5;132.6;134.2;1.46;325;333;14.4;14.8;10.2;13382;111;0;0;256
2022:08:20:05:21:00,520;5;187;159.7;132.4;133.8;1.52;337;339;14.6;14.5;10.2;13382;111;0;0;256
2022:08:20:05:22:00,009;5;161;139.4;132.4;133.6;0.98;209;213;14.6;14.9;10.2;13382;111;0;0;256
2022:08:20:05:23:00,057;7;219;183.5;132.6;134.9;2.79;630;626;15.3;15.4;10.3;13382;111;0;0;256
2022:08:20:05:24:00,466;7;226;187.3;132.8;135.3;3.06;695;681;16.2;16.6;10.3;13382;111;0;0;256
2022:08:20:05:25:00,574;6;188;160.3;132.4;134.4;1.68;376;376;16.3;16.3;10.3;13382;111;0;0;256
2022:08:20:05:26:01,423;5;147;124.7;132.1;133.4;0.87;179;180;15.9;16.2;10.3;13382;111;0;0;256
2022:08:20:05:27:00,013;3;117;101.3;131.7;132.7;0.55;60;65;15.5;15.8;10.3;13382;111;0;0;256
2022:08:20:05:28:00,100;2;81;71.5;131.7;132.5;0.55;4;3;15.0;14.8;10.3;13382;111;0;0;256
2022:08:20:05:29:00,569;4;190;166.0;131.9;133.1;0.77;154;158;14.6;15.0;10.4;13382;111;8;0;256
2022:08:20:05:30:01,097;6;198;167.2;132.6;134.4;1.79;401;405;14.6;14.6;10.4;13382;111;0;0;256
2022:08:20:05:31:01,266;4;123;106.3;132.1;133.1;0.57;74;72;14.8;15.2;10.4;13382;111;0;0;256
2022:08:20:05:32:00,494;5;184;156.6;132.1;133.9;1.47;326;319;14.6;14.7;10.4;13382;111;0;0;256
2022:08:20:05:33:01,283;5;185;156.8;132.1;134.4;1.5;334;327;14.6;15.0;10.4;13382;111;0;0;256
2022:08:20:05:34:00,192;4;123;107.0;131.9;132.8;0.57;74;74;14.6;14.7;10.4;13382;111;0;0;256
2022:08:20:05:35:00,241;7;221;185.6;132.6;134.9;2.5;564;568;14.6;14.9;10.5;13382;111;0;0;256
2022:08:20:05:36:00,309;3;103;91.0;131.9;132.8;0.58;36;23;15.2;15.3;10.4;13382;111;0;0;256
2022:08:20:05:37:00,197;6;210;176.8;132.6;134.9;2.17;490;487;15.0;15.1;10.4;13382;111;0;0;256
2022:08:20:05:38:00,626;4;151;128.2;132.4;134.1;0.84;171;172;15.0;15.2;10.5;13382;111;0;0;256
2022:08:20:05:39:00,674;4;132;114.6;132.1;133.1;0.61;102;109;15.0;15.0;10.5;13382;111;0;0;256
2022:08:20:05:40:01,063;8;282;234.1;133.0;136.6;4.95;1126;1129;14.9;15.4;10.5;13382;111;0;0;256
2022:08:20:05:41:01,092;0;0;12.8;131.7;132.5;0.08;0;0;15.4;15.5;10.4;13384;52;3;4096;1024
2022:08:20:05:42:01,120;0;0;19.8;131.5;132.9;0.08;0;0;14.6;14.8;10.4;13384;52;3;4096;1024
2022:08:20:05:43:01,069;0;0;21.9;131.5;132.5;0.08;0;0;14.3;14.5;10.3;13384;52;3;4096;1024
2022:08:20:05:44:01,177;0;0;22.5;131.7;132.7;0.07;0;0;14.0;14.2;10.3;13384;52;3;4096;1024
2022:08:20:05:45:01,186;0;0;22.7;131.5;133.2;0.08;0;0;13.8;13.9;10.2;13384;52;3;4096;1024
2022:08:20:05:46:01,174;4;147;119.0;132.4;133.8;0.68;124;159;13.5;13.7;10.2;13384;52;0;0;256
2022:08:20:05:47:00,703;4;134;116.2;132.1;133.1;0.62;106;109;13.9;14.0;10.2;13384;52;0;0;256
2022:08:20:05:48:01,132;4;124;107.4;132.1;133.1;0.57;75;78;14.1;14.3;10.2;13384;52;0;0;256
2022:08:20:05:49:00,340;5;156;133.7;131.9;133.6;0.91;192;191;14.1;14.2;10.2;13384;52;0;0;256
2022:08:20:05:50:00,369;3;106;92.4;131.9;132.3;0.56;29;29;14.2;14.2;10.2;13384;52;0;0;256
2022:08:20:05:51:00,477;4;146;126.2;132.4;133.2;0.77;151;152;14.1;14.3;10.2;13384;52;0;0;256
2022:08:20:05:52:00,926;3;104;90.3;131.9;133.1;0.56;22;24;14.2;14.2;10.2;13384;52;0;0;256
2022:08:20:05:53:00,514;5;181;153.6;132.1;133.4;1.36;300;303;14.2;14.5;10.2;13384;52;0;0;256
2022:08:20:05:54:00,123;7;244;203.1;133.0;135.5;3.4;771;771;14.2;14.3;10.2;13384;52;0;0;256
2022:08:20:05:55:00,052;8;260;215.5;133.3;135.9;4.0;910;901;14.8;15.3;10.2;13384;52;0;0;256
2022:08:20:05:56:00,840;7;241;202.3;133.0;135.9;3.22;731;738;14.8;14.9;10.2;13384;52;0;0;256
2022:08:20:05:57:01,229;5;181;155.9;132.4;134.1;1.29;285;303;15.5;15.7;10.3;13384;52;0;0;256
2022:08:20:05:58:01,217;5;185;155.6;132.4;134.6;1.4;312;317;15.2;15.3;10.3;13384;52;0;0;256
2022:08:20:05:59:01,366;3;105;92.2;132.1;133.4;0.56;21;27;15.0;15.3;10.2;13384;52;0;0;256
2022:08:20:06:00:00,874;5;165;140.2;132.6;133.9;1.06;228;230;14.8;14.8;10.3;13384;52;0;0;256
2022:08:20:06:01:00,063;5;190;161.7;132.4;134.1;1.54;343;349;14.7;15.0;10.3;13384;52;0;0;256
2022:08:20:06:02:00,112;4;130;112.9;132.4;133.6;0.56;81;98;14.9;15.1;10.3;13384;52;0;0;256
2022:08:20:06:03:00,740;4;127;109.9;131.9;132.8;0.6;87;88;14.9;15.2;10.3;13384;52;0;0;256
2022:08:20:06:04:01,149;4;145;125.2;131.9;133.3;0.82;164;155;14.6;14.9;10.3;13384;52;0;0;256
2022:08:20:06:05:00,337;3;102;88.4;131.7;132.5;0.56;20;21;14.6;14.6;10.3;13384;52;0;0;256
2022:08:20:06:06:01,366;4;147;125.6;132.1;133.4;0.75;150;161;14.6;14.8;10.3;13384;52;0;0;256
2022:08:20:06:07:01,434;6;191;162.3;132.1;133.9;1.59;353;349;14.5;14.6;10.3;13384;52;0;0;256
2022:08:20:06:08:00,663;5;191;162.9;132.1;133.9;1.56;348;349;15.2;15.6;10.3;13384;52;0;0;256
2022:08:20:06:09:01,431;4;158;135.9;132.1;133.4;0.94;198;200;14.9;14.9;10.3;13384;52;0;0;256
2022:08:20:06:10:00,000;6;223;187.6;132.1;134.4;2.6;585;584;14.7;15.2;10.3;13384;52;0;0;256
2022:08:20:06:11:00,009;6;229;192.4;132.6;134.7;2.78;626;632;14.8;15.0;10.3;13384;52;0;0;256
2022:08:20:06:12:00,077;7;239;200.3;132.6;134.9;3.14;711;721;14.9;15.3;10.3;13384;52;0;0;256
2022:08:20:06:13:01,206;7;225;189.1;132.4;134.4;2.69;605;600;15.7;15.8;10.3;13384;52;0;0;256
2022:08:20:06:14:01,274;4;126;109.2;131.7;132.7;0.59;88;88;15.6;15.7;10.3;13384;52;0;0;256
2022:08:20:06:15:01,343;3;113;98.2;131.7;132.5;0.56;51;44;15.1;15.1;10.3;13384;52;0;0;256
2022:08:20:06:16:01,411;5;166;143.2;132.1;133.6;1.07;232;234;14.7;15.0;10.4;13384;52;0;0;256
2022:08:20:06:17:00,200;4;141;121.3;131.9;133.1;0.66;123;136;14.7;15.2;10.4;13384;52;0;0;256
2022:08:20:06:18:00,249;3;92;83.4;131.7;132.7;0.56;6;8;14.6;14.5;10.3;13384;52;0;0;256
2022:08:20:06:19:00,337;4;153;132.0;131.7;133.0;0.85;176;177;14.4;14.8;10.4;13384;52;0;0;256
2022:08:20:06:20:00,366;5;202;170.9;132.4;134.4;1.87;420;432;14.4;14.5;10.4;13384;52;0;0;256
2022:08:20:06:21:00,454;6;214;179.5;132.6;134.2;2.21;497;517;14.6;14.9;10.4;13384;52;0;0;256
2022:08:20:06:22:00,463;5;177;152.2;131.9;133.6;1.27;280;281;14.6;14.7;10.4;13384;52;0;0;256
2022:08:20:06:23:01,251;6;197;166.8;132.1;133.6;1.74;388;395;14.6;15.0;10.4;13384;52;0;0;256
2022:08:20:06:24:01,400;4;123;107.3;131.9;133.1;0.57;72;74;14.6;14.6;10.4;13384;52;0;0;256
2022:08:20:06:25:00,009;4;122;106.2;131.7;132.7;0.57;71;72;14.6;14.8;10.4;13384;52;0;0;256
2022:08:20:06:26:01,557;4;134;115.2;131.9;133.3;0.64;108;113;14.5;14.4;10.4;13384;52;0;0;256
2022:08:20:06:27:00,066;4;131;114.3;131.9;133.1;0.61;103;105;14.5;14.7;10.4;13384;52;0;0;256
2022:08:20:06:28:00,514;5;168;145.7;131.9;133.8;1.1;240;241;14.6;14.6;10.4;13384;52;0;0;256
2022:08:20:06:29:00,983;3;118;101.9;131.7;132.7;0.55;56;59;14.6;14.8;10.4;13384;52;0;0;256
2022:08:20:06:30:01,031;5;163;137.3;132.1;133.9;1.05;228;225;14.4;14.5;10.4;13384;52;0;0;256
2022:08:20:06:31:00,361;4;146;124.9;132.1;133.1;0.75;147;155;14.6;14.7;10.4;13384;52;0;0;256
2022:08:20:06:32:01,189;6;200;169.3;132.6;134.2;1.86;417;416;14.9;15.1;10.3;13384;52;0;0;256
2022:08:20:06:33:00,417;5;187;158.6;132.4;133.8;1.55;345;338;14.9;15.0;10.3;13384;52;0;0;256
2022:08:20:06:34:00,466;4;141;121.6;132.1;133.4;0.7;133;133;14.8;15.1;10.3;13384;52;0;0;256
2022:08:20:06:35:01,214;5;184;156.6;132.4;133.8;1.37;301;319;14.7;14.9;10.3;13384;52;0;0;256
2022:08:20:06:36:01,363;4;140;120.9;132.1;133.1;0.68;127;132;14.8;15.1;10.3;13384;52;0;0;256
2022:08:20:06:37:00,571;7;243;203.9;133.0;135.5;3.29;747;746;14.7;14.7;10.3;13384;52;0;0;256
2022:08:20:06:38:00,580;5;172;147.1;132.4;133.8;1.17;258;261;15.6;16.0;10.3;13384;52;0;0;256
2022:08:20:06:39:13,591;6;222;187.4;132.4;134.4;2.51;565;576;15.7;15.9;10.4;13384;52;0;0;256
2022:08:20:06:40:02,958;6;199;168.9;132.6;134.2;1.87;420;410;15.7;15.9;10.4;13384;52;0;0;256
2022:08:20:06:41:01,286;4;136;116.2;132.1;133.4;0.66;118;119;15.6;15.5;10.3;13384;52;0;0;256
2022:08:20:06:42:01,354;5;176;151.1;132.4;133.8;1.23;270;273;15.5;15.8;10.4;13384;52;0;0;256
2022:08:20:06:43:00,563;5;155;133.6;132.4;133.6;0.93;194;192;15.2;15.4;10.4;13384;52;0;0;256
2022:08:20:06:44:01,331;4;134;115.3;132.4;133.6;0.65;115;113;15.1;15.4;10.4;13384;52;0;0;256
2022:08:20:06:45:01,220;4;122;105.8;132.1;133.4;0.57;70;72;14.9;15.1;10.4;13384;52;0;0;256
2022:08:20:06:46:00,669;3;113;98.0;131.9;133.1;0.55;43;44;15.0;15.0;10.4;13384;52;0;0;256
2022:08:20:06:47:00,717;4;145;124.7;132.4;133.6;0.75;149;152;14.8;15.2;10.5;13384;52;0;0;256
2022:08:20:06:48:00,826;3;119;103.3;131.9;133.3;0.56;59;63;14.7;14.7;10.4;13384;52;0;0;256
2022:08:20:06:49:00,454;5;183;154.5;132.1;133.9;1.39;308;313;14.6;15.1;10.5;13384;52;0;0;256
2022:08:20:06:50:01,283;6;201;170.1;132.4;134.4;1.88;421;421;15.1;15.2;10.5;13384;52;0;0;256
2022:08:20:06:51:00,491;5;166;139.6;132.4;133.6;1.07;230;232;15.0;15.5;10.5;13384;52;0;0;256
2022:08:20:06:52:00,540;6;236;199.4;132.6;134.7;2.98;673;686;14.7;14.8;10.5;13384;52;0;0;256
2022:08:20:06:53:00,029;7;250;208.2;132.8;135.3;3.59;812;807;15.6;16.2;10.5;13384;52;0;0;256
2022:08:20:06:54:01,177;5;173;146.4;132.1;133.9;1.21;266;265;16.5;16.5;10.6;13384;52;0;0;256
2022:08:20:06:55:00,406;5;167;144.7;132.4;133.8;1.11;242;242;16.0;16.2;10.6;13384;52;0;0;256
2022:08:20:06:56:01,154;6;216;181.1;132.4;134.6;2.4;541;537;15.5;15.5;10.6;13384;52;0;0;256
2022:08:20:06:57:00,343;6;192;161.7;132.1;134.2;1.64;365;363;15.6;16.1;10.6;13384;52;0;0;256
2022:08:20:06:58:00,211;5;163;138.9;131.9;133.3;1.07;228;222;15.6;15.8;10.6;13384;52;0;0;256
2022:08:20:06:59:00,540;5;188;160.0;132.1;134.2;1.58;352;344;15.5;15.9;10.6;13384;52;0;0;256
2022:08:20:07:00:01,308;5;184;158.1;132.4;133.6;1.43;317;318;15.6;15.7;10.6;13384;52;0;0;256
2022:08:20:07:01:00,837;4;153;132.7;131.9;133.3;0.88;182;181;15.4;15.7;10.6;13384;52;0;0;256
2022:08:20:07:02:00,866;4;151;130.5;131.5;132.7;0.82;168;172;15.2;15.3;10.6;13384;52;0;0;256
2022:08:20:07:03:00,914;4;127;109.3;131.7;133.0;0.59;91;88;15.0;15.3;10.6;13384;52;0;0;256
2022:08:20:07:04:01,263;6;207;176.1;131.9;133.6;2.13;474;466;14.9;15.2;10.7;13384;52;0;0;256
2022:08:20:07:05:01,311;6;218;182.7;132.1;134.2;2.46;553;540;14.9;15.2;10.6;13384;52;0;0;256
2022:08:20:07:06:00,620;4;149;124.1;131.7;133.0;0.81;165;166;15.0;15.3;10.7;13384;52;0;0;256
2022:08:20:07:07:00,648;5;164;138.2;131.5;132.9;1.05;226;225;14.8;15.0;10.6;13384;52;0;0;256
2022:08:20:07:08:01,077;4;140;120.2;131.2;132.7;0.69;130;132;14.8;15.1;10.6;13384;52;0;0;256
2022:08:20:07:09:01,026;7;245;205.2;131.9;134.4;3.4;765;770;14.6;14.8;10.6;13384;52;0;0;256
2022:08:20:07:10:02,014;5;179;151.7;133.0;134.8;1.3;290;293;15.2;15.3;10.6;13384;52;0;0;256
2022:08:20:07:11:01,185;5;177;148.2;132.8;134.5;1.28;282;282;15.4;15.4;10.7;13384;52;0;0;256
2022:08:20:07:12:01,285;7;241;202.4;133.5;135.7;3.23;735;734;15.3;15.6;10.6;13384;52;0;0;256
2022:08:20:07:13:00,606;5;183;157.9;132.6;134.2;1.42;313;310;15.7;15.8;10.7;13384;52;0;0;256
2022:08:20:07:14:01,366;6;208;175.3;133.0;135.1;2.12;478;473;15.4;15.7;10.7;13384;52;0;0;256
2022:08:20:07:15:01,527;4;146;124.8;132.6;133.9;0.77;152;155;15.7;15.8;10.7;13384;52;0;0;256
2022:08:20:07:16:00,087;4;151;129.8;132.6;133.9;0.82;169;172;15.7;16.2;10.7;13384;52;0;0;256
2022:08:20:07:17:01,101;4;154;132.7;132.6;133.6;0.89;187;189;15.4;15.4;10.7;13384;52;0;0;256
2022:08:20:07:18:01,136;4;142;122.0;132.4;133.8;0.71;138;139;15.2;15.6;10.7;13384;52;0;0;256
2022:08:20:07:19:00,930;6;206;174.9;132.6;134.4;2.03;457;459;15.0;15.1;10.7;13384;52;0;0;256
2022:08:20:07:20:01,026;6;199;169.8;132.8;134.5;1.86;417;410;15.0;15.6;10.8;13384;52;0;0;256
2022:08:20:07:21:00,998;6;212;178.0;133.0;135.1;2.2;496;498;15.1;15.1;10.7;13384;52;0;0;256
2022:08:20:07:22:00,167;6;223;187.4;133.0;135.3;2.53;573;584;15.3;15.8;10.8;13384;52;0;0;256
2022:08:20:07:23:00,216;6;222;185.8;133.3;135.3;2.54;575;575;15.9;15.9;10.8;13384;52;0;0;256
2022:08:20:07:24:00,344;7;260;215.3;133.7;136.5;3.98;909;900;15.8;16.3;10.8;13384;52;0;0;256
2022:08:20:07:25:00,513;8;267;221.5;133.5;136.5;4.27;973;965;16.0;16.1;10.8;13384;52;0;0;256
2022:08:20:07:26:01,061;4;123;106.1;132.4;133.8;0.58;77;74;16.2;16.5;10.8;13384;52;0;0;256
2022:08:20:07:27:01,210;4;151;130.9;132.4;133.2;0.82;168;172;15.7;15.7;10.8;13384;52;0;0;256
2022:08:20:07:28:01,278;8;300;245.2;134.2;138.0;6.04;1387;1366;15.5;16.0;10.9;13384;52;0;0;256
2022:08:20:07:29:01,307;2;72;62.4;132.4;133.0;0.57;0;0;16.0;15.9;10.9;13384;52;8;0;256
2022:08:20:07:30:01,416;3;139;120.8;132.1;133.1;0.56;58;58;15.6;15.9;10.9;13384;52;8;0;256
2022:08:20:07:31:01,184;6;217;182.3;133.0;135.3;2.34;531;538;15.4;15.5;11.0;13384;52;0;0;256
2022:08:20:07:32:00,693;5;189;159.2;132.6;134.4;1.6;358;348;15.8;16.3;11.0;13384;52;0;0;256
2022:08:20:07:33:00,781;6;215;181.2;133.0;135.1;2.28;518;523;15.8;15.9;11.0;13384;52;0;0;256
2022:08:20:07:34:00,290;3;108;95.3;132.4;133.0;0.55;31;34;15.8;16.1;11.0;13384;52;0;0;256
2022:08:20:07:35:00,378;4;150;128.3;132.4;133.8;0.84;171;170;15.5;15.6;11.1;13384;52;0;0;256
2022:08:20:07:36:00,427;4;151;130.3;132.4;133.2;0.81;168;172;15.6;15.9;11.1;13384;52;0;0;256
2022:08:20:07:37:00,016;4;136;117.5;132.6;133.6;0.65;113;116;15.5;15.5;11.1;13384;52;0;0;256
2022:08:20:07:38:00,084;6;203;171.9;132.6;134.2;1.94;434;437;16.1;16.3;11.1;13384;52;0;0;256
2022:08:20:07:39:06,953;5;177;148.5;132.4;134.4;1.3;287;283;15.8;16.1;11.1;13384;52;0;0;256
2022:08:20:07:40:00,541;5;193;166.6;132.8;134.0;1.55;347;370;15.6;15.7;11.1;13384;52;0;0;256
2022:08:20:07:41:00,010;5;163;137.2;132.4;133.6;1.0;215;222;15.8;16.2;11.2;13384;52;0;0;256
2022:08:20:07:42:00,238;5;162;137.4;132.4;133.2;0.99;214;217;16.0;16.1;11.2;13384;52;0;0;256
2022:08:20:07:43:00,687;6;206;172.6;132.6;134.4;2.04;458;457;15.7;16.3;11.2;13384;52;0;0;256
2022:08:20:07:44:00,776;4;150;128.8;132.4;133.6;0.85;173;172;15.7;15.8;11.2;13384;52;0;0;256
2022:08:20:07:45:00,864;4;127;110.6;132.1;133.1;0.59;87;90;15.6;16.0;11.2;13384;52;0;0;256
2022:08:20:07:46:00,913;5;178;151.8;132.6;134.4;1.35;299;288;15.5;15.5;11.3;13384;52;0;0;256
2022:08:20:07:47:00,101;5;191;160.7;132.1;134.4;1.66;369;357;15.5;16.0;11.3;13384;52;0;0;256
2022:08:20:07:48:00,850;7;227;189.1;132.8;134.5;2.67;605;617;15.6;15.9;11.3;13384;52;0;0;256
2022:08:20:07:49:00,898;3;119;103.2;131.7;132.5;0.52;14;28;15.7;15.8;11.3;13384;52;8;0;256
2022:08:20:07:50:00,947;6;227;190.6;132.4;134.6;2.74;617;617;16.1;16.6;11.4;13384;52;0;0;256
2022:08:20:07:51:00,056;4;138;117.8;132.1;133.1;0.68;127;129;16.2;16.2;11.4;13384;52;0;0;256
2022:08:20:07:52:00,124;4;137;118.0;131.9;132.8;0.66;120;122;16.1;16.3;11.4;13384;52;0;0;256
2022:08:20:07:53:00,973;3;102;88.8;131.7;132.7;0.58;33;21;15.8;15.8;11.4;13384;52;0;0;256
2022:08:20:07:54:01,021;4;139;119.6;131.9;133.3;0.68;126;129;15.7;16.1;11.5;13384;52;0;0;256
2022:08:20:07:55:01,130;9;303;247.0;133.3;137.4;6.53;1490;1508;16.4;16.7;11.5;13384;52;0;0;256
2022:08:20:07:56:00,718;5;183;153.9;132.1;134.2;1.47;327;334;17.4;17.4;11.5;13384;52;0;0;256
2022:08:20:07:57:01,147;6;212;177.3;132.4;134.4;2.33;525;526;17.0;17.4;11.5;13384;52;0;0;256
2022:08:20:07:58:01,075;6;202;169.9;132.1;134.2;2.05;459;460;16.7;16.8;11.5;13384;52;0;0;256
2022:08:20:07:59:00,244;7;241;198.9;132.6;135.5;3.53;800;787;16.5;17.1;11.5;13384;52;0;0;256
2022:08:20:08:00:00,713;5;155;131.3;131.5;132.9;0.93;195;202;16.5;16.6;11.5;13384;52;0;0;256
2022:08:20:08:01:02,221;5;172;147.3;131.7;133.3;1.25;274;279;16.4;16.6;11.6;13384;52;0;0;256
2022:08:20:08:02:03,410;5;172;146.3;131.7;133.5;1.27;278;279;16.3;16.7;11.6;13384;52;0;0;256
2022:08:20:08:03:00,358;5;178;151.3;131.5;132.9;1.42;313;307;16.1;16.4;11.6;13384;52;0;0;256
2022:08:20:08:04:00,487;4;141;121.0;131.2;132.7;0.71;137;142;16.1;16.4;11.7;13384;52;0;0;256
2022:08:20:08:05:00,555;4;139;119.2;131.5;132.7;0.7;134;137;16.0;16.1;11.7;13384;52;0;0;256
2022:08:20:08:06:00,904;5;180;151.7;131.5;133.2;1.46;322;317;16.0;16.4;11.8;13384;52;0;0;256
2022:08:20:08:07:00,053;5;174;147.9;131.7;133.8;1.3;287;293;16.0;16.1;11.8;13384;52;0;0;256
2022:08:20:08:08:00,041;4;128;110.0;131.2;132.7;0.61;99;100;16.1;16.5;11.9;13384;52;0;0;256
2022:08:20:08:09:00,090;2;80;70.1;131.5;132.5;0.56;3;1;16.1;16.1;11.9;13384;52;8;0;256
2022:08:20:08:10:00,118;4;171;148.3;131.5;132.7;0.77;155;156;16.0;16.3;12.0;13384;52;0;0;256
2022:08:20:08:11:00,867;3;137;119.4;131.2;132.1;0.57;73;74;16.0;16.3;12.1;13384;52;0;0;256
2022:08:20:08:12:00,895;4;173;148.9;131.2;132.7;0.79;158;161;15.9;15.9;12.1;13384;52;0;0;256
2022:08:20:08:13:01,464;4;161;140.5;131.5;132.9;0.96;204;207;16.2;16.5;12.1;13384;52;0;0;256
2022:08:20:08:14:00,733;4;149;127.6;131.5;132.7;0.78;157;161;16.4;16.4;12.1;13384;52;0;0;256
2022:08:20:08:15:00,781;4;137;117.9;132.6;133.6;0.67;121;121;16.2;16.4;12.2;13384;52;0;0;256
2022:08:20:08:16:00,870;3;116;99.6;132.4;133.0;0.56;51;53;16.2;16.5;12.2;13384;52;0;0;256
2022:08:20:08:17:00,978;0;0;10.4;130.6;132.3;0.07;0;0;16.4;16.5;12.1;13386;52;3;4096;1024
2022:08:20:08:18:00,987;0;0;18.9;130.6;131.9;0.07;0;0;15.9;16.1;12.0;13386;52;3;4096;1024
2022:08:20:08:19:00,995;0;0;21.5;130.8;132.1;0.07;0;0;15.6;15.8;12.0;13386;52;3;4096;1024
2022:08:20:08:20:00,984;0;0;22.2;129.5;130.5;0.07;0;0;15.4;15.6;12.0;13386;52;3;4096;1024
2022:08:20:08:21:01,013;0;0;22.4;129.5;130.5;0.06;0;0;15.3;15.5;12.0;13386;52;3;4096;1024
2022:08:20:08:22:01,001;1;32;29.3;130.4;131.7;0.17;0;0;15.1;15.4;11.9;13386;52;1;4096;0
2022:08:20:08:23:00,070;0;0;118.3;131.2;132.4;0.21;0;0;14.9;15.3;11.8;13384;107;35;4096;1024
2022:08:20:08:24:00,038;0;0;57.0;131.2;132.9;0.1;0;0;14.9;15.2;11.8;13384;107;35;4096;1024
2022:08:20:08:25:00,047;0;0;34.0;131.5;132.7;0.1;0;0;14.9;15.1;11.7;13384;107;35;4096;1024
2022:08:20:08:26:00,115;0;0;26.4;131.2;132.7;0.1;0;0;14.9;15.0;11.7;13384;107;35;4096;1024
2022:08:20:08:27:00,224;0;0;24.0;131.5;132.7;0.1;0;0;14.8;15.0;11.6;13384;107;35;4096;1024
2022:08:20:08:28:00,153;0;5;23.7;131.2;132.4;0.1;0;0;14.8;14.9;11.6;13384;107;33;4096;0
2022:08:20:08:29:00,181;3;102;87.6;131.7;133.0;0.58;83;88;14.7;14.7;11.6;13384;107;32;0;256
2022:08:20:08:30:00,630;5;153;132.4;131.9;133.3;0.95;200;197;15.2;15.3;11.6;13384;107;0;0;256
2022:08:20:08:31:00,738;5;159;134.7;132.1;133.6;1.03;218;219;15.4;15.7;11.6;13384;107;0;0;256
2022:08:20:08:32:18,990;4;136;116.7;131.7;132.7;0.69;126;126;15.6;15.7;11.6;13384;107;0;0;256
2022:08:20:08:33:00,895;4;131;112.8;131.9;133.1;0.64;105;109;15.6;15.7;11.6;13384;107;0;0;256
2022:08:20:08:34:00,964;4;125;108.2;131.9;132.8;0.59;86;87;15.6;15.8;11.6;13384;107;0;0;256
2022:08:20:08:35:00,993;4;123;105.7;131.7;132.5;0.58;79;79;15.7;15.7;11.7;13384;107;0;0;256
2022:08:20:08:36:01,082;4;151;130.1;131.7;133.0;0.89;185;189;15.7;16.1;11.7;13384;107;0;0;256
2022:08:20:08:37:00,310;3;107;94.6;131.7;132.5;0.55;31;33;15.8;15.7;11.7;13384;107;0;0;256
2022:08:20:08:38:00,818;6;200;168.7;132.1;133.6;1.95;436;442;15.7;16.2;11.8;13384;107;0;0;256
2022:08:20:08:39:01,247;4;148;126.4;131.9;133.1;0.84;171;173;16.0;16.1;11.8;13384;107;0;0;256
2022:08:20:08:40:01,235;6;213;178.4;132.4;134.1;2.39;537;542;15.9;16.2;11.9;13384;107;0;0;256
2022:08:20:08:41:00,844;7;224;188.0;132.4;134.6;2.73;616;629;16.2;16.6;11.9;13384;107;0;0;256
2022:08:20:08:42:00,633;6;207;174.9;132.4;134.4;2.21;497;494;16.6;16.8;11.9;13384;107;0;0;256
2022:08:20:08:43:00,661;7;239;198.4;132.4;135.1;3.37;761;767;16.9;17.3;11.9;13384;107;0;0;256
2022:08:20:08:44:01,450;5;181;156.2;131.9;133.6;1.44;317;323;16.7;16.8;12.0;13384;107;0;0;256
2022:08:20:08:45:00,678;5;188;158.3;131.9;134.1;1.59;353;354;16.8;17.2;12.0;13384;107;0;0;256
2022:08:20:08:46:01,147;7;252;209.1;132.8;135.5;3.86;873;880;16.6;17.1;12.0;13384;107;0;0;256
2022:08:20:08:47:01,215;4;142;122.7;131.9;133.6;0.74;144;144;17.0;17.0;12.0;13384;107;0;0;256
2022:08:20:08:48:01,224;4;127;109.5;131.9;133.1;0.6;91;93;16.6;17.0;12.0;13384;107;0;0;256
2022:08:20:08:49:01,372;5;182;156.4;131.9;133.6;1.43;317;319;16.3;16.3;12.0;13384;107;0;0;256
2022:08:20:08:50:03,641;5;155;132.2;131.7;133.0;0.94;198;200;16.4;16.5;12.1;13384;107;0;0;256
2022:08:20:08:51:01,270;6;203;172.7;131.9;134.1;2.02;452;469;16.4;16.6;12.1;13384;107;0;0;256
2022:08:20:08:52:01,338;4;147;126.3;131.9;133.3;0.8;163;164;16.5;16.7;12.1;13384;107;0;0;256
2022:08:20:08:53:00,927;7;229;191.0;132.4;134.9;2.98;671;669;16.5;17.0;12.1;13384;107;0;0;256
2022:08:20:08:54:00,955;4;131;112.1;131.5;132.5;0.62;104;103;16.7;16.7;12.2;13384;107;0;0;256
2022:08:20:08:55:00,184;5;185;157.8;132.1;133.9;1.58;350;342;16.5;16.9;12.2;13384;107;0;0;256
2022:08:20:08:56:00,293;7;250;209.0;132.6;134.9;3.74;846;864;16.3;16.4;12.2;13384;107;0;0;256
2022:08:20:08:57:00,361;4;134;114.9;131.5;132.7;0.66;116;115;17.0;17.3;12.2;13384;107;0;0;256
2022:08:20:08:58:01,110;5;155;132.4;131.9;133.1;0.94;196;200;16.8;17.1;12.2;13384;107;0;0;256
2022:08:20:08:59:00,158;3;110;96.4;131.5;131.9;0.55;36;39;16.8;16.9;12.2;13384;107;0;0;256
2022:08:20:09:00:00,167;6;211;177.3;132.4;134.4;2.32;522;522;16.8;17.3;12.3;13384;107;0;0;256
2022:08:20:09:01:00,215;6;196;165.0;132.1;133.9;1.84;411;412;16.9;17.0;12.3;13384;107;0;0;256
2022:08:20:09:02:01,004;6;188;158.1;131.9;133.8;1.62;361;359;16.8;17.1;12.4;13384;107;0;0;256
2022:08:20:09:03:00,272;4;123;105.9;131.9;132.3;0.57;76;76;16.8;16.9;12.4;13384;107;0;0;256
2022:08:20:09:04:00,341;2;74;69.0;131.2;131.9;0.56;0;0;16.6;16.7;12.4;13384;107;8;0;256
2022:08:20:09:05:00,390;3;130;112.7;131.2;132.1;0.57;71;72;16.6;16.9;12.5;13384;107;0;0;256
2022:08:20:09:06:00,478;4;129;111.5;131.5;132.9;0.6;91;93;16.9;16.8;12.6;13384;107;0;0;256
2022:08:20:09:07:00,507;7;260;217.9;132.4;135.4;3.8;859;882;16.6;17.1;12.6;13384;107;0;0;256
2022:08:20:09:08:00,555;8;282;232.7;132.6;136.3;5.0;1133;1127;17.5;17.9;12.6;13384;107;0;0;256
2022:08:20:09:09:00,564;5;176;150.2;131.5;132.7;1.27;277;276;18.1;18.0;12.6;13384;107;0;0;256
2022:08:20:09:10:00,612;6;220;184.2;131.9;134.1;2.49;559;556;17.7;18.2;12.6;13384;107;0;0;256
2022:08:20:09:11:00,501;5;194;166.2;131.9;133.6;1.64;363;368;17.5;17.7;12.7;13384;107;0;0;256
2022:08:20:09:12:00,650;5;198;168.1;131.5;133.5;1.75;391;402;17.5;17.6;12.7;13384;107;0;0;256
2022:08:20:09:13:00,898;4;144;122.5;131.2;132.7;0.75;147;141;17.4;17.8;12.7;13384;107;0;0;256
2022:08:20:09:14:01,027;3;102;89.1;130.8;131.5;0.55;20;19;17.1;17.2;12.7;13384;107;0;0;256
2022:08:20:09:15:01,115;3;101;88.5;131.0;131.9;0.55;16;19;16.9;17.0;12.7;13384;107;0;0;256
2022:08:20:09:16:00,304;4;132;113.8;131.0;132.3;0.6;98;102;17.0;17.3;12.8;13384;107;0;0;256
2022:08:20:09:17:03,292;5;183;154.5;131.2;132.9;1.38;306;310;16.9;17.3;12.8;13384;107;0;0;256
2022:08:20:09:18:00,281;4;132;113.1;130.8;132.3;0.62;102;105;17.0;17.3;12.9;13384;107;0;0;256
2022:08:20:09:19:00,270;4;155;131.9;131.7;132.7;0.89;187;188;16.9;17.1;12.9;13384;107;0;0;256
2022:08:20:09:20:00,418;4;152;130.2;131.5;132.7;0.86;178;175;16.9;16.9;12.9;13384;107;0;0;256
2022:08:20:09:21:00,427;4;150;127.7;131.7;133.0;0.82;168;169;16.9;17.3;12.9;13384;107;0;0;256
2022:08:20:09:22:00,515;3;97;84.2;131.2;131.9;0.55;14;14;16.9;17.0;12.9;13384;107;0;0;256
2022:08:20:09:23:00,564;3;121;104.9;131.2;132.4;0.57;66;65;16.7;16.7;12.9;13384;107;0;0;256
2022:08:20:09:24:01,072;3;110;96.1;131.0;131.5;0.55;36;36;16.7;17.0;12.9;13384;107;0;0;256
2022:08:20:09:25:01,081;4;153;129.8;131.0;132.6;0.87;180;184;16.8;17.1;12.9;13384;107;0;0;256
2022:08:20:09:26:01,150;7;257;213.4;131.7;134.8;3.83;863;868;16.7;16.9;12.9;13384;107;0;0;256
2022:08:20:09:27:01,158;6;196;165.3;131.2;132.7;1.76;391;387;17.4;17.5;12.9;13384;107;0;0;256
2022:08:20:09:28:00,387;4;145;124.9;131.2;132.7;0.75;146;144;17.5;17.7;12.9;13384;107;0;0;256
2022:08:20:09:29:00,475;3;112;97.9;130.8;131.7;0.55;40;42;17.3;17.1;12.9;13384;107;0;0;256
2022:08:20:09:30:00,544;3;97;85.0;131.0;131.5;0.56;13;14;17.0;17.3;12.9;13384;107;0;0;256
2022:08:20:09:31:00,552;4;135;116.8;130.8;132.3;0.65;114;116;17.0;17.2;13.0;13384;107;0;0;256
2022:08:20:09:32:00,661;3;104;94.2;130.8;132.1;0.55;8;10;16.9;16.9;13.0;13384;107;8;0;256
2022:08:20:09:33:00,730;6;226;191.3;131.5;133.5;2.37;530;533;16.8;17.3;13.0;13384;107;0;0;256
2022:08:20:09:34:01,198;4;130;112.3;131.2;132.1;0.6;93;97;17.1;17.3;13.1;13384;107;0;0;256
2022:08:20:09:35:01,267;4;133;114.1;131.2;132.4;0.62;105;108;17.0;16.9;13.1;13384;107;0;0;256
2022:08:20:09:36:01,315;3;92;81.2;131.2;132.1;0.53;0;8;17.0;17.2;13.1;13384;107;0;0;256
2022:08:20:09:37:00,584;4;152;129.3;131.7;133.0;0.85;174;176;17.1;17.2;13.1;13384;107;0;0;256
2022:08:20:09:38:00,812;3;114;99.5;131.2;132.7;0.55;42;48;17.2;17.2;13.1;13384;107;0;0;256
2022:08:20:09:39:00,841;2;53;61.2;131.0;132.3;0.13;0;0;17.0;17.3;13.1;13384;107;1;0;0
2022:08:20:09:40:00,909;4;131;113.4;131.0;133.1;0.61;100;102;16.8;16.9;13.2;13384;107;0;0;256
2022:08:20:09:41:01,118;4;133;115.1;131.7;132.7;0.64;105;108;16.8;16.8;13.2;13384;107;0;0;256
2022:08:20:09:42:01,407;6;200;169.1;131.9;133.8;1.85;414;412;17.2;17.5;13.2;13384;107;0;0;256
2022:08:20:09:43:01,475;4;129;110.7;131.7;132.7;0.61;100;93;17.3;17.6;13.2;13384;107;0;0;256
2022:08:20:09:44:01,544;5;173;146.6;131.9;133.6;1.19;260;263;17.4;17.4;13.3;13384;107;0;0;256
2022:08:20:09:45:00,732;5;165;140.0;131.7;133.3;1.04;223;228;17.4;17.7;13.2;13384;107;0;0;256
2022:08:20:09:46:01,481;6;198;168.1;131.9;133.6;1.78;398;401;17.2;17.7;13.2;13384;107;0;0;256
2022:08:20:09:47:00,010;5;171;144.9;131.7;133.3;1.16;252;255;17.4;17.4;13.3;13384;107;0;0;256
2022:08:20:09:48:00,058;5;161;136.6;131.7;133.3;0.98;210;212;17.2;17.6;13.2;13384;107;0;0;256
2022:08:20:09:49:00,847;6;218;183.1;132.1;134.4;2.43;545;535;17.2;17.7;13.3;13384;107;0;0;256
2022:08:20:09:50:03,575;4;129;111.3;131.5;132.5;0.6;93;93;17.8;18.2;13.3;13384;107;0;0;256
2022:08:20:09:51:00,544;5;167;143.9;131.5;132.9;1.09;235;237;17.5;17.8;13.3;13384;107;0;0;256
2022:08:20:09:52:01,292;7;254;212.1;132.4;135.1;3.68;831;836;17.6;18.1;13.2;13384;107;0;0;256
2022:08:20:09:53:00,161;9;326;264.0;133.5;138.2;7.8;1779;1799;18.4;18.7;13.2;13384;107;0;0;256
2022:08:20:09:54:00,209;6;204;172.7;131.9;134.4;1.95;437;440;19.1;19.2;13.2;13384;107;0;0;256
2022:08:20:09:55:00,278;6;219;183.0;132.1;134.4;2.41;541;539;18.5;19.0;13.2;13384;107;0;0;256
2022:08:20:09:56:00,327;0;0;5.6;130.8;132.3;0.1;0;0;18.9;19.0;13.1;13385;11;3;4096;1024
2022:08:20:09:57:00,335;0;0;17.7;131.0;132.6;0.1;0;0;18.0;18.2;13.1;13385;11;3;4096;1024
2022:08:20:09:58:00,364;0;0;21.3;131.0;132.3;0.1;0;0;17.4;17.6;13.0;13385;11;3;4096;1024
2022:08:20:09:59:00,472;0;0;22.4;131.0;132.3;0.1;0;0;16.9;17.2;13.0;13385;11;3;4096;1024
2022:08:20:10:00:00,461;0;0;22.7;130.8;132.1;0.1;0;0;16.6;16.8;12.9;13385;11;3;4096;1024
2022:08:20:10:01:00,349;2;85;79.7;130.8;132.5;0.1;0;5;16.4;16.6;12.8;13385;11;1;4096;0
2022:08:20:10:02:01,418;3;110;95.7;131.5;132.5;0.55;36;36;16.6;16.6;12.8;13385;11;0;0;256
2022:08:20:10:03:03,046;5;179;153.1;131.5;132.9;1.32;290;289;16.8;16.9;12.9;13385;11;0;0;256
2022:08:20:10:04:00,975;4;143;120.9;131.5;133.2;0.74;144;142;17.1;17.5;12.9;13385;11;0;0;256
2022:08:20:10:05:01,084;7;265;220.5;132.4;135.1;4.15;937;941;17.1;17.4;12.9;13385;11;0;0;256
2022:08:20:10:06:01,092;5;184;157.1;131.5;133.5;1.44;318;317;17.8;17.7;12.9;13385;11;0;0;256
2022:08:20:10:07:01,201;4;147;126.2;131.5;132.9;0.78;156;157;17.5;17.8;12.9;13385;11;0;0;256
2022:08:20:10:08:01,309;4;132;114.4;130.8;132.5;0.62;107;108;17.4;17.6;13.0;13385;11;0;0;256
2022:08:20:10:09:01,378;3;105;91.5;131.0;132.1;0.55;28;27;17.2;17.1;12.9;13385;11;0;0;256
2022:08:20:10:10:01,487;5;174;148.5;131.5;133.2;1.23;266;269;17.2;17.6;13.0;13385;11;0;0;256
2022:08:20:10:11:00,014;3;119;103.5;130.8;132.1;0.56;57;59;17.3;17.1;13.0;13385;11;0;0;256
2022:08:20:10:12:00,103;3;126;109.9;131.0;132.3;0.58;79;81;17.2;17.4;13.1;13385;11;0;0;256
2022:08:20:10:13:00,852;4;152;130.5;131.5;132.9;0.82;170;171;17.3;17.7;13.1;13385;11;0;0;256
2022:08:20:10:14:01,621;5;163;138.1;131.5;132.9;1.03;220;221;17.4;17.7;13.2;13385;11;0;0;256
2022:08:20:10:15:00,108;4;138;118.4;131.0;132.6;0.67;123;124;17.3;17.4;13.2;13385;11;0;0;256
2022:08:20:10:16:02,138;3;103;90.3;131.0;132.1;0.55;20;23;17.3;17.4;13.2;13385;11;0;0;256
2022:08:20:10:17:00,747;3;97;85.6;131.0;131.9;0.56;6;7;17.2;17.2;13.2;13385;11;8;0;256
2022:08:20:10:18:00,735;3;114;100.0;131.2;131.9;0.55;16;21;17.2;17.1;13.2;13385;11;8;0;256
2022:08:20:10:19:01,464;3;124;108.4;131.0;132.1;0.55;56;56;17.3;17.5;13.3;13385;11;0;0;256
2022:08:20:10:20:00,051;8;257;212.1;132.4;135.4;4.11;931;932;18.4;18.5;13.4;13385;11;0;0;256
2022:08:20:10:21:01,341;6;202;170.3;131.7;133.8;2.04;457;448;18.4;18.4;13.3;13385;11;0;0;256
2022:08:20:10:22:01,449;5;160;138.7;131.7;133.3;1.04;224;225;18.4;18.4;13.3;13385;11;0;0;256
2022:08:20:10:23:01,498;5;180;155.9;131.5;132.9;1.35;298;309;18.0;18.4;13.4;13385;11;0;0;256
2022:08:20:10:24:00,186;5;193;162.7;131.5;133.7;1.69;378;383;18.3;18.3;13.3;13385;11;0;0;256
2022:08:20:10:25:00,114;5;158;133.5;131.5;133.2;0.97;206;211;18.4;18.8;13.3;13385;11;0;0;256
2022:08:20:10:26:00,884;4;125;108.1;131.2;132.4;0.6;94;86;18.5;18.8;13.3;13385;11;0;0;256
2022:08:20:10:27:00,952;6;218;183.6;131.7;134.0;2.55;573;570;18.1;18.2;13.3;13385;11;0;0;256
2022:08:20:10:28:01,041;4;143;123.3;131.2;132.7;0.76;147;152;18.8;18.9;13.3;13385;11;0;0;256
2022:08:20:10:29:01,329;4;132;112.4;131.2;132.4;0.64;110;112;18.6;19.0;13.3;13385;11;0;0;256
2022:08:20:10:30:01,378;4;140;119.6;131.5;132.7;0.71;136;141;18.2;18.3;13.3;13385;11;0;0;256
2022:08:20:10:31:00,006;7;211;175.3;131.9;134.1;2.44;549;525;18.2;18.6;13.3;13385;11;0;0;256
2022:08:20:10:32:00,034;6;190;160.6;131.7;133.3;1.69;375;370;18.4;18.8;13.3;13385;11;0;0;256
2022:08:20:10:33:00,063;4;135;115.6;131.5;132.5;0.67;120;123;18.4;18.5;13.4;13385;11;0;0;256
2022:08:20:10:34:01,152;6;178;150.4;131.7;133.5;1.43;315;309;18.8;19.0;13.4;13385;11;0;0;256
2022:08:20:10:35:01,321;8;265;218.6;132.6;135.5;4.46;1011;1005;18.4;18.9;13.5;13385;11;0;0;256
2022:08:20:10:36:01,309;7;248;205.3;132.1;135.0;3.72;840;843;18.5;18.9;13.5;13385;11;0;0;256
2022:08:20:10:37:01,378;7;238;198.3;132.1;134.7;3.28;739;753;18.6;18.8;13.7;13385;11;0;0;256
2022:08:20:10:38:01,486;7;223;185.0;132.1;134.7;2.8;631;619;19.2;19.4;13.8;13385;11;0;0;256
2022:08:20:10:39:00,014;4;128;110.5;130.8;132.8;0.6;94;96;19.0;19.2;13.9;13385;11;0;0;256
2022:08:20:10:40:00,464;4;149;128.4;131.5;132.5;0.85;173;175;18.6;18.7;13.9;13385;11;0;0;256
2022:08:20:10:41:00,552;5;163;137.1;131.5;133.2;1.08;234;237;18.4;18.7;14.0;13385;11;0;0;256
2022:08:20:10:42:00,601;5;181;153.1;131.9;133.8;1.38;306;318;18.8;19.3;14.1;13385;11;0;0;256
2022:08:20:10:43:00,168;5;164;137.7;131.9;133.3;1.09;237;237;18.8;18.9;14.1;13385;11;0;0;256
2022:08:20:10:44:00,898;5;179;153.7;131.7;133.0;1.37;302;308;18.7;18.8;14.1;13385;11;0;0;256
2022:08:20:10:45:00,365;4;152;130.9;131.7;133.0;0.89;186;187;18.6;19.1;14.1;13385;11;0;0;256
2022:08:20:10:46:00,414;4;126;108.9;131.2;132.4;0.6;92;93;18.5;18.8;14.1;13385;11;0;0;256
2022:08:20:10:47:00,463;6;221;183.8;132.4;134.9;2.65;599;594;18.3;18.5;14.1;13385;11;0;0;256
2022:08:20:10:48:00,531;6;203;171.9;132.1;133.9;2.04;457;461;18.5;18.7;14.1;13385;11;0;0;256
2022:08:20:10:49:00,581;8;262;216.8;132.1;135.4;4.29;969;973;18.6;19.1;14.1;13385;11;0;0;256
2022:08:20:10:50:00,148;5;190;160.0;131.7;134.0;1.62;361;364;18.9;19.3;14.0;13385;11;0;0;256
2022:08:20:10:51:00,157;5;169;142.4;131.5;133.2;1.17;254;259;18.8;18.9;14.0;13385;11;0;0;256
2022:08:20:10:52:00,986;6;191;161.4;131.7;134.0;1.68;374;376;18.5;18.6;13.9;13385;11;0;0;256
2022:08:20:10:53:01,035;4;125;107.8;131.2;132.4;0.58;83;82;18.5;18.7;13.9;13385;11;0;0;256
2022:08:20:10:54:01,064;4;133;113.4;131.2;132.1;0.64;106;108;18.2;18.5;13.9;13385;11;0;0;256
2022:08:20:10:55:01,152;4;130;112.9;131.0;132.3;0.59;90;97;18.1;18.0;13.9;13385;11;0;0;256
2022:08:20:10:56:01,041;5;182;152.4;131.5;133.2;1.38;303;307;18.1;18.2;13.9;13385;11;0;0;256
2022:08:20:10:57:00,268;5;182;153.8;131.5;132.9;1.39;306;307;18.5;19.0;13.8;13385;11;0;0;256
2022:08:20:10:58:00,317;4;141;121.6;131.0;132.1;0.7;132;135;18.4;18.6;13.8;13385;11;0;0;256
2022:08:20:10:59:01,026;3;111;97.4;131.2;132.1;0.55;36;38;18.3;18.2;13.8;13385;11;0;0;256
2022:08:20:11:00:01,075;4;122;105.5;130.8;131.7;0.57;74;74;18.2;18.2;13.8;13385;11;0;0;256
2022:08:20:11:01:01,144;4;142;122.1;131.0;132.3;0.71;136;138;18.0;18.4;13.8;13385;11;0;0;256
2022:08:20:11:02:00,311;3;110;95.8;130.6;131.7;0.55;36;36;18.0;18.0;13.8;13385;11;0;0;256
2022:08:20:11:03:00,360;3;109;94.9;130.4;131.4;0.55;32;34;18.0;17.9;13.8;13385;11;0;0;256
2022:08:20:11:04:00,388;3;102;89.1;131.9;133.1;0.57;7;9;18.0;18.2;13.9;13385;11;8;0;256
2022:08:20:11:05:01,478;3;95;85.0;131.9;132.8;0.56;4;5;18.0;18.4;13.9;13385;11;8;0;256
2022:08:20:11:06:00,725;3;163;143.6;132.1;133.1;0.61;95;99;18.0;17.9;14.0;13385;11;8;0;256
2022:08:20:11:07:00,795;5;175;146.8;132.4;133.8;1.24;272;271;18.4;18.4;14.1;13385;11;0;0;256
2022:08:20:11:08:00,763;5;160;135.1;132.1;133.6;0.97;208;207;18.4;18.6;14.1;13385;11;0;0;256
2022:08:20:11:09:01,352;5;165;142.1;132.6;133.9;1.04;225;226;18.4;18.8;14.1;13385;11;0;0;256
2022:08:20:11:10:01,441;6;225;189.5;132.8;135.0;2.52;569;586;18.8;19.3;14.1;13385;11;0;0;256
2022:08:20:11:11:01,489;5;163;141.7;132.1;133.6;0.99;211;219;18.9;19.0;14.1;13385;11;0;0;256
2022:08:20:11:12:01,538;5;176;148.3;132.4;134.4;1.25;274;275;19.3;19.2;14.1;13385;11;0;0;256
2022:08:20:11:13:00,866;1;0;0.2;131.5;133.2;0.09;0;0;19.3;19.4;14.1;13386;11;3;4096;1024
2022:08:20:11:14:00,534;0;0;15.8;131.7;133.3;0.1;0;0;18.6;18.9;14.0;13386;11;3;4096;1024
2022:08:20:11:15:00,523;0;0;20.8;131.7;133.3;0.1;0;0;18.1;18.4;13.9;13386;11;3;4096;1024
2022:08:20:11:16:00,531;0;0;22.3;131.7;133.3;0.1;0;0;17.7;18.0;13.9;13386;11;3;4096;1024
2022:08:20:11:17:00,561;0;0;22.8;131.5;132.7;0.1;0;0;17.5;17.7;13.9;13386;11;3;4096;1024
2022:08:20:11:18:00,568;0;0;23.1;131.5;132.5;0.1;0;0;17.4;17.6;13.9;13386;11;1;4096;0
2022:08:20:11:19:00,617;7;245;205.3;132.8;135.3;3.33;754;768;17.4;17.6;13.9;13386;11;0;0;256
2022:08:20:11:20:00,625;3;111;96.4;131.7;133.0;0.56;39;38;18.4;18.4;13.9;13386;11;0;0;256
2022:08:20:11:21:00,674;9;312;251.4;133.9;138.1;7.23;1652;1656;18.4;18.9;13.9;13386;11;0;0;256
2022:08:20:11:22:00,723;6;215;179.2;132.8;135.3;2.46;557;551;19.1;19.4;14.0;13386;11;0;0;256
2022:08:20:11:23:00,791;0;0;0.2;131.2;132.9;0.08;0;0;19.1;19.2;13.9;13387;11;3;4096;1024
2022:08:20:11:24:00,800;0;0;15.9;131.5;133.2;0.1;0;0;18.5;18.7;13.8;13387;11;3;4096;1024
2022:08:20:11:25:00,828;0;0;20.8;131.5;132.7;0.1;0;0;17.9;18.2;13.7;13387;11;3;4096;1024
2022:08:20:11:26:00,817;0;0;22.3;131.7;133.3;0.1;0;0;17.5;17.8;13.6;13387;11;3;4096;1024
2022:08:20:11:27:00,885;0;0;22.8;131.5;133.2;0.1;0;0;17.3;17.5;13.5;13387;11;3;4096;1024
2022:08:20:11:28:00,854;0;0;23.2;131.2;132.7;0.1;0;0;17.2;17.3;13.4;13387;11;1;4096;0
2022:08:20:11:29:00,902;5;172;144.2;132.1;133.6;1.15;249;264;17.0;17.4;13.4;13387;11;0;0;256
2022:08:20:11:30:01,332;5;180;151.9;132.4;133.8;1.32;290;301;17.4;17.4;13.4;13387;11;0;0;256
2022:08:20:11:31:01,321;5;178;149.8;132.4;133.8;1.28;283;290;17.5;17.5;13.4;13387;11;0;0;256
2022:08:20:11:32:01,449;3;102;89.2;131.9;132.5;0.56;20;21;17.7;17.8;13.4;13387;11;0;0;256
2022:08:20:11:33:01,498;6;208;174.4;132.8;134.5;2.1;473;473;17.6;18.0;13.5;13387;11;0;0;256
2022:08:20:11:34:00,725;4;149;125.2;132.6;133.9;0.8;163;164;18.3;18.2;13.4;13387;11;0;0;256
2022:08:20:11:35:00,494;6;226;189.6;132.8;135.3;2.66;604;605;18.1;18.3;13.5;13387;11;0;0;256
2022:08:20:11:36:00,322;6;219;183.3;133.0;135.3;2.42;547;549;18.2;18.6;13.4;13387;11;0;0;256
2022:08:20:11:37:00,371;4;139;119.0;132.4;133.8;0.68;125;128;18.3;18.4;13.4;13387;11;0;0;256
2022:08:20:11:38:19,043;7;246;204.2;133.0;135.5;3.41;774;777;18.2;18.7;13.4;13387;11;0;0;256
2022:08:20:11:39:00,208;5;171;145.2;132.1;133.9;1.19;259;257;18.5;18.9;13.5;13387;11;0;0;256
2022:08:20:11:40:00,897;6;213;179.2;132.6;134.9;2.26;509;504;18.3;18.7;13.5;13387;11;0;0;256
2022:08:20:11:41:01,005;5;183;154.0;132.4;134.1;1.42;314;310;18.4;18.5;13.5;13387;11;0;0;256
2022:08:20:11:42:01,094;5;168;142.1;132.1;133.6;1.11;242;239;18.8;18.9;13.6;13387;11;0;0;256
2022:08:20:11:43:01,122;4;129;111.8;131.9;132.8;0.59;89;93;18.5;18.9;13.6;13387;11;0;0;256
2022:08:20:11:44:00,112;4;122;104.9;131.9;133.1;0.58;72;71;18.5;18.5;13.6;13387;11;0;0;256
2022:08:20:11:45:00,213;5;185;156.1;132.6;134.2;1.42;313;322;18.3;18.6;13.7;13387;11;0;0;256
2022:08:20:11:46:00,293;5;177;149.2;132.4;134.1;1.27;281;281;18.4;18.8;13.8;13387;11;0;0;256
2022:08:20:11:47:01,515;3;109;95.0;131.9;132.8;0.59;47;36;18.4;18.7;13.8;13387;11;0;0;256
2022:08:20:11:48:01,115;6;237;198.0;132.8;135.5;2.88;652;655;18.1;18.2;13.8;13387;11;0;0;256
2022:08:20:11:49:00,095;6;203;171.5;132.8;134.7;1.91;430;429;18.4;18.8;13.9;13387;11;0;0;256
2022:08:20:11:50:00,229;5;164;140.0;132.6;134.2;1.05;226;224;18.4;18.7;13.9;13387;11;0;0;256
2022:08:20:11:51:00,304;5;174;147.4;132.4;133.8;1.24;272;266;18.5;18.6;14.0;13387;11;0;0;256
2022:08:20:11:52:00,399;4;125;108.0;132.4;133.2;0.59;84;84;18.6;18.7;14.0;13387;11;0;0;256
2022:08:20:11:53:01,093;4;150;128.6;132.1;133.9;0.82;169;171;18.4;18.8;14.0;13387;11;0;0;256
2022:08:20:11:54:00,087;5;183;152.9;132.6;134.2;1.37;304;310;18.8;19.0;14.1;13387;11;0;0;256
2022:08:20:11:55:01,115;7;260;216.3;133.5;135.9;3.87;879;884;18.8;19.0;14.2;13387;11;0;0;256
2022:08:20:11:56:01,244;3;117;101.0;132.1;133.4;0.56;55;56;19.2;19.2;14.2;13387;11;0;0;256
2022:08:20:11:57:00,552;5;187;157.8;132.6;134.4;1.43;316;328;18.8;19.2;14.2;13387;11;0;0;256
2022:08:20:11:58:01,341;6;195;165.3;132.6;134.2;1.69;379;380;19.0;19.4;14.3;13387;11;0;0;256
2022:08:20:11:59:02,770;6;201;170.2;132.6;134.7;1.87;420;419;19.4;19.7;14.3;13387;11;0;0;256
2022:08:20:12:00:00,698;4;129;111.1;132.4;133.0;0.6;95;93;19.2;19.3;14.3;13387;11;0;0;256
2022:08:20:12:01:00,747;7;230;191.3;132.8;135.3;2.84;642;632;18.8;19.4;14.3;13387;11;0;0;256
2022:08:20:12:02:00,775;9;302;246.3;133.7;137.5;6.01;1371;1378;18.9;19.4;14.3;13387;11;0;0;256
2022:08:20:12:03:01,164;7;225;187.7;133.0;135.1;2.61;590;588;20.2;20.2;14.2;13387;11;0;0;256
2022:08:20:12:04:01,252;5;160;135.4;132.4;134.1;0.95;201;207;19.6;19.7;14.2;13387;11;0;0;256
2022:08:20:12:05:01,361;8;285;235.1;133.5;137.2;5.06;1156;1153;19.2;19.7;14.2;13387;11;0;0;256
2022:08:20:12:06:01,070;8;266;219.8;133.5;136.1;4.19;955;951;19.8;20.3;14.2;13387;11;0;0;256
2022:08:20:12:07:01,118;4;150;128.6;132.4;133.8;0.82;168;168;19.8;19.8;14.1;13387;11;0;0;256
2022:08:20:12:08:00,327;6;210;175.3;132.8;135.0;2.14;483;478;19.3;19.5;14.1;13387;11;0;0;256
2022:08:20:12:09:01,415;7;257;213.9;133.0;136.1;3.79;861;863;19.2;19.6;14.1;13387;11;0;0;256
2022:08:20:12:10:00,864;7;235;196.5;132.8;135.3;2.95;670;675;19.2;19.7;14.1;13387;11;0;0;256
2022:08:20:12:11:00,392;6;203;170.3;132.6;134.7;1.96;441;428;19.2;19.3;14.1;13387;11;0;0;256
2022:08:20:12:12:00,361;6;211;177.8;132.6;134.7;2.12;476;484;19.1;19.3;14.1;13387;11;0;0;256
2022:08:20:12:13:00,770;5;167;140.1;132.4;133.6;1.1;239;235;19.6;20.0;14.1;13387;11;0;0;256
2022:08:20:12:14:00,898;6;202;169.9;132.6;134.7;1.87;421;424;19.3;19.6;14.1;13387;11;0;0;256
2022:08:20:12:15:09,468;5;181;152.6;132.4;134.1;1.29;284;299;19.2;19.5;14.1;13387;11;0;0;256
2022:08:20:12:16:00,275;5;181;151.6;132.6;134.4;1.37;303;300;19.7;19.8;14.1;13387;11;0;0;256
2022:08:20:12:17:01,064;6;197;166.2;132.4;134.4;1.76;393;392;19.4;19.7;14.2;13387;11;0;0;256
2022:08:20:12:18:01,132;4;157;134.1;132.6;133.6;0.93;196;197;19.3;19.7;14.2;13387;11;0;0;256
2022:08:20:12:19:01,501;7;236;196.2;133.0;135.5;3.05;693;678;19.2;19.6;14.3;13387;11;0;0;256
2022:08:20:12:20:00,050;3;107;93.1;131.9;133.3;0.56;32;30;19.3;19.3;14.3;13387;11;0;0;256
2022:08:20:12:21:00,158;4;133;114.7;132.1;133.6;0.62;105;108;19.1;19.5;14.4;13387;11;0;0;256
2022:08:20:12:22:00,627;7;259;214.5;132.8;135.5;3.88;878;880;19.2;19.8;14.5;13387;11;0;0;256
2022:08:20:12:23:00,135;5;171;145.6;132.4;133.8;1.17;255;253;19.5;19.7;14.6;13387;11;0;0;256
2022:08:20:12:24:00,324;7;243;200.9;132.8;135.7;3.3;747;744;19.4;19.5;14.7;13387;11;0;0;256
2022:08:20:12:25:00,832;5;181;152.9;132.4;134.1;1.36;300;299;19.6;19.8;14.8;13387;11;0;0;256
2022:08:20:12:26:00,861;4;138;117.3;132.1;133.1;0.68;126;123;19.4;19.8;14.8;13387;11;0;0;256
2022:08:20:12:27:01,009;4;160;136.3;132.1;133.6;0.95;201;207;19.4;19.9;14.9;13387;11;0;0;256
2022:08:20:12:28:01,038;4;143;121.5;132.4;133.6;0.75;147;141;19.5;19.9;14.9;13387;11;0;0;256
2022:08:20:12:29:01,107;4;128;109.2;131.9;133.3;0.6;91;93;19.4;19.5;15.0;13387;11;0;0;256
2022:08:20:12:30:01,095;4;146;124.3;132.1;133.6;0.78;155;154;19.5;19.7;15.1;13387;11;0;0;256
2022:08:20:12:31:01,184;5;166;141.4;132.4;134.1;1.07;231;235;19.7;20.0;15.1;13387;11;0;0;256
2022:08:20:12:32:00,112;4;122;104.8;132.1;132.9;0.57;71;71;19.6;20.0;15.1;13387;11;0;0;256
2022:08:20:12:33:00,161;6;220;185.2;132.8;135.3;2.36;535;545;19.4;19.8;15.2;13387;11;0;0;256
2022:08:20:12:34:00,189;6;207;173.8;132.6;134.2;2.02;454;460;20.0;20.1;15.2;13387;11;0;0;256
2022:08:20:12:35:00,298;6;211;176.4;132.6;134.7;2.17;489;486;20.1;20.3;15.3;13387;11;0;0;256
2022:08:20:12:36:00,407;7;258;214.3;133.0;135.5;3.83;870;875;20.6;20.9;15.3;13387;11;0;0;256
2022:08:20:12:37:00,475;4;141;119.7;131.9;133.3;0.69;131;134;20.5;20.8;15.3;13387;11;0;0;256
2022:08:20:12:38:00,044;2;73;59.7;131.9;132.8;0.57;0;0;20.3;20.5;15.2;13387;11;8;0;256
2022:08:20:12:39:00,132;4;165;143.7;131.9;133.1;0.62;101;103;19.8;20.0;15.3;13387;11;8;0;256
2022:08:20:12:40:00,181;7;256;211.8;133.3;135.9;3.78;860;859;19.9;20.1;15.3;13387;11;0;0;256
2022:08:20:12:41:01,049;5;189;160.0;132.4;133.8;1.47;326;334;20.0;20.1;15.3;13387;11;0;0;256
2022:08:20:12:42:00,318;8;302;247.6;133.5;137.2;6.03;1377;1381;19.7;20.2;15.3;13387;11;0;0;256
2022:08:20:12:43:00,367;6;213;177.8;132.6;134.7;2.22;499;501;20.4;20.7;15.4;13387;11;0;0;256
2022:08:20:12:44:01,495;4;147;125.3;132.1;133.6;0.78;157;157;20.7;20.9;15.4;13387;11;0;0;256
2022:08:20:12:45:01,544;4;161;139.5;132.4;133.6;0.95;203;210;20.4;20.8;15.4;13387;11;0;0;256
2022:08:20:12:46:00,093;5;179;153.1;132.6;134.2;1.25;275;288;20.4;20.6;15.4;13387;11;0;0;256
2022:08:20:12:47:00,121;6;209;174.8;132.6;134.4;2.11;473;467;20.4;20.6;15.4;13387;11;0;0;256
2022:08:20:12:48:00,169;3;117;101.1;131.9;132.5;0.56;50;56;20.3;20.3;15.5;13387;11;0;0;256
2022:08:20:12:49:00,198;6;210;177.1;132.6;134.2;2.02;454;481;20.2;20.5;15.5;13387;11;0;0;256
2022:08:20:12:50:01,267;5;161;138.3;132.1;133.6;0.93;198;211;20.3;20.5;15.5;13387;11;0;0;256
2022:08:20:12:51:01,375;5;186;158.1;132.4;134.1;1.39;309;324;20.0;20.5;15.5;13387;11;0;0;256
2022:08:20:12:52:00,184;6;225;188.1;132.6;135.2;2.54;576;585;20.8;21.2;15.5;13387;11;0;0;256
2022:08:20:12:53:00,532;5;183;154.2;132.4;134.1;1.37;302;309;21.1;21.3;15.5;13387;11;0;0;256
2022:08:20:12:54:03,402;6;225;187.7;132.8;135.0;2.64;599;600;20.7;21.2;15.5;13387;11;0;0;256
2022:08:20:12:55:01,009;6;206;171.8;132.6;134.4;2.01;449;447;21.2;21.3;15.5;13387;11;0;0;256
2022:08:20:12:56:01,078;4;125;107.5;131.9;133.1;0.58;80;80;20.8;20.7;15.4;13387;11;0;0;256
2022:08:20:12:57:01,067;6;218;182.4;132.6;134.9;2.34;527;537;20.4;20.7;15.4;13387;11;0;0;256
2022:08:20:12:58:01,035;8;280;230.0;133.5;136.7;4.81;1099;1090;20.5;21.1;15.4;13387;11;0;0;256
2022:08:20:12:59:00,304;5;186;159.2;132.8;134.2;1.49;330;327;20.9;21.2;15.4;13387;11;0;0;256
2022:08:20:13:00:00,392;3;99;87.0;132.4;133.2;0.56;12;15;20.6;20.9;15.4;13387;11;0;0;256
2022:08:20:13:01:00,462;4;131;111.2;132.4;133.2;0.61;98;96;20.3;20.3;15.4;13387;11;0;0;256
2022:08:20:13:02:00,549;5;189;161.1;132.6;134.4;1.49;330;340;20.1;20.1;15.4;13387;11;0;0;256
2022:08:20:13:03:00,578;6;195;163.9;132.6;134.4;1.75;392;380;20.4;20.5;15.4;13387;11;0;0;256
2022:08:20:13:04:00,647;4;130;112.4;132.1;133.1;0.6;93;96;20.2;20.3;15.4;13387;11;0;0;256
2022:08:20:13:05:00,715;4;145;122.9;132.1;133.9;0.77;151;149;20.0;20.4;15.4;13387;11;0;0;256
2022:08:20:13:06:00,845;3;86;79.4;131.7;133.0;0.56;4;5;19.9;20.4;15.4;13387;11;0;0;256
2022:08:20:13:07:01,012;4;157;134.9;132.1;133.4;0.89;187;190;19.8;20.2;15.4;13387;11;0;0;256
2022:08:20:13:08:00,261;3;105;91.5;131.9;133.1;0.55;25;27;19.9;19.9;15.4;13387;11;0;0;256
2022:08:20:13:09:00,269;4;151;128.7;132.1;133.4;0.82;169;171;19.8;19.8;15.5;13387;11;0;0;256
2022:08:20:13:10:00,378;5;181;151.8;131.9;133.8;1.32;290;299;19.7;19.9;15.5;13387;11;0;0;256
2022:08:20:13:11:01,506;7;240;199.0;132.8;135.3;3.17;716;711;19.9;20.0;15.5;13387;11;0;0;256
2022:08:20:13:12:00,015;6;211;177.9;132.1;134.4;2.13;478;486;20.7;21.0;15.4;13387;11;0;0;256
2022:08:20:13:13:00,824;6;199;168.3;132.6;134.4;1.82;407;405;20.5;20.9;15.4;13387;11;0;0;256
2022:08:20:13:14:00,752;6;221;184.2;132.6;134.9;2.45;553;556;20.3;20.7;15.3;13387;11;0;0;256
2022:08:20:13:15:01,081;6;218;182.7;132.8;135.0;2.37;536;536;20.3;20.7;15.3;13387;11;0;0;256
2022:08:20:13:16:01,209;5;180;154.4;132.4;134.1;1.35;298;288;20.2;20.6;15.3;13387;11;0;0;256
2022:08:20:13:17:01,178;6;215;179.8;132.6;134.7;2.26;511;513;20.2;20.4;15.3;13387;11;0;0;256
2022:08:20:13:18:01,286;6;238;199.0;132.6;135.2;3.0;677;702;20.4;20.5;15.2;13387;11;0;0;256
2022:08:20:13:19:01,455;6;216;180.9;132.4;134.6;2.32;520;523;21.2;21.1;15.1;13387;11;0;0;256
2022:08:20:13:20:00,724;4;131;111.6;131.9;132.8;0.61;98;96;20.9;21.0;15.1;13387;11;0;0;256
2022:08:20:13:21:01,152;3;102;88.0;132.1;133.1;0.56;22;21;20.4;20.6;15.0;13387;11;0;0;256
2022:08:20:13:22:01,181;4;172;149.4;131.9;133.3;0.66;116;117;19.9;20.2;15.0;13387;11;8;0;256
2022:08:20:13:23:01,269;6;212;176.7;132.8;135.0;2.27;512;495;20.0;20.4;15.1;13387;11;0;0;256
2022:08:20:13:24:01,318;4;135;116.4;132.1;133.1;0.65;112;115;20.1;20.2;15.0;13387;11;0;0;256
2022:08:20:13:25:00,826;6;210;176.6;132.6;134.7;2.13;479;481;19.9;19.9;15.1;13387;11;0;0;256
2022:08:20:13:26:00,236;4;141;120.7;132.4;133.6;0.72;139;137;19.8;20.0;15.1;13387;11;0;0;256
2022:08:20:13:27:00,284;3;113;97.8;131.9;133.1;0.52;28;44;19.7;20.1;15.1;13387;11;0;0;256
2022:08:20:13:28:00,252;3;109;94.5;131.9;133.1;0.52;23;34;19.6;19.9;15.1;13387;11;0;0;256
2022:08:20:13:29:00,341;3;160;139.0;132.1;133.1;0.6;94;94;19.5;19.6;15.2;13387;11;8;0;256
2022:08:20:13:30:00,489;3;103;89.3;131.9;132.8;0.55;0;10;19.5;19.5;15.1;13387;11;8;0;256
2022:08:20:13:31:00,618;6;219;186.1;132.6;134.4;2.23;502;512;19.4;19.4;15.2;13387;11;0;0;256
2022:08:20:13:32:00,726;4;154;129.5;132.1;133.6;0.89;187;187;19.7;19.7;15.2;13387;11;0;0;256
2022:08:20:13:33:00,795;6;199;167.3;132.4;134.4;1.77;395;403;19.8;20.0;15.3;13387;11;0;0;256
2022:08:20:13:34:02,844;4;155;131.9;132.4;133.8;0.84;176;186;19.9;19.8;15.2;13387;11;0;0;256
2022:08:20:13:35:01,432;5;160;133.3;132.1;133.9;0.99;213;211;19.7;20.1;15.2;13387;11;0;0;256
2022:08:20:13:36:01,481;3;123;106.7;132.1;133.4;0.58;72;73;19.6;20.0;15.2;13387;11;0;0;256
2022:08:20:13:37:01,549;2;83;73.8;131.9;133.1;0.56;3;1;19.5;19.8;15.2;13387;11;8;0;256
2022:08:20:13:38:00,098;4;169;147.2;132.4;133.2;0.62;107;110;19.4;19.4;15.2;13387;11;8;0;256
2022:08:20:13:39:00,886;6;202;170.1;132.6;134.2;1.91;428;426;19.4;19.5;15.1;13387;11;0;0;256
2022:08:20:13:40:00,915;4;146;125.2;132.4;133.6;0.78;155;157;19.6;19.7;15.1;13387;11;0;0;256
2022:08:20:13:41:00,964;4;146;124.7;132.1;133.4;0.76;149;154;19.5;19.8;15.1;13387;11;0;0;256
2022:08:20:13:42:01,012;4;140;120.7;132.1;132.9;0.69;127;131;19.4;19.8;15.1;13387;11;0;0;256
2022:08:20:13:43:01,061;4;151;129.3;132.1;133.6;0.84;171;171;19.4;19.7;15.1;13387;11;0;0;256
2022:08:20:13:44:00,189;5;184;156.0;132.8;134.5;1.37;302;310;19.4;19.4;15.1;13387;11;0;0;256
2022:08:20:13:45:00,338;3;104;90.7;132.4;133.0;0.56;22;24;19.5;19.5;15.1;13387;11;0;0;256
2022:08:20:13:46:00,366;4;145;124.1;132.1;133.6;0.76;147;150;19.4;19.6;15.1;13387;11;0;0;256
2022:08:20:13:47:00,435;5;190;161.8;132.4;134.4;1.54;341;345;19.3;19.7;15.1;13387;11;0;0;256
2022:08:20:13:48:00,604;6;224;188.4;132.8;134.7;2.57;581;583;19.6;20.1;15.1;13387;11;0;0;256
2022:08:20:13:49:00,732;4;151;128.1;132.1;133.6;0.85;175;175;19.9;20.1;15.1;13387;11;0;0;256
2022:08:20:13:50:00,781;5;193;163.1;132.6;134.4;1.64;365;365;19.6;19.7;15.0;13387;11;0;0;256
2022:08:20:13:51:00,869;5;185;154.8;132.4;134.1;1.43;316;320;19.5;19.6;15.1;13387;11;0;0;256
2022:08:20:13:52:00,958;5;188;157.7;132.6;134.4;1.55;345;334;19.7;19.9;15.1;13387;11;0;0;256
2022:08:20:13:53:00,386;4;157;133.9;132.6;133.6;0.91;192;193;19.6;20.0;15.0;13387;11;0;0;256
2022:08:20:13:54:00,475;3;103;89.6;131.9;132.8;0.57;22;23;19.5;19.8;15.0;13387;11;0;0;256
2022:08:20:13:55:00,264;4;140;119.6;132.4;133.6;0.69;129;131;19.4;19.4;15.1;13387;11;0;0;256
2022:08:20:13:56:00,352;4;143;122.6;132.4;133.6;0.72;138;141;19.4;19.4;15.1;13387;11;0;0;256
2022:08:20:13:57:00,401;4;122;105.1;132.1;133.4;0.58;72;71;19.7;19.8;15.1;13387;11;0;0;256
2022:08:20:13:58:00,369;4;141;121.1;132.1;133.4;0.71;135;134;19.4;19.8;15.1;13387;11;0;0;256
2022:08:20:13:59:01,138;6;219;183.7;133.0;135.3;2.39;540;545;19.3;19.8;15.1;13387;11;0;0;256
2022:08:20:14:00:00,346;7;254;210.0;133.3;135.9;3.71;843;839;20.0;20.3;15.1;13387;11;0;0;256
2022:08:20:14:01:00,455;6;207;174.8;132.8;135.0;1.99;451;459;20.2;20.2;15.1;13387;11;0;0;256
2022:08:20:14:02:00,544;7;247;204.9;133.3;135.6;3.37;765;772;20.1;20.1;15.0;13387;11;0;0;256
2022:08:20:14:03:00,592;4;123;106.3;132.4;133.6;0.57;69;73;20.0;20.0;15.0;13387;11;0;0;256
2022:08:20:14:04:01,381;5;165;140.7;132.6;134.4;1.04;222;226;19.9;20.1;15.0;13387;11;0;0;256
2022:08:20:14:05:01,429;6;207;172.5;132.8;135.3;2.02;456;460;19.5;20.0;15.0;13387;11;0;0;256
2022:08:20:14:06:00,298;3;143;124.2;132.4;133.2;0.56;60;64;19.5;19.6;15.0;13387;11;8;0;256
2022:08:20:14:07:00,426;8;268;220.7;133.5;136.5;4.21;960;968;19.3;19.4;15.0;13387;11;0;0;256
2022:08:20:14:08:00,775;6;205;171.0;132.8;135.0;1.98;445;447;19.9;20.0;15.1;13387;11;0;0;256
2022:08:20:14:09:00,863;6;193;163.7;132.6;134.4;1.6;359;359;20.3;20.4;15.1;13387;11;0;0;256
2022:08:20:14:10:00,072;5;182;155.6;132.8;134.5;1.36;301;305;20.3;20.7;15.1;13387;11;0;0;256
2022:08:20:14:11:00,161;4;137;117.0;132.4;133.8;0.67;118;121;20.0;20.2;15.1;13387;11;0;0;256
2022:08:20:14:12:00,209;1;43;51.0;131.7;133.3;0.1;0;0;19.7;20.0;15.1;13387;11;1;4096;0
2022:08:20:14:13:00,298;4;135;115.1;132.4;133.2;0.66;115;115;19.4;19.4;15.3;13387;11;0;0;256
2022:08:20:14:14:00,406;4;158;134.8;132.6;133.6;0.91;194;197;19.4;19.6;15.3;13387;11;0;0;256
2022:08:20:14:15:00,675;5;163;138.7;132.8;134.0;1.0;216;219;19.5;19.9;15.3;13387;11;0;0;256
2022:08:20:14:16:00,783;3;100;88.1;132.1;132.6;0.56;15;17;19.6;20.0;15.4;13387;11;0;0;256
2022:08:20:14:17:00,872;3;150;130.9;132.1;133.1;0.57;75;76;19.5;19.9;15.4;13387;11;8;0;256
2022:08:20:14:18:00,961;6;203;169.9;132.6;134.2;1.93;433;432;19.5;19.9;15.5;13387;11;0;0;256
2022:08:20:14:19:00,169;5;170;144.6;132.4;133.6;1.16;251;253;20.0;20.0;15.5;13387;11;0;0;256
2022:08:20:14:20:00,918;4;121;104.1;132.4;133.0;0.57;69;68;19.9;19.9;15.5;13387;11;0;0;256
2022:08:20:14:21:00,986;5;169;143.2;132.6;133.9;1.11;242;242;19.9;20.0;15.5;13387;11;0;0;256
2022:08:20:14:22:00,995;4;123;106.4;132.4;133.2;0.57;71;73;19.8;20.0;15.5;13387;11;0;0;256
2022:08:20:14:23:01,143;5;167;140.1;132.6;134.2;1.08;234;235;19.6;20.0;15.5;13387;11;0;0;256
2022:08:20:14:24:01,152;3;127;109.0;132.6;133.4;0.57;77;87;19.6;20.0;15.5;13387;11;0;0;256
2022:08:20:14:25:01,241;4;132;113.4;132.6;133.6;0.61;100;104;19.6;19.9;15.5;13387;11;0;0;256
2022:08:20:14:26:00,829;3;111;97.3;132.4;133.2;0.55;37;38;19.9;19.9;15.5;13387;11;0;0;256
2022:08:20:14:27:01,558;5;167;142.3;132.6;133.9;1.08;234;235;19.8;19.8;15.5;13387;11;0;0;256
2022:08:20:14:28:00,846;7;252;208.8;133.7;135.9;3.62;825;818;19.5;19.8;15.5;13387;11;0;0;256
2022:08:20:14:29:00,795;6;217;182.6;133.0;135.3;2.32;525;530;19.9;20.2;15.5;13387;11;0;0;256
2022:08:20:14:30:00,983;5;163;137.5;132.4;133.8;1.03;220;219;20.2;20.5;15.5;13387;11;0;0;256
2022:08:20:14:31:01,012;6;213;178.0;133.3;135.1;2.2;496;501;19.9;20.4;15.5;13387;11;0;0;256
2022:08:20:14:32:00,421;7;253;211.2;133.3;136.1;3.57;812;832;19.8;20.2;15.5;13387;11;0;0;256
2022:08:20:14:33:01,309;4;156;135.6;132.8;134.2;0.9;189;193;20.3;20.5;15.5;13387;11;0;0;256
2022:08:20:14:34:00,678;6;202;171.2;132.8;134.5;1.92;430;426;20.3;20.4;15.5;13387;11;0;0;256
2022:08:20:14:35:00,746;5;161;136.4;132.6;134.2;0.98;210;211;20.5;20.6;15.5;13387;11;0;0;256
2022:08:20:14:36:00,835;5;173;145.7;132.6;134.4;1.17;257;262;20.3;20.5;15.5;13387;11;0;0;256
2022:08:20:14:37:00,983;6;211;176.5;133.0;135.1;2.13;482;488;20.0;20.5;15.5;13387;11;0;0;256
2022:08:20:14:38:01,092;6;209;174.6;133.0;135.1;2.13;482;474;20.2;20.7;15.5;13387;11;0;0;256
2022:08:20:14:39:01,201;5;159;134.8;132.6;134.2;0.95;201;202;20.1;20.5;15.5;13387;11;0;0;256
2022:08:20:14:40:01,269;3;95;81.9;132.6;133.6;0.56;7;12;20.0;20.1;15.5;13387;11;0;0;256
2022:08:20:14:41:01,338;3;96;84.6;132.6;133.0;0.58;23;14;19.8;19.8;15.5;13387;11;0;0;256
2022:08:20:14:42:01,486;6;225;187.5;133.3;135.6;2.6;588;592;19.8;20.0;15.5;13387;11;0;0;256
2022:08:20:14:43:01,515;6;205;173.7;133.0;134.5;1.96;441;446;20.4;20.6;15.5;13387;11;0;0;256
2022:08:20:14:44:00,003;4;147;126.0;132.8;134.0;0.75;146;153;20.4;20.8;15.4;13387;11;0;0;256
2022:08:20:14:45:00,092;6;222;186.9;133.5;135.4;2.52;570;569;20.3;20.7;15.4;13387;11;0;0;256
2022:08:20:14:46:00,881;6;226;188.6;133.0;135.5;2.7;611;600;20.3;20.7;15.4;13387;11;0;0;256
2022:08:20:14:47:00,109;4;151;130.0;132.6;133.9;0.86;177;179;20.5;20.5;15.3;13387;11;0;0;256
2022:08:20:14:48:00,638;4;155;131.8;132.6;133.9;0.9;188;187;20.1;20.1;15.3;13387;11;0;0;256
2022:08:20:14:49:00,666;4;147;125.7;132.8;134.0;0.78;154;157;20.1;20.2;15.3;13387;11;0;0;256
2022:08:20:14:50:00,635;4;153;129.5;132.6;133.9;0.86;176;179;19.9;20.3;15.3;13387;11;0;0;256
2022:08:20:14:51:00,803;3;89;79.6;132.1;133.1;0.56;3;6;19.8;20.2;15.3;13387;11;0;0;256
2022:08:20:14:52:00,832;4;143;121.9;132.6;134.2;0.74;143;141;19.7;20.0;15.4;13387;11;0;0;256
2022:08:20:14:53:00,940;4;150;127.1;132.6;133.9;0.82;166;168;19.8;19.9;15.4;13387;11;0;0;256
2022:08:20:14:54:00,949;4;134;115.1;132.6;133.4;0.64;109;111;19.7;19.7;15.4;13387;11;0;0;256
2022:08:20:14:55:01,198;5;161;136.3;132.8;134.2;1.0;214;211;19.7;19.7;15.4;13387;11;0;0;256
2022:08:20:14:56:00,466;4;147;125.8;133.0;134.3;0.76;152;157;19.7;20.0;15.4;13387;11;0;0;256
2022:08:20:14:57:00,515;3;117;101.3;132.4;133.6;0.56;51;52;19.8;20.1;15.4;13387;11;0;0;256
2022:08:20:14:58:00,563;3;119;101.9;132.6;133.0;0.57;60;62;19.7;19.9;15.4;13387;11;0;0;256
2022:08:20:14:59:00,612;3;103;93.1;132.4;133.6;0.56;8;10;19.6;19.7;15.4;13387;11;8;0;256
2022:08:20:15:00:00,680;3;120;104.0;132.1;133.1;0.55;28;29;19.5;19.5;15.4;13387;11;8;0;256
2022:08:20:15:01:00,729;4;167;143.7;132.6;134.2;0.84;172;173;19.6;19.5;15.5;13387;11;0;0;256
2022:08:20:15:02:00,818;4;149;129.7;132.4;133.8;0.67;120;121;19.6;19.7;15.5;13387;11;0;0;256
2022:08:20:15:03:00,346;3;127;110.5;132.4;133.2;0.57;61;65;19.6;19.9;15.5;13387;11;0;0;256
2022:08:20:15:04:01,455;5;190;161.5;132.6;134.2;1.21;267;265;19.5;19.8;15.5;13387;11;0;0;256
2022:08:20:15:05:00,263;5;176;149.8;132.8;134.5;1.27;279;275;19.7;20.0;15.4;13387;11;0;0;256
2022:08:20:15:06:00,552;6;219;183.9;133.0;135.1;2.39;540;545;19.8;20.2;15.4;13387;11;0;0;256
2022:08:20:15:07:01,280;6;227;189.0;133.0;135.5;2.63;598;608;20.4;20.8;15.4;13387;11;0;0;256
2022:08:20:15:08:00,209;3;120;103.7;132.4;133.6;0.56;63;65;20.4;20.3;15.3;13387;11;0;0;256
2022:08:20:15:09:00,338;3;121;104.7;132.1;134.2;0.56;66;68;19.9;19.9;15.3;13387;11;0;0;256
2022:08:20:15:10:00,386;8;276;227.9;133.5;136.7;4.65;1060;1054;19.7;20.1;15.2;13387;11;0;0;256
2022:08:20:15:11:00,515;9;306;249.9;134.2;137.4;6.22;1424;1441;20.3;20.8;15.2;13387;11;0;0;256
2022:08:20:15:12:00,603;4;147;125.2;132.8;134.0;0.78;158;160;20.9;21.2;15.1;13387;11;0;0;256
2022:08:20:15:13:00,832;2;91;60.8;132.4;133.2;0.57;2;3;20.4;20.5;15.1;13387;11;8;0;256
2022:08:20:15:14:00,060;8;266;219.4;133.7;136.5;4.18;953;957;19.7;19.8;15.1;13387;11;0;0;256
2022:08:20:15:15:00,109;8;287;235.9;133.7;137.3;5.08;1162;1175;20.4;20.6;15.0;13387;11;0;0;256
2022:08:20:15:16:00,158;6;215;180.0;133.0;135.1;2.33;526;517;21.0;21.1;15.0;13387;11;0;0;256
2022:08:20:15:17:00,226;5;179;151.9;132.8;134.5;1.28;284;289;20.4;20.7;15.0;13387;11;0;0;256
2022:08:20:15:18:00,295;4;139;119.5;132.4;133.8;0.69;129;127;20.2;20.5;15.0;13387;11;0;0;256
2022:08:20:15:19:00,323;5;192;161.3;133.0;135.1;1.58;354;359;19.8;20.1;15.0;13387;11;0;0;256
2022:08:20:15:20:00,412;5;166;142.2;132.8;134.2;1.06;230;231;19.9;19.9;15.0;13387;11;0;0;256
2022:08:20:15:21:00,460;3;113;96.9;132.4;133.2;0.55;42;44;20.0;19.9;15.0;13387;11;0;0;256
2022:08:20:15:22:00,569;6;197;165.6;132.8;134.7;1.71;382;399;19.6;19.8;15.0;13387;11;0;0;256
2022:08:20:15:23:00,618;4;120;102.7;132.4;133.2;0.58;69;68;19.9;20.2;15.0;13387;11;0;0;256
2022:08:20:15:24:00,706;3;112;96.5;132.4;133.2;0.56;40;41;19.7;20.0;15.0;13387;11;0;0;256
2022:08:20:15:25:00,715;4;181;158.1;132.4;133.6;0.7;132;136;19.4;19.6;15.1;13387;11;8;0;256
2022:08:20:15:26:00,723;4;158;134.9;132.8;134.5;0.85;174;173;19.6;19.6;15.2;13387;11;0;0;256
2022:08:20:15:27:00,812;4;153;132.4;132.6;133.9;0.78;154;157;19.6;19.6;15.2;13387;11;0;0;256
2022:08:20:15:28:00,100;4;129;111.1;132.8;133.7;0.59;83;81;19.6;19.9;15.3;13387;11;0;0;256
2022:08:20:15:29:00,149;5;199;169.2;132.8;134.5;1.55;346;352;19.4;20.0;15.3;13387;11;0;0;256
2022:08:20:15:30:00,618;5;178;149.6;132.8;134.5;1.23;272;284;19.7;20.1;15.4;13387;11;0;0;256
2022:08:20:15:31:00,666;4;127;108.9;132.6;133.6;0.59;87;87;19.7;20.0;15.4;13387;11;0;0;256
2022:08:20:15:32:00,735;5;159;135.5;133.0;134.3;0.95;201;202;19.6;19.7;15.5;13387;11;0;0;256
2022:08:20:15:33:00,823;5;180;155.1;132.8;134.2;1.29;284;289;19.7;19.7;15.5;13387;11;0;0;256
2022:08:20:15:34:00,852;8;301;245.7;134.2;138.0;5.91;1354;1365;20.0;20.3;15.5;13387;11;0;0;256
2022:08:20:15:35:01,260;6;224;187.4;133.3;135.3;2.6;588;586;21.0;21.0;15.5;13387;11;0;0;256
2022:08:20:15:36:00,509;7;242;201.1;133.3;135.9;3.21;729;735;20.6;21.0;15.4;13387;11;0;0;256
2022:08:20:15:37:00,598;5;184;154.6;133.0;134.8;1.36;302;309;20.8;21.2;15.4;13387;11;0;0;256
2022:08:20:15:38:00,686;6;226;188.8;133.3;135.6;2.62;594;601;20.5;21.1;15.4;13387;11;0;0;256
2022:08:20:15:39:01,155;6;201;170.2;132.8;135.0;1.83;410;418;20.4;20.8;15.3;13387;11;0;0;256
2022:08:20:15:40:00,323;4;120;102.6;132.4;133.6;0.57;68;65;20.3;20.3;15.3;13387;11;0;0;256
2022:08:20:15:41:00,412;6;201;168.7;133.0;134.5;1.83;409;416;20.2;20.3;15.3;13387;11;0;0;256
2022:08:20:15:42:00,180;3;111;96.1;132.4;133.2;0.55;40;41;20.1;20.3;15.3;13387;11;0;0;256
2022:08:20:15:43:00,329;4;157;135.8;132.8;133.7;0.6;93;95;19.7;20.2;15.3;13387;11;0;0;256
2022:08:20:15:44:01,097;3;94;82.3;132.6;133.4;0.57;9;5;19.6;20.0;15.3;13387;11;8;0;256
2022:08:20:15:45:00,326;3;133;115.7;132.6;133.4;0.59;85;85;19.6;19.7;15.3;13387;11;0;0;256
2022:08:20:15:46:00,475;3;157;136.3;132.6;133.9;0.6;88;88;19.5;19.5;15.3;13387;11;8;0;256
2022:08:20:15:47:00,543;3;91;77.5;132.4;133.6;0.57;2;3;19.5;19.4;15.2;13387;11;8;0;256
2022:08:20:15:48:00,572;4;142;121.6;132.6;133.6;0.7;131;134;19.4;19.4;15.3;13387;11;0;0;256
2022:08:20:15:49:00,600;3;102;89.1;132.6;133.6;0.56;20;21;19.5;19.7;15.2;13387;11;0;0;256
2022:08:20:15:50:00,689;4;153;131.3;132.6;133.9;0.86;177;179;19.4;19.8;15.3;13387;11;0;0;256
2022:08:20:15:51:01,377;6;227;191.2;133.3;135.6;2.64;600;606;19.4;19.9;15.3;13387;11;0;0;256
2022:08:20:15:52:01,486;6;219;183.5;133.0;135.3;2.4;542;543;19.6;20.0;15.2;13387;11;0;0;256
2022:08:20:15:53:00,015;6;200;169.6;133.0;134.5;1.78;401;413;19.7;19.7;15.1;13387;11;0;0;256
2022:08:20:15:54:00,063;6;200;168.1;132.8;134.2;1.85;416;419;19.5;19.5;15.0;13387;11;0;0;256
2022:08:20:15:55:00,152;4;137;116.4;132.4;133.6;0.67;121;121;19.5;19.6;15.0;13387;11;0;0;256
2022:08:20:15:56:00,260;6;198;166.4;133.0;135.1;1.74;390;398;19.5;19.9;14.9;13387;11;0;0;256
2022:08:20:15:57:00,169;4;155;134.3;132.8;134.0;0.89;186;187;19.6;20.0;14.9;13387;11;0;0;256
2022:08:20:15:58:00,177;5;170;145.6;132.8;134.5;1.09;236;247;19.4;19.7;14.8;13387;11;0;0;256
2022:08:20:15:59:00,226;5;197;165.4;133.0;134.8;1.73;386;392;19.3;19.3;14.8;13387;11;0;0;256
2022:08:20:16:00:00,335;7;239;199.7;133.3;136.1;3.1;705;705;19.5;19.6;14.7;13387;11;0;0;256
2022:08:20:16:01:00,783;6;219;182.8;133.3;135.6;2.39;542;544;19.6;19.7;14.7;13387;11;0;0;256
2022:08:20:16:02:00,832;4;136;116.3;132.6;133.9;0.64;112;117;19.6;19.7;14.7;13387;11;0;0;256
2022:08:20:16:03:00,020;4;147;125.3;132.6;133.9;0.75;146;156;19.4;19.6;14.7;13387;11;0;0;256
2022:08:20:16:04:00,109;7;256;211.9;133.5;136.1;3.76;857;860;19.3;19.6;14.7;13387;11;0;0;256
2022:08:20:16:05:00,217;4;155;132.8;132.8;134.0;0.87;181;187;19.5;19.5;14.7;13387;11;0;0;256
2022:08:20:16:06:00,326;4;136;116.7;132.8;133.4;0.64;109;117;19.4;19.4;14.7;13387;11;0;0;256
2022:08:20:16:07:01,055;5;157;134.2;132.8;134.7;0.93;195;196;19.4;19.5;14.7;13387;11;0;0;256
2022:08:20:16:08:01,103;4;118;101.2;132.6;133.4;0.57;61;58;19.3;19.6;14.7;13387;11;0;0;256
2022:08:20:16:09:01,112;3;130;113.1;132.6;133.4;0.56;39;42;19.1;19.4;14.7;13387;11;8;0;256
2022:08:20:16:10:00,400;4;181;156.4;132.8;134.2;0.82;168;172;19.0;19.0;14.7;13387;11;0;0;256
2022:08:20:16:11:01,489;4;147;126.2;132.8;134.0;0.75;146;148;19.1;19.1;14.8;13387;11;0;0;256
2022:08:20:16:12:00,017;4;132;113.0;132.6;133.6;0.6;96;101;19.1;19.3;14.8;13387;11;0;0;256
2022:08:20:16:13:00,026;4;156;133.6;132.8;134.0;0.91;190;189;19.2;19.5;14.7;13387;11;0;0;256
2022:08:20:16:14:00,775;4;153;130.1;132.6;133.6;0.87;181;179;19.1;19.4;14.7;13387;11;0;0;256
2022:08:20:16:15:00,803;4;148;126.4;132.6;133.6;0.81;166;160;19.0;19.2;14.7;13387;11;0;0;256
2022:08:20:16:16:00,872;3;115;99.4;132.4;133.2;0.55;47;51;18.9;18.9;14.7;13387;11;0;0;256
2022:08:20:16:17:01,060;5;190;162.2;133.0;134.8;1.52;338;344;18.8;18.8;14.7;13387;11;0;0;256
2022:08:20:16:18:01,098;3;111;96.9;132.4;133.0;0.55;36;38;18.9;19.1;14.6;13387;11;0;0;256
2022:08:20:16:19:01,218;5;159;136.9;132.6;134.2;0.95;200;197;18.9;19.3;14.6;13387;11;0;0;256
2022:08:20:16:20:01,319;4;149;127.4;132.4;133.6;0.8;161;163;18.9;19.1;14.5;13387;11;0;0;256
2022:08:20:16:21:01,440;3;115;99.2;132.4;133.2;0.55;50;51;18.8;18.8;14.5;13387;11;0;0;256
2022:08:20:16:22:01,440;4;157;135.8;132.6;134.2;0.9;189;193;18.5;18.5;14.4;13387;11;0;0;256
2022:08:20:16:23:01,496;4;149;127.3;132.4;133.2;0.78;155;157;18.5;18.7;14.4;13387;11;0;0;256
2022:08:20:16:24:01,490;3;111;96.4;132.1;132.9;0.55;34;38;18.6;18.9;14.3;13387;11;0;0;256
2022:08:20:16:25:00,005;4;135;115.1;132.1;133.1;0.65;113;115;18.5;18.5;14.4;13387;11;0;0;256
2022:08:20:16:26:00,459;4;149;127.2;132.4;133.8;0.79;161;164;18.5;18.4;14.3;13387;11;0;0;256
2022:08:20:16:27:01,274;5;237;203.0;132.6;134.2;1.76;394;399;18.4;18.5;14.3;13387;11;0;0;256
2022:08:20:16:28:01,285;4;173;149.1;132.4;134.1;0.99;210;213;18.5;18.8;14.3;13387;11;0;0;256
2022:08:20:16:29:01,293;5;162;138.9;132.8;134.2;1.03;219;219;18.6;19.0;14.2;13387;11;0;0;256
2022:08:20:16:30:01,322;5;164;140.2;133.0;134.3;1.04;225;223;18.5;18.7;14.2;13387;11;0;0;256
2022:08:20:16:31:01,370;5;163;138.0;132.6;134.4;1.04;223;218;18.8;18.8;14.2;13387;11;0;0;256
2022:08:20:16:32:01,379;5;188;160.4;132.8;134.0;1.47;328;334;18.6;18.7;14.1;13387;11;0;0;256
2022:08:20:16:33:01,427;7;231;192.4;133.0;135.3;2.88;651;647;18.7;19.1;14.1;13387;11;0;0;256
2022:08:20:16:34:01,556;6;206;172.7;132.8;134.7;2.05;461;449;18.9;19.3;14.0;13387;11;0;0;256
2022:08:20:16:35:00,805;4;128;109.0;132.6;133.0;0.6;91;89;18.8;18.7;14.0;13387;11;0;0;256
2022:08:20:16:36:01,293;6;206;173.5;133.0;135.1;1.97;445;446;18.6;18.8;14.0;13387;11;0;0;256
2022:08:20:16:37:01,362;5;170;146.0;132.8;134.2;1.11;243;247;18.5;18.9;14.0;13387;11;0;0;256
2022:08:20:16:38:01,450;6;199;168.8;133.0;134.8;1.86;418;408;18.4;18.7;13.9;13387;11;0;0;256
2022:08:20:16:39:01,519;3;117;101.5;132.6;133.4;0.56;52;56;18.5;18.5;13.9;13387;11;0;0;256
2022:08:20:16:40:00,047;4;152;131.3;132.6;133.6;0.85;175;176;18.3;18.7;13.9;13387;11;0;0;256
2022:08:20:16:41:00,256;5;153;129.1;132.6;133.6;0.87;181;184;18.4;18.7;13.9;13387;11;0;0;256
2022:08:20:16:42:00,325;3;102;88.7;132.4;133.0;0.56;18;21;18.4;18.2;13.8;13387;11;0;0;256
2022:08:20:16:43:00,373;5;191;165.9;132.6;134.2;1.15;251;251;18.1;18.4;13.9;13387;11;0;0;256
2022:08:20:16:44:00,462;4;147;125.7;132.6;133.6;0.77;155;156;18.3;18.6;13.9;13387;11;0;0;256
2022:08:20:16:45:01,230;4;137;117.8;132.6;133.6;0.67;118;119;18.2;18.4;13.8;13387;11;0;0;256
2022:08:20:16:46:00,279;5;161;138.5;132.6;134.2;1.0;214;212;18.3;18.2;13.8;13387;11;0;0;256
2022:08:20:16:47:01,067;4;162;139.4;132.6;134.2;0.97;205;215;18.2;18.2;13.8;13387;11;0;0;256
2022:08:20:16:48:01,216;6;203;171.1;132.8;135.0;1.85;418;431;18.0;18.5;13.7;13387;11;0;0;256
2022:08:20:16:49:06,705;6;196;164.5;132.8;134.2;1.69;379;387;18.3;18.3;13.7;13387;11;0;0;256
2022:08:20:16:50:00,593;4;135;117.1;132.8;134.0;0.62;105;116;18.2;18.1;13.7;13387;11;0;0;256
2022:08:20:16:51:00,742;5;182;153.6;132.8;134.7;1.37;305;299;18.0;18.3;13.6;13387;11;0;0;256
2022:08:20:16:52:00,810;6;196;166.1;132.8;134.5;1.72;385;385;18.3;18.6;13.6;13387;11;0;0;256
2022:08:20:16:53:00,839;5;186;156.2;132.6;134.2;1.47;328;325;18.2;18.3;13.6;13387;11;0;0;256
2022:08:20:16:54:00,006;3;123;106.6;132.6;133.6;0.57;73;74;18.2;18.2;13.5;13387;11;0;0;256
2022:08:20:16:55:00,055;4;127;109.4;133.0;133.0;0.6;87;87;17.9;18.3;13.5;13387;11;0;0;256
2022:08:20:16:56:00,103;3;114;100.8;132.6;133.4;0.56;22;21;17.8;17.7;13.5;13387;11;8;0;256
2022:08:20:16:57:00,213;4;131;113.5;132.8;133.4;0.62;104;105;18.1;18.0;13.5;13387;11;0;0;256
2022:08:20:16:58:01,002;4;175;152.2;132.8;134.5;0.68;122;123;17.8;18.1;13.5;13387;11;8;0;256
2022:08:20:16:59:01,050;4;173;151.1;132.6;133.6;0.67;121;120;17.7;18.0;13.5;13387;11;8;0;256
2022:08:20:17:00:01,159;5;185;160.8;132.6;133.9;1.08;234;235;17.6;17.6;13.5;13387;11;0;0;256
2022:08:20:17:01:01,147;3;119;103.4;132.4;133.6;0.56;54;54;17.8;17.7;13.4;13387;11;0;0;256
2022:08:20:17:02:01,276;5;185;157.7;132.8;134.2;1.24;272;271;17.5;17.9;13.5;13387;11;0;0;256
2022:08:20:17:03:01,364;5;175;147.3;132.8;134.2;1.18;261;273;17.8;18.1;13.4;13387;11;0;0;256
2022:08:20:17:04:01,413;3;118;102.4;132.4;133.0;0.56;56;59;17.8;17.7;13.4;13387;11;0;0;256
2022:08:20:17:05:01,422;5;191;162.0;132.8;134.7;1.47;329;351;17.5;17.7;13.4;13387;11;0;0;256
2022:08:20:17:06:01,470;3;95;86.7;132.1;132.9;0.56;3;5;17.6;17.8;13.4;13387;11;8;0;256
2022:08:20:17:07:01,519;4;155;132.3;132.4;133.2;0.74;147;155;17.6;17.5;13.4;13387;11;0;0;256
2022:08:20:17:08:00,046;5;150;128.9;132.4;133.2;0.85;173;169;17.7;18.0;13.4;13387;11;0;0;256
2022:08:20:17:09:01,116;4;131;112.6;132.1;133.1;0.62;102;102;17.7;18.0;13.4;13387;11;0;0;256
2022:08:20:17:10:01,244;4;128;111.7;132.4;133.6;0.6;91;93;17.5;17.5;13.3;13387;11;0;0;256
2022:08:20:17:11:01,273;3;107;93.4;132.4;133.0;0.56;12;13;17.5;17.3;13.3;13387;11;8;0;256
2022:08:20:17:12:01,362;3;137;119.2;132.1;133.4;0.56;55;56;17.4;17.6;13.2;13387;11;8;0;256
2022:08:20:17:13:01,410;5;223;192.0;132.6;133.9;1.47;328;334;17.2;17.4;13.3;13387;11;0;0;256
2022:08:20:17:14:01,379;5;174;150.4;132.6;133.9;1.21;266;269;17.5;17.4;13.3;13387;11;0;0;256
2022:08:20:17:15:01,467;3;90;78.6;131.9;132.8;0.56;5;6;17.5;17.7;13.2;13387;11;0;0;256
2022:08:20:17:16:00,355;3;95;82.2;132.4;132.6;0.53;4;12;17.4;17.3;13.2;13387;11;0;0;256
2022:08:20:17:17:00,403;3;108;94.3;131.9;133.1;0.56;35;33;17.3;17.2;13.2;13387;11;0;0;256
2022:08:20:17:18:01,173;3;93;83.9;132.1;133.1;0.56;3;4;17.3;17.4;13.2;13387;11;8;0;256
2022:08:20:17:19:01,242;4;172;150.4;132.4;133.6;0.66;117;118;17.2;17.3;13.2;13387;11;8;0;256
2022:08:20:17:20:01,430;7;228;190.7;132.8;135.0;2.73;619;612;17.4;17.4;13.2;13387;11;0;0;256
2022:08:20:17:21:01,419;6;197;165.9;132.4;133.8;1.79;400;395;17.6;17.7;13.2;13387;11;0;0;256
2022:08:20:17:22:01,107;5;166;142.5;132.4;133.8;1.06;228;232;17.7;18.1;13.1;13387;11;0;0;256
2022:08:20:17:23:01,176;4;135;116.3;132.1;133.4;0.64;114;116;17.6;17.6;13.1;13387;11;0;0;256
2022:08:20:17:24:00,343;4;155;134.3;132.1;133.6;0.87;179;184;17.5;17.8;13.0;13387;11;0;0;256
2022:08:20:17:25:01,493;5;175;149.8;132.1;133.4;1.23;267;272;17.6;18.0;13.0;13387;11;0;0;256
2022:08:20:17:26:00,381;5;167;143.0;132.1;133.9;1.08;234;237;17.6;17.5;13.0;13387;11;0;0;256
2022:08:20:17:27:00,129;5;159;135.4;132.6;133.9;0.98;208;203;17.4;17.7;13.0;13387;11;0;0;256
2022:08:20:17:28:00,218;5;165;141.8;132.6;133.6;1.05;225;226;17.3;17.5;13.0;13387;11;0;0;256
2022:08:20:17:29:00,286;4;158;135.4;132.4;133.8;0.93;194;195;17.3;17.2;12.9;13387;11;0;0;256
2022:08:20:17:30:01,036;5;193;163.7;132.4;134.4;1.65;369;367;17.5;17.6;12.9;13387;11;0;0;256
2022:08:20:17:31:01,144;3;111;96.4;132.1;132.9;0.55;35;38;17.4;17.6;12.9;13387;11;0;0;256
2022:08:20:17:32:00,713;5;179;151.3;132.4;133.6;1.33;293;295;17.2;17.1;12.9;13387;11;0;0;256
2022:08:20:17:33:00,781;3;93;80.8;132.1;132.6;0.56;12;11;17.2;17.4;12.8;13387;11;0;0;256
2022:08:20:17:34:00,770;5;165;140.3;132.4;133.2;1.04;224;228;17.0;17.3;12.9;13387;11;0;0;256
2022:08:20:17:35:00,819;3;116;100.2;131.9;132.8;0.56;55;53;17.0;16.8;12.9;13387;11;0;0;256
2022:08:20:17:36:00,827;3;98;87.8;131.7;132.5;0.56;10;16;16.9;17.2;12.8;13387;11;0;0;256
2022:08:20:17:37:00,936;4;121;104.8;131.9;133.1;0.57;75;71;17.0;17.1;12.9;13387;11;0;0;256
2022:08:20:17:38:00,924;3;119;105.0;132.1;132.9;0.55;28;28;16.9;16.8;12.8;13387;11;8;0;256
2022:08:20:17:39:01,033;2;75;66.5;131.9;132.8;0.56;0;0;16.9;17.0;12.8;13387;11;8;0;256
2022:08:20:17:40:03,021;4;173;150.3;132.4;133.2;0.79;159;162;16.8;17.1;12.8;13387;11;0;0;256
2022:08:20:17:41:00,429;3;138;119.4;131.9;132.8;0.58;75;76;16.9;16.8;12.8;13387;11;0;0;256
2022:08:20:17:42:00,278;3;126;109.0;132.1;132.9;0.56;50;52;16.8;17.0;12.8;13387;11;0;0;256
2022:08:20:17:43:00,386;4;187;162.1;132.1;133.6;0.97;207;207;16.6;16.7;12.8;13387;11;0;0;256
2022:08:20:17:44:00,435;4;129;111.1;132.1;133.1;0.6;94;93;16.8;16.7;12.8;13387;11;0;0;256
2022:08:20:17:45:00,503;3;94;82.5;131.7;132.5;0.56;7;5;16.7;16.9;12.8;13387;11;8;0;256
2022:08:20:17:46:00,552;5;213;182.2;132.4;133.6;1.65;367;354;16.6;16.7;12.8;13387;11;0;0;256
2022:08:20:17:47:00,640;5;180;153.9;131.9;133.3;1.4;309;301;16.7;16.6;12.8;13387;11;0;0;256
2022:08:20:17:48:00,850;5;189;159.7;132.1;133.9;1.55;344;345;16.7;17.1;12.7;13387;11;0;0;256
2022:08:20:17:49:01,319;4;146;124.4;131.9;132.8;0.79;157;155;16.9;17.1;12.7;13387;11;0;0;256
2022:08:20:17:50:01,387;5;170;145.2;131.7;133.3;1.15;248;249;16.7;16.6;12.7;13387;11;0;0;256
2022:08:20:17:51:01,396;3;117;101.9;131.5;132.5;0.55;53;56;16.7;16.9;12.7;13387;11;0;0;256
2022:08:20:17:52:00,003;6;192;162.6;132.4;133.8;1.63;361;360;16.6;16.6;12.6;13387;11;0;0;256
2022:08:20:17:53:01,453;4;152;128.2;131.9;133.3;0.86;178;180;16.8;16.6;12.6;13387;11;0;0;256
2022:08:20:17:54:00,240;2;81;71.4;131.7;132.3;0.57;0;1;16.7;17.0;12.6;13387;11;8;0;256
2022:08:20:17:55:00,309;5;195;168.6;131.9;133.3;1.13;244;249;16.5;16.5;12.6;13387;11;0;0;256
2022:08:20:17:56:00,218;4;153;132.7;131.9;132.5;0.66;118;120;16.6;16.7;12.6;13387;11;0;0;256
2022:08:20:17:57:00,246;4;163;141.7;131.9;133.3;0.74;142;144;16.5;16.7;12.6;13387;11;0;0;256
2022:08:20:17:58:00,255;5;161;136.9;132.1;133.6;0.95;202;205;16.6;16.5;12.6;13387;11;0;0;256
2022:08:20:17:59:01,024;4;145;124.2;132.1;133.6;0.78;155;155;16.6;16.6;12.6;13387;11;0;0;256
2022:08:20:18:00:01,053;5;166;140.4;131.9;133.3;1.09;236;237;16.5;16.9;12.5;13387;11;0;0;256
2022:08:20:18:01:00,300;5;162;139.7;132.4;133.8;0.99;212;211;16.6;16.5;12.5;13387;11;0;0;256
2022:08:20:18:02:16,472;7;262;217.9;133.5;136.5;3.93;897;909;16.4;16.5;12.5;13387;11;0;0;256
2022:08:20:18:03:00,838;7;245;205.3;133.0;135.5;3.33;755;766;17.0;17.3;12.5;13387;11;0;0;256
2022:08:20:18:04:01,327;6;205;172.7;133.3;135.1;1.98;448;449;17.8;17.7;12.5;13387;11;0;0;256
2022:08:20:18:05:00,035;5;191;161.4;133.3;134.6;1.53;342;355;17.5;17.8;12.5;13387;11;0;0;256
2022:08:20:18:06:01,524;4;132;113.6;132.8;134.0;0.64;107;105;17.3;17.5;12.5;13387;11;0;0;256
2022:08:20:18:07:00,092;3;121;105.2;133.3;133.6;0.57;65;69;16.9;17.0;12.5;13387;11;0;0;256
2022:08:20:18:08:00,800;5;175;147.8;133.0;134.3;1.24;274;274;16.7;17.1;12.5;13387;11;0;0;256
2022:08:20:18:09:00,289;4;152;129.6;132.8;133.7;0.84;173;176;16.8;16.7;12.5;13387;11;0;0;256
2022:08:20:18:10:00,438;5;157;132.6;132.8;133.7;0.91;193;195;16.8;17.0;12.5;13387;11;0;0;256
2022:08:20:18:11:00,466;4;134;115.6;132.4;133.8;0.65;110;108;16.7;17.0;12.5;13387;11;0;0;256
2022:08:20:18:12:00,535;4;126;109.5;132.4;134.1;0.59;85;87;16.6;16.5;12.5;13387;11;0;0;256
2022:08:20:18:13:00,503;4;131;113.2;132.8;134.2;0.62;102;102;16.6;17.0;12.5;13387;11;0;0;256
2022:08:20:18:14:00,552;3;129;111.3;132.8;134.0;0.6;87;93;16.5;16.6;12.5;13387;11;0;0;256
2022:08:20:18:15:00,560;3;121;104.5;132.8;133.4;0.57;68;69;16.5;16.5;12.5;13387;11;0;0;256
2022:08:20:18:16:01,430;3;88;77.7;132.4;133.2;0.58;8;5;16.5;16.7;12.5;13387;11;0;0;256
2022:08:20:18:17:00,658;3;112;97.0;132.4;133.0;0.55;39;42;16.5;16.3;12.5;13387;11;0;0;256
2022:08:20:18:18:00,726;4;140;121.3;132.8;133.7;0.69;130;132;16.5;16.5;12.5;13387;11;0;0;256
2022:08:20:18:19:00,735;2;81;72.3;132.4;133.2;0.56;0;2;16.5;16.6;12.4;13387;11;0;0;256
2022:08:20:18:20:00,823;3;103;89.9;132.4;133.6;0.57;9;10;16.4;16.2;12.4;13387;11;8;0;256
2022:08:20:18:21:01,012;3;109;95.7;132.4;133.0;0.56;20;15;16.4;16.4;12.4;13387;11;8;0;256
2022:08:20:18:22:01,000;3;128;111.8;132.4;133.0;0.55;40;41;16.4;16.5;12.4;13387;11;8;0;256
2022:08:20:18:23:01,069;5;207;178.0;133.3;134.8;1.54;345;352;16.3;16.1;12.5;13387;11;0;0;256
2022:08:20:18:24:01,197;4;145;124.0;133.0;134.0;0.71;135;140;16.4;16.4;12.5;13387;11;0;0;256
2022:08:20:18:25:00,426;4;165;142.7;133.0;134.0;0.96;204;212;16.5;16.7;12.5;13387;11;0;0;256
2022:08:20:18:26:00,455;2;70;59.8;132.4;133.0;0.57;0;0;16.5;16.2;12.4;13387;11;8;0;256
2022:08:20:18:27:00,543;3;98;88.1;132.4;133.0;0.57;5;7;16.4;16.5;12.4;13387;11;8;0;256
2022:08:20:18:28:00,572;3;120;107.7;132.6;133.6;0.1;0;65;16.2;16.3;12.4;13387;11;0;4096;0
2022:08:20:18:29:00,680;4;143;123.2;132.8;134.0;0.72;138;142;16.2;16.1;12.4;13387;11;0;0;256
2022:08:20:18:30:00,769;4;155;132.5;132.6;133.6;0.89;185;188;16.3;16.5;12.4;13387;11;0;0;256
2022:08:20:18:31:00,359;5;182;155.7;132.8;134.5;1.36;301;301;16.4;16.3;12.4;13387;11;0;0;256
2022:08:20:18:32:00,406;3;116;101.0;132.4;133.0;0.56;50;53;16.4;16.4;12.4;13387;11;0;0;256
2022:08:20:18:33:00,415;4;144;123.6;132.6;133.9;0.72;141;142;16.3;16.6;12.4;13387;11;0;0;256
2022:08:20:18:34:00,643;3;113;98.1;132.8;133.4;0.56;44;44;16.3;16.2;12.4;13387;11;0;0;256
2022:08:20:18:35:00,772;3;111;97.2;132.6;133.6;0.55;29;36;16.3;16.3;12.3;13387;11;0;0;256
2022:08:20:18:36:00,020;5;161;138.8;132.8;134.2;0.97;209;211;16.3;16.4;12.4;13387;11;0;0;256
2022:08:20:18:37:00,169;4;126;108.8;132.8;133.4;0.59;85;81;16.3;16.2;12.4;13387;11;0;0;256
2022:08:20:18:38:00,217;2;64;56.4;132.6;133.4;0.56;0;0;16.3;16.5;12.3;13387;11;8;0;256
2022:08:20:18:39:00,266;2;53;51.0;132.1;133.4;0.13;0;0;16.0;16.1;12.3;13387;11;1;0;0
2022:08:20:18:40:00,275;3;116;108.9;132.1;133.6;0.12;0;53;15.7;15.9;12.3;13387;11;1;0;0
2022:08:20:18:41:00,283;2;85;76.4;132.6;133.6;0.57;0;5;15.8;15.9;12.3;13387;11;0;0;256
2022:08:20:18:42:00,412;3;104;90.9;133.0;133.8;0.55;1;13;15.9;15.7;12.3;13387;11;0;0;256
2022:08:20:18:43:00,520;3;137;119.6;133.0;133.8;0.57;70;70;16.0;16.0;12.3;13387;11;0;0;256
2022:08:20:18:44:00,569;3;108;95.5;132.8;133.7;0.55;6;19;16.0;16.2;12.3;13387;11;0;0;256
2022:08:20:18:45:00,137;4;182;158.4;132.8;133.7;0.85;176;177;16.0;15.8;12.3;13387;11;0;0;256
2022:08:20:18:46:00,186;4;132;113.6;133.3;134.0;0.64;107;105;16.2;16.4;12.3;13387;11;0;0;256
2022:08:20:18:47:01,596;4;139;119.2;133.0;134.0;0.7;128;128;16.1;16.4;12.3;13387;11;0;0;256
2022:08:20:18:48:00,183;4;124;107.0;133.0;134.0;0.58;78;77;16.1;16.0;12.3;13387;11;0;0;256
2022:08:20:18:49:00,252;3;98;87.5;132.6;133.4;0.57;4;7;16.1;16.3;12.3;13387;11;8;0;256
2022:08:20:18:50:00,380;1;36;45.9;132.6;133.9;0.12;0;0;16.0;16.0;12.2;13387;11;1;0;0
2022:08:20:18:51:00,349;0;5;36.8;132.4;133.6;0.12;0;0;15.7;15.8;12.2;13387;11;1;0;0
2022:08:20:18:52:00,277;0;0;28.2;132.6;133.9;0.12;0;0;15.6;15.6;12.2;13387;11;1;0;0
2022:08:20:18:53:00,266;1;21;27.8;132.6;133.6;0.12;0;0;15.5;15.6;12.2;13387;11;1;0;0
2022:08:20:18:54:00,275;0;0;28.0;132.6;133.6;0.13;0;0;15.4;15.5;12.2;13387;11;1;0;0
2022:08:20:18:55:00,263;1;28;28.3;132.8;133.7;0.13;0;0;15.3;15.4;12.2;13387;11;1;0;0
2022:08:20:18:56:00,292;3;102;96.5;132.6;133.6;0.12;0;21;15.1;15.3;12.1;13387;11;1;0;0
2022:08:20:18:57:00,420;3;112;97.3;133.0;134.3;0.56;39;42;15.4;15.5;12.2;13387;11;0;0;256
2022:08:20:18:58:00,509;3;127;110.7;133.3;134.2;0.59;83;87;15.6;15.4;12.1;13387;11;0;0;256
2022:08:20:18:59:18,820;4;158;134.1;133.3;134.6;0.95;202;204;15.7;15.7;12.1;13387;11;0;0;256
2022:08:20:19:00:00,786;3;119;103.5;133.3;134.0;0.58;65;63;15.8;15.9;12.1;13387;11;0;0;256
2022:08:20:19:01:00,895;4;137;118.4;133.3;134.0;0.66;115;121;15.8;15.7;12.1;13387;11;0;0;256
2022:08:20:19:02:00,943;4;127;108.3;133.5;134.6;0.59;86;85;15.8;16.1;12.1;13387;11;0;0;256
2022:08:20:19:03:04,172;4;189;165.8;133.3;134.2;0.76;152;153;15.7;16.0;12.1;13387;11;8;0;256
2022:08:20:19:04:00,700;4;149;129.0;133.0;134.3;0.68;123;125;15.8;16.0;12.1;13387;11;0;0;256
2022:08:20:19:05:00,729;5;209;178.2;133.7;134.9;1.72;387;389;15.7;15.9;12.1;13387;11;0;0;256
2022:08:20:19:06:01,497;6;217;182.8;133.9;135.7;2.35;534;539;15.8;15.7;12.1;13387;11;0;0;256
2022:08:20:19:07:00,526;5;166;143.5;133.5;134.9;1.08;236;233;16.1;16.4;12.1;13387;11;0;0;256
2022:08:20:19:08:00,035;4;124;107.6;133.0;134.3;0.58;75;77;16.1;15.8;12.1;13387;11;0;0;256
2022:08:20:19:09:00,123;4;130;112.4;133.0;134.0;0.62;101;102;16.0;16.2;12.0;13387;11;0;0;256
2022:08:20:19:10:00,132;3;94;83.0;133.0;133.8;0.56;10;11;15.9;15.7;12.0;13387;11;0;0;256
2022:08:20:19:11:00,160;5;184;157.2;133.5;134.9;1.39;311;311;15.8;16.0;12.1;13387;11;0;0;256
2022:08:20:19:12:00,909;4;143;123.8;133.5;134.6;0.72;139;142;16.0;16.2;12.0;13387;11;0;0;256
2022:08:20:19:13:00,877;5;164;139.8;133.7;134.9;1.04;224;224;15.9;15.8;12.0;13387;11;0;0;256
2022:08:20:19:14:00,946;4;145;125.5;133.5;134.6;0.76;149;151;15.9;16.3;12.1;13387;11;0;0;256
2022:08:20:19:15:00,994;3;103;89.7;131.9;132.3;0.56;22;23;15.9;15.8;12.0;13387;11;0;0;256
2022:08:20:19:16:01,043;3;87;76.6;131.7;132.5;0.57;3;2;15.9;16.0;12.0;13387;11;8;0;256
2022:08:20:19:17:01,132;3;164;143.4;131.9;132.8;0.6;95;101;15.7;15.8;12.0;13387;11;8;0;256
2022:08:20:19:18:01,140;4;190;164.5;132.4;133.8;1.0;217;217;15.7;15.7;12.1;13387;11;0;0;256
2022:08:20:19:19:01,049;3;101;85.7;131.9;132.5;0.56;27;17;15.9;16.2;12.0;13387;11;0;0;256
2022:08:20:19:20:01,137;3;135;118.0;132.1;132.9;0.56;52;52;15.8;15.6;12.0;13387;11;8;0;256
2022:08:20:19:21:01,186;4;128;110.8;131.9;133.1;0.59;90;90;16.1;16.2;12.0;13387;11;0;0;256
2022:08:20:19:22:01,114;5;173;148.7;132.1;133.4;1.24;269;262;16.1;16.3;12.0;13387;11;0;0;256
2022:08:20:19:23:01,523;4;139;119.2;132.1;133.1;0.69;130;128;16.1;15.9;12.1;13387;11;0;0;256
2022:08:20:19:24:01,512;3;98;85.0;132.1;133.1;0.56;16;16;16.0;16.3;12.0;13387;11;0;0;256
2022:08:20:19:25:00,040;4;127;109.6;131.9;133.1;0.59;87;87;15.9;15.8;12.0;13387;11;0;0;256
2022:08:20:19:26:00,829;4;126;108.4;131.7;133.0;0.58;81;85;15.8;16.1;12.1;13387;11;0;0;256
2022:08:20:19:27:00,897;3;118;103.0;131.9;132.8;0.55;24;27;15.8;15.7;12.0;13387;11;8;0;256
2022:08:20:19:28:00,926;3;128;111.8;132.1;133.1;0.56;38;41;15.7;15.9;12.1;13387;11;8;0;256
2022:08:20:19:29:00,954;3;117;102.4;131.7;132.5;0.55;24;25;15.7;15.8;12.0;13387;11;8;0;256
2022:08:20:19:30:00,183;3;131;115.2;131.9;132.5;0.56;44;46;15.7;15.7;12.1;13387;11;8;0;256
2022:08:20:19:31:00,932;5;187;161.5;132.4;133.2;0.99;213;217;15.6;15.9;12.1;13387;11;0;0;256
2022:08:20:19:32:01,120;4;155;136.2;132.4;133.2;0.68;122;123;15.7;15.6;12.1;13387;11;0;0;256
2022:08:20:19:33:01,149;4;183;158.8;132.4;133.6;1.04;225;230;15.7;15.8;12.1;13387;11;0;0;256
2022:08:20:19:34:01,217;3;87;76.4;131.9;132.8;0.55;0;5;15.9;16.0;12.0;13387;11;0;0;256
2022:08:20:19:35:01,226;4;130;113.3;131.9;133.3;0.6;96;97;15.7;15.6;12.1;13387;11;0;0;256
2022:08:20:19:36:00,174;4;131;113.8;132.4;133.2;0.62;102;102;15.9;16.0;12.1;13387;11;0;0;256
2022:08:20:19:37:00,223;4;143;123.2;132.1;133.1;0.71;136;138;15.8;15.7;12.1;13387;11;0;0;256
2022:08:20:19:38:00,292;4;123;107.0;132.1;133.1;0.58;72;74;15.8;16.1;12.1;13387;11;0;0;256
2022:08:20:19:39:01,040;4;134;116.2;131.9;133.1;0.65;113;116;15.8;15.8;12.0;13387;11;0;0;256
2022:08:20:19:40:00,569;3;113;99.2;132.1;133.1;0.52;26;44;15.8;15.9;12.0;13387;11;0;0;256
2022:08:20:19:41:00,677;3;115;100.3;132.1;133.1;0.56;50;51;15.7;15.9;12.0;13387;11;0;0;256
2022:08:20:19:42:00,726;3;103;84.4;132.1;133.1;0.57;35;34;15.7;15.6;12.0;13387;11;0;0;256
2022:08:20:19:43:01,494;4;135;116.8;132.1;133.1;0.66;115;116;15.7;16.0;12.0;13387;11;0;0;256
2022:08:20:19:44:01,363;3;138;121.1;132.4;132.8;0.56;53;56;15.6;15.5;12.0;13387;11;8;0;256
2022:08:20:19:45:01,412;4;130;112.3;132.1;133.4;0.59;83;84;15.8;15.9;12.0;13387;11;0;0;256
2022:08:20:19:46:01,440;4;155;133.3;132.6;133.0;0.79;159;162;15.7;15.9;12.0;13387;11;0;0;256
2022:08:20:19:47:00,989;4;143;122.8;132.1;133.4;0.67;123;123;15.7;15.7;12.1;13387;11;0;0;256
2022:08:20:19:48:04,738;3;126;109.9;132.1;133.1;0.57;75;75;15.7;15.5;12.0;13387;11;0;0;256
2022:08:20:19:49:01,406;3;129;112.8;132.4;133.0;0.58;78;80;15.6;15.5;12.0;13387;11;0;0;256
2022:08:20:19:50:03,095;4;152;129.3;132.6;133.6;0.84;171;172;15.7;15.7;12.0;13387;11;0;0;256
2022:08:20:19:51:00,763;4;146;125.5;132.6;133.9;0.77;153;151;15.7;15.6;12.0;13387;11;0;0;256
2022:08:20:19:52:00,772;3;93;81.5;132.4;132.8;0.57;9;11;15.7;15.8;11.9;13387;11;0;0;256
2022:08:20:19:53:00,820;4;117;101.3;131.9;133.3;0.57;60;59;15.7;15.6;12.0;13387;11;0;0;256
2022:08:20:19:54:00,809;5;177;153.5;132.8;134.2;1.27;279;281;15.6;15.6;12.0;13387;11;0;0;256
2022:08:20:19:55:00,017;4;148;126.4;132.6;133.6;0.8;163;165;15.7;15.9;12.0;13387;11;0;0;256
2022:08:20:19:56:00,006;3;108;95.0;132.4;133.0;0.56;33;33;15.7;15.6;12.0;13387;11;0;0;256
2022:08:20:19:57:00,774;4;131;113.6;132.4;133.2;0.61;98;102;15.6;15.9;12.0;13387;11;0;0;256
2022:08:20:19:58:00,883;3;109;94.7;132.1;133.1;0.55;34;34;15.6;15.5;12.0;13387;11;0;0;256
2022:08:20:19:59:01,291;3;88;77.3;132.4;133.0;0.55;0;5;15.6;15.6;12.0;13387;11;0;0;256
2022:08:20:20:00:01,360;4;143;123.0;132.8;133.4;0.72;139;142;15.6;15.8;12.0;13387;11;0;0;256
2022:08:20:20:01:01,429;4;134;115.6;131.9;133.3;0.62;106;108;15.6;15.5;12.0;13387;11;0;0;256
2022:08:20:20:02:01,477;5;157;132.1;132.6;133.6;0.93;195;195;15.6;16.0;11.9;13387;11;0;0;256
2022:08:20:20:03:00,106;4;131;113.4;132.6;133.4;0.61;100;102;15.9;15.8;11.9;13387;11;0;0;256
2022:08:20:20:04:00,614;6;200;169.0;132.8;134.5;1.83;409;414;16.2;16.5;11.9;13387;11;0;0;256
2022:08:20:20:05:00,663;4;134;115.9;132.6;133.6;0.64;111;112;16.1;16.0;12.0;13387;11;0;0;256
2022:08:20:20:06:00,772;4;145;125.0;133.0;133.2;0.76;150;151;15.9;16.0;11.9;13387;11;0;0;256
2022:08:20:20:07:01,141;4;140;120.7;132.8;133.7;0.7;131;133;15.9;16.1;12.0;13387;11;0;0;256
2022:08:20:20:08:01,189;4;130;112.1;132.6;133.4;0.6;91;93;15.8;15.7;12.0;13387;11;0;0;256
2022:08:20:20:09:01,217;4;139;120.2;132.8;133.7;0.68;128;133;15.7;16.0;12.0;13387;11;0;0;256
2022:08:20:20:10:01,346;4;141;120.6;132.4;133.2;0.71;135;136;15.7;15.5;12.0;13387;11;0;0;256
2022:08:20:20:11:01,414;4;154;133.7;132.1;133.1;0.89;187;188;15.6;15.9;12.0;13387;11;0;0;256
2022:08:20:20:12:01,483;2;62;53.9;131.7;132.5;0.57;1;0;15.8;15.8;12.0;13387;11;8;0;256
2022:08:20:20:13:01,511;5;176;150.0;131.7;133.0;1.11;241;240;15.7;15.8;12.0;13387;11;0;0;256
2022:08:20:20:14:00,160;3;115;100.5;131.2;131.7;0.56;43;44;15.8;15.8;12.0;13387;11;0;0;256
2022:08:20:20:15:00,249;6;197;166.8;131.7;133.3;1.75;391;390;15.6;15.7;12.0;13387;11;0;0;256
2022:08:20:20:16:00,357;5;180;155.7;131.5;133.2;1.32;287;292;15.8;16.0;12.0;13387;11;0;0;256
2022:08:20:20:17:00,446;3;114;99.5;131.0;132.1;0.55;49;47;15.9;15.7;12.0;13387;11;0;0;256
2022:08:20:20:18:00,614;3;121;105.9;131.0;132.3;0.57;66;68;15.7;15.9;12.0;13387;11;0;0;256
2022:08:20:20:19:00,663;3;131;114.4;131.2;132.1;0.55;44;46;15.6;15.6;11.9;13387;11;8;0;256
2022:08:20:20:20:00,711;4;172;150.4;131.7;132.3;0.66;117;118;15.6;15.6;12.0;13387;11;8;0;256
2022:08:20:20:21:00,780;3;140;123.2;131.5;132.5;0.56;60;61;15.6;15.8;12.0;13387;11;8;0;256
2022:08:20:20:22:00,869;3;112;98.4;131.5;132.1;0.55;19;19;15.6;15.4;12.0;13387;11;8;0;256
2022:08:20:20:23:01,317;5;179;155.7;131.5;133.2;1.08;234;232;15.6;15.8;12.0;13387;11;0;0;256
2022:08:20:20:24:01,406;4;159;137.7;131.7;133.0;0.8;160;162;15.6;15.8;12.0;13387;11;0;0;256
2022:08:20:20:25:01,514;7;247;206.6;132.6;134.9;3.44;777;777;15.7;15.7;12.0;13387;11;0;0;256
2022:08:20:20:26:00,063;4;146;125.3;131.7;132.7;0.78;156;158;16.1;16.2;12.0;13387;11;0;0;256
2022:08:20:20:27:00,131;6;198;167.4;131.9;133.6;1.77;394;393;15.9;15.9;12.1;13387;11;0;0;256
2022:08:20:20:28:01,220;5;185;156.0;131.9;133.6;1.46;324;327;16.0;16.3;12.0;13387;11;0;0;256
2022:08:20:20:29:01,289;4;126;109.2;131.7;132.7;0.59;83;85;16.0;16.1;12.0;13387;11;0;0;256
2022:08:20:20:30:01,337;4;149;127.5;131.7;132.7;0.81;164;165;15.8;15.9;12.0;13387;11;0;0;256
2022:08:20:20:31:01,426;4;150;129.6;131.5;132.9;0.84;170;169;15.8;16.0;12.0;13387;11;0;0;256
2022:08:20:20:32:00,954;5;191;162.1;131.9;133.6;1.54;342;347;15.7;15.8;12.0;13387;11;0;0;256
2022:08:20:20:33:00,723;6;203;171.3;132.1;133.6;1.96;439;435;15.9;16.3;12.0;13387;11;0;0;256
2022:08:20:20:34:00,791;6;187;158.0;131.7;133.3;1.52;335;332;16.1;16.1;12.0;13387;11;0;0;256
2022:08:20:20:35:00,820;4;119;103.1;131.2;132.1;0.56;63;63;16.2;16.4;12.0;13387;11;0;0;256
2022:08:20:20:36:00,849;5;179;152.9;131.7;133.5;1.29;285;291;15.9;16.0;12.1;13387;11;0;0;256
2022:08:20:20:37:00,057;5;194;165.7;132.1;133.6;1.66;371;374;16.0;16.3;12.1;13387;11;0;0;256
2022:08:20:20:38:00,126;4;125;108.8;131.7;132.7;0.58;81;81;16.1;16.2;12.1;13387;11;0;0;256
2022:08:20:20:39:00,234;5;178;150.6;131.9;133.6;1.29;285;286;15.9;16.0;12.0;13387;11;0;0;256
2022:08:20:20:40:00,463;4;125;107.5;131.2;132.9;0.58;81;81;15.9;16.2;12.1;13387;11;0;0;256
2022:08:20:20:41:00,571;3;87;76.4;131.7;132.7;0.56;3;5;15.9;15.6;12.1;13387;11;0;0;256
2022:08:20:20:42:00,580;4;125;108.2;131.5;132.5;0.58;79;77;15.7;16.0;12.1;13387;11;0;0;256
2022:08:20:20:43:00,669;4;130;112.5;131.9;132.5;0.61;98;97;15.7;15.6;12.1;13387;11;0;0;256
2022:08:20:20:44:00,677;5;175;148.8;131.9;133.6;1.21;267;266;15.6;15.8;12.1;13387;11;0;0;256
2022:08:20:20:45:00,766;3;83;76.9;131.7;132.3;0.55;0;3;15.8;15.9;12.1;13387;11;0;0;256
2022:08:20:20:46:00,374;4;156;135.4;131.9;133.3;0.79;160;164;15.7;15.7;12.1;13387;11;0;0;256
2022:08:20:20:47:01,123;3;111;96.7;131.7;132.5;0.55;34;36;15.9;16.1;12.1;13387;11;0;0;256
2022:08:20:20:48:00,311;3;111;98.8;131.7;132.5;0.56;15;17;15.8;15.6;12.1;13387;11;8;0;256
2022:08:20:20:49:00,260;5;173;147.5;132.1;133.6;1.18;260;259;15.9;16.2;12.2;13387;11;0;0;256
2022:08:20:20:50:00,369;3;95;81.8;131.5;132.1;0.56;9;12;16.0;16.1;12.1;13387;11;0;0;256
2022:08:20:20:51:00,448;2;73;64.8;131.5;132.5;0.57;0;0;15.9;15.7;12.1;13387;11;8;0;256
2022:08:20:20:52:00,489;1;44;43.7;131.2;132.9;0.13;0;0;15.6;15.7;12.1;13387;11;1;0;0
2022:08:20:20:53:00,570;0;0;36.3;131.5;133.2;0.12;0;0;15.5;15.6;12.1;13387;11;1;0;0
2022:08:20:20:54:00,570;0;0;27.6;131.5;132.5;0.13;0;0;15.3;15.4;12.1;13387;11;1;0;0
2022:08:20:20:55:00,550;0;0;24.5;131.2;132.4;0.12;0;0;15.2;15.3;12.1;13387;11;1;0;0
2022:08:20:20:56:00,486;0;0;23.5;131.2;132.9;0.12;0;0;15.2;15.3;12.1;13387;11;1;0;0
2022:08:20:20:57:00,521;0;0;24.9;131.2;132.9;0.12;0;0;15.1;15.2;12.1;13387;11;1;0;0
2022:08:20:20:58:00,555;0;0;25.8;131.2;132.4;0.12;0;0;15.1;15.2;12.1;13387;11;1;0;0
2022:08:20:20:59:00,490;0;5;25.9;131.2;132.9;0.12;0;0;15.0;15.1;12.1;13387;11;1;0;0
2022:08:20:21:00:00,464;1;28;32.1;131.5;132.9;0.12;0;0;15.0;15.1;12.1;13387;11;1;0;0
2022:08:20:21:01:00,453;0;5;30.8;131.2;132.4;0.12;0;0;14.9;15.0;12.0;13387;11;1;0;0
2022:08:20:21:02:00,441;0;5;29.2;131.2;132.4;0.12;0;0;14.9;15.0;12.0;13387;11;1;0;0
2022:08:20:21:03:00,570;1;36;33.7;131.2;132.1;0.13;0;0;14.9;15.0;12.0;13387;11;1;0;0
2022:08:20:21:04:00,539;2;52;48.7;131.5;132.9;0.13;0;0;14.8;14.9;12.0;13387;11;1;0;0
2022:08:20:21:05:00,607;3;107;103.1;131.7;133.0;0.13;0;30;14.8;15.0;12.0;13387;11;1;0;0
2022:08:20:21:06:00,536;4;125;108.0;131.9;133.1;0.58;79;81;14.8;14.7;12.0;13387;11;0;0;256
2022:08:20:21:07:00,624;6;199;167.2;132.4;133.6;1.82;406;408;15.2;15.6;12.1;13387;11;0;0;256
2022:08:20:21:08:01,053;4;155;133.6;132.4;133.6;0.89;187;191;15.6;15.6;12.1;13387;11;0;0;256
2022:08:20:21:09:01,061;3;96;83.1;131.9;132.3;0.57;10;13;15.6;15.5;12.0;13387;11;0;0;256
2022:08:20:21:10:00,290;5;170;144.1;132.4;133.8;1.17;255;249;15.6;15.8;12.0;13387;11;0;0;256
2022:08:20:21:11:00,299;4;124;106.6;132.1;132.9;0.58;77;77;15.6;15.5;12.0;13387;11;0;0;256
2022:08:20:21:12:00,347;3;87;75.5;131.9;132.5;0.55;2;5;15.6;15.8;12.0;13387;11;0;0;256
2022:08:20:21:13:00,436;3;103;90.5;131.9;132.5;0.58;24;9;15.6;15.3;12.0;13387;11;8;0;256
2022:08:20:21:14:01,244;4;170;148.6;132.1;133.4;0.64;108;111;15.5;15.7;12.1;13387;11;8;0;256
2022:08:20:21:15:01,433;4;171;148.7;132.4;133.6;0.79;158;157;15.6;15.7;12.1;13387;11;0;0;256
2022:08:20:21:16:00,602;3;93;81.2;131.9;132.5;0.58;14;5;15.6;15.5;12.0;13387;11;0;0;256
2022:08:20:21:17:01,310;4;170;148.5;132.4;133.0;0.78;155;153;15.5;15.8;12.1;13387;11;0;0;256
2022:08:20:21:18:01,398;3;140;122.0;132.4;133.0;0.58;79;79;15.6;15.5;12.1;13387;11;0;0;256
2022:08:20:21:19:01,467;4;175;151.6;132.6;133.6;0.82;169;168;15.5;15.7;12.1;13387;11;0;0;256
2022:08:20:21:20:01,556;3;91;80.7;132.4;133.0;0.57;4;4;15.6;15.6;12.1;13387;11;0;0;256
2022:08:20:21:21:00,244;4;138;118.8;132.8;134.0;0.67;122;120;15.7;15.8;12.1;13387;11;0;0;256
2022:08:20:21:22:00,013;4;157;134.3;132.4;133.2;0.9;188;184;15.7;15.7;12.1;13387;11;0;0;256
2022:08:20:21:23:00,061;4;119;102.5;132.4;132.8;0.57;62;60;15.8;15.7;12.1;13387;11;0;0;256
2022:08:20:21:24:00,150;4;142;122.0;132.6;133.4;0.7;131;133;15.8;16.0;12.1;13387;11;0;0;256
2022:08:20:21:25:01,278;3;116;101.1;132.4;133.2;0.56;49;51;15.7;15.6;12.1;13387;11;0;0;256
2022:08:20:21:26:00,467;4;164;140.5;132.6;133.9;0.98;210;215;15.7;16.0;12.1;13387;11;0;0;256
2022:08:20:21:27:00,876;3;95;83.7;132.4;133.6;0.56;13;11;15.7;15.7;12.1;13387;11;0;0;256
2022:08:20:21:28:00,924;3;108;96.4;132.1;133.4;0.55;12;15;15.6;15.6;12.1;13387;11;8;0;256
2022:08:20:21:29:00,973;3;149;129.6;132.4;133.6;0.57;72;73;15.6;15.8;12.1;13387;11;8;0;256
2022:08:20:21:30:00,501;3;156;136.4;132.4;133.6;0.59;83;87;15.6;15.5;12.2;13387;11;8;0;256
2022:08:20:21:31:00,590;3;127;111.9;132.4;133.2;0.56;38;39;15.6;15.9;12.1;13387;11;8;0;256
2022:08:20:21:32:00,638;4;169;146.5;132.6;133.6;0.96;205;207;15.6;15.5;12.2;13387;11;0;0;256
2022:08:20:21:33:00,687;4;148;128.5;132.6;134.2;0.72;139;140;15.7;15.8;12.2;13387;11;0;0;256
2022:08:20:21:34:00,216;3;119;103.9;132.4;133.2;0.55;52;53;15.7;15.8;12.2;13387;11;0;0;256
2022:08:20:21:35:01,004;3;119;103.6;132.6;133.6;0.55;50;53;15.7;15.5;12.2;13387;11;0;0;256
2022:08:20:21:36:01,073;3;100;86.9;132.4;132.6;0.56;20;15;15.7;15.9;12.1;13387;11;0;0;256
2022:08:20:21:37:00,541;3;122;106.6;132.6;133.6;0.56;56;60;15.7;15.4;12.2;13387;11;0;0;256
2022:08:20:21:38:01,270;3;84;72.3;132.6;133.4;0.58;5;4;15.7;15.7;12.2;13387;11;0;0;256
2022:08:20:21:39:00,438;3;125;109.0;132.6;133.6;0.55;52;53;15.7;15.6;12.2;13387;11;0;0;256
2022:08:20:21:40:01,147;3;84;73.1;132.4;133.6;0.57;2;2;15.7;15.5;12.2;13387;11;0;0;256
2022:08:20:21:41:00,636;4;167;146.3;132.8;133.2;0.62;107;107;15.6;15.8;12.2;13387;11;8;0;256
2022:08:20:21:42:01,104;5;203;172.9;133.3;134.6;1.45;323;340;15.6;15.5;12.2;13387;11;0;0;256
2022:08:20:21:43:01,153;6;198;168.5;133.0;134.8;1.77;400;402;15.9;16.0;12.2;13387;11;0;0;256
2022:08:20:21:44:00,381;6;203;172.9;133.5;134.9;1.94;438;435;16.0;16.1;12.2;13387;11;0;0;256
2022:08:20:21:45:00,310;5;174;149.6;133.0;134.5;1.23;273;269;16.3;16.3;12.2;13387;11;0;0;256
2022:08:20:21:46:00,298;4;131;113.9;132.6;133.4;0.64;105;102;16.2;16.4;12.2;13387;11;0;0;256
2022:08:20:21:47:00,347;3;108;93.3;132.8;133.7;0.56;30;33;16.0;15.8;12.1;13387;11;0;0;256
2022:08:20:21:48:01,435;3;109;95.3;132.6;133.4;0.56;33;34;15.9;16.1;12.1;13387;11;0;0;256
2022:08:20:21:49:01,484;3;116;101.5;132.6;133.0;0.56;54;56;15.8;15.8;12.2;13387;11;0;0;256
2022:08:20:21:50:00,433;5;173;148.4;133.5;134.9;1.18;260;263;15.9;16.2;12.2;13387;11;0;0;256
2022:08:20:21:51:00,321;3;113;98.1;132.6;133.4;0.56;43;44;16.0;16.0;12.2;13387;11;0;0;256
2022:08:20:21:52:01,090;6;209;177.2;133.5;135.7;2.1;475;475;15.9;15.9;12.2;13387;11;0;0;256
2022:08:20:21:53:01,218;7;251;209.6;134.2;136.4;3.48;795;808;15.9;16.3;12.2;13387;11;0;0;256
2022:08:20:21:54:01,267;4;150;128.4;133.0;134.5;0.8;163;165;16.3;16.2;12.2;13387;11;0;0;256
2022:08:20:21:55:01,275;5;160;138.1;133.0;134.3;0.97;207;207;16.1;16.2;12.2;13387;11;0;0;256
2022:08:20:21:56:01,284;6;221;186.4;133.7;135.7;2.44;555;563;15.9;16.3;12.2;13387;11;0;0;256
2022:08:20:21:57:00,813;5;191;163.1;133.3;135.1;1.52;339;355;16.3;16.2;12.2;13387;11;0;0;256
2022:08:20:21:58:00,821;4;129;112.0;133.0;133.8;0.6;93;93;16.3;16.6;12.2;13387;11;0;0;256
2022:08:20:21:59:00,850;3;115;99.9;132.8;133.4;0.57;52;51;16.2;16.0;12.2;13387;11;0;0;256
2022:08:20:22:00:01,559;4;154;132.7;133.3;134.2;0.87;181;184;16.1;16.2;12.2;13387;11;0;0;256
2022:08:20:22:01:00,067;4;127;110.0;133.0;134.0;0.59;86;90;16.1;15.9;12.2;13387;11;0;0;256
2022:08:20:22:02:00,795;4;155;134.3;133.0;134.0;0.86;179;184;15.9;16.0;12.2;13387;11;0;0;256
2022:08:20:22:03:00,004;4;149;126.1;133.0;134.5;0.81;166;165;16.0;16.0;12.2;13387;11;0;0;256
2022:08:20:22:04:01,073;4;120;103.3;133.3;134.2;0.57;66;65;15.9;15.7;12.2;13387;11;0;0;256
2022:08:20:22:05:01,081;5;179;151.9;133.3;134.8;1.3;291;295;15.9;16.3;12.2;13387;11;0;0;256
2022:08:20:22:06:01,090;2;78;70.4;133.0;134.3;0.56;0;0;16.0;15.9;12.2;13387;11;8;0;256
2022:08:20:22:07:01,158;4;162;141.0;133.3;134.8;0.6;94;98;15.9;15.9;12.2;13387;11;8;0;256
2022:08:20:22:08:00,327;5;182;156.6;133.5;135.1;1.19;264;270;15.9;15.9;12.3;13387;11;0;0;256
2022:08:20:22:09:00,335;4;155;132.7;133.7;134.9;0.89;188;188;16.1;16.0;12.2;13387;11;0;0;256
2022:08:20:22:10:00,504;3;101;87.6;133.3;133.8;0.57;10;19;16.1;16.3;12.2;13387;11;0;0;256
2022:08:20:22:11:01,313;2;73;68.0;133.3;134.2;0.57;0;0;16.0;15.8;12.2;13387;11;8;0;256
2022:08:20:22:12:01,301;2;55;53.0;132.8;134.0;0.1;0;0;15.7;15.8;12.2;13387;11;1;4096;0
2022:08:20:22:13:01,310;3;99;88.1;133.3;133.8;0.56;15;17;15.6;15.8;12.2;13387;11;0;0;256
2022:08:20:22:14:01,458;5;176;150.3;133.9;135.5;1.25;277;275;15.8;15.7;12.2;13387;11;0;0;256
2022:08:20:22:15:00,347;4;131;112.9;133.5;134.6;0.61;99;102;15.9;16.0;12.2;13387;11;0;0;256
2022:08:20:22:16:00,835;3;119;102.5;133.3;134.6;0.56;61;63;16.1;15.9;12.2;13387;11;0;0;256
2022:08:20:22:17:00,904;2;69;59.8;133.0;133.8;0.57;2;0;16.0;16.1;12.2;13387;11;8;0;256
2022:08:20:22:18:00,993;5;198;169.1;133.7;135.5;1.66;374;367;15.8;16.0;12.2;13387;11;0;0;256
2022:08:20:22:19:01,101;3;126;109.1;133.3;134.2;0.58;75;77;16.0;15.8;12.2;13387;11;0;0;256
2022:08:20:22:20:00,710;3;96;84.5;133.0;133.5;0.56;16;12;16.0;16.3;12.2;13387;11;0;0;256
2022:08:20:22:21:00,198;4;149;129.1;133.5;134.9;0.8;164;165;16.0;15.7;12.2;13387;11;0;0;256
2022:08:20:22:22:00,287;4;136;116.5;133.0;134.5;0.66;115;118;16.0;16.2;12.2;13387;11;0;0;256
2022:08:20:22:23:01,135;4;134;115.5;133.5;134.6;0.64;107;112;16.0;16.1;12.2;13387;11;0;0;256
2022:08:20:22:24:01,084;5;180;153.2;133.7;135.5;1.32;295;301;16.0;16.0;12.2;13387;11;0;0;256
2022:08:20:22:25:00,253;4;150;129.1;133.5;134.9;0.79;161;165;16.1;16.3;12.2;13387;11;0;0;256
2022:08:20:22:26:00,201;5;168;142.7;133.7;134.9;1.1;241;243;16.4;16.3;12.2;13387;11;0;0;256
2022:08:20:22:27:00,230;3;87;80.8;133.3;134.6;0.57;0;2;16.3;16.4;12.2;13387;11;8;0;256
2022:08:20:22:28:00,238;3;131;113.5;133.5;134.4;0.57;62;62;16.1;16.0;12.2;13387;11;0;0;256
2022:08:20:22:29:00,987;3;144;125.5;133.3;134.2;0.59;87;92;16.0;15.9;12.2;13387;11;0;0;256
2022:08:20:22:30:01,095;3;136;118.2;133.0;134.0;0.57;75;76;16.0;16.2;12.2;13387;11;0;0;256
2022:08:20:22:31:00,284;4;139;120.0;133.3;133.8;0.66;115;115;16.0;15.9;12.2;13387;11;0;0;256
2022:08:20:22:32:00,213;4;147;126.6;133.0;134.3;0.75;145;147;16.1;16.4;12.3;13387;11;0;0;256
2022:08:20:22:33:00,941;5;161;136.6;133.3;134.2;0.98;210;212;16.1;16.2;12.3;13387;11;0;0;256
2022:08:20:22:34:01,350;4;154;131.0;133.0;134.0;0.89;186;184;16.1;16.0;12.3;13387;11;0;0;256
2022:08:20:22:35:00,438;5;166;142.8;133.5;135.1;1.06;231;233;16.1;16.3;12.3;13387;11;0;0;256
2022:08:20:22:36:00,827;4;142;121.9;133.0;134.0;0.72;137;138;16.1;16.0;12.3;13387;11;0;0;256
2022:08:20:22:37:00,915;3;104;91.2;133.0;134.0;0.55;23;24;16.0;16.2;12.2;13387;11;0;0;256
2022:08:20:22:38:23,727;3;103;89.8;133.3;134.0;0.56;22;23;16.0;16.4;12.2;13387;11;0;0;256
2022:08:20:22:39:00,513;5;164;141.0;133.5;135.1;1.04;224;223;16.0;16.1;12.3;13387;11;0;0;256
2022:08:20:22:40:00,281;3;116;100.2;133.3;134.2;0.56;52;53;16.2;16.3;12.3;13387;11;0;0;256
2022:08:20:22:41:00,350;4;140;121.4;133.3;134.6;0.68;126;132;16.0;15.8;12.3;13387;11;0;0;256
2022:08:20:22:42:00,458;3;107;94.7;133.3;133.8;0.56;28;30;16.0;16.2;12.2;13387;11;0;0;256
2022:08:20:22:43:00,567;4;128;110.1;133.3;134.2;0.6;90;90;16.1;16.1;12.3;13387;11;0;0;256
2022:08:20:22:44:00,595;6;213;179.3;133.9;136.1;2.23;508;505;16.1;16.2;12.3;13387;11;0;0;256
2022:08:20:22:45:12,885;6;215;180.6;133.9;136.1;2.28;520;519;16.5;16.7;12.3;13387;11;0;0;256
2022:08:20:22:46:01,192;4;141;121.7;133.3;134.6;0.7;132;135;16.6;16.6;12.3;13387;11;0;0;256
2022:08:20:22:47:00,721;3;105;92.1;133.5;134.4;0.57;25;27;16.4;16.4;12.3;13387;11;0;0;256
2022:08:20:22:48:01,510;4;125;107.9;133.5;134.4;0.59;83;85;16.3;16.6;12.3;13387;11;0;0;256
2022:08:20:22:49:01,498;2;64;55.6;133.5;134.0;0.58;0;0;16.2;15.9;12.3;13387;11;8;0;256
2022:08:20:22:50:00,047;4;142;123.2;133.0;134.8;0.71;133;138;15.9;16.1;12.3;13387;11;0;0;256
2022:08:20:22:51:00,095;5;170;144.2;133.9;135.5;1.14;250;248;16.0;15.9;12.3;13387;11;0;0;256
2022:08:20:22:52:00,064;5;182;153.1;133.9;135.5;1.37;307;307;16.4;16.6;12.3;13387;11;0;0;256
2022:08:20:22:53:01,512;3;114;99.3;133.7;134.9;0.56;44;48;16.4;16.7;12.3;13387;11;0;0;256
2022:08:20:22:54:00,061;4;130;112.8;134.2;133.9;0.6;91;93;16.3;16.1;12.3;13387;11;0;0;256
2022:08:20:22:55:00,090;4;123;106.0;133.7;135.2;0.58;75;74;16.2;16.4;12.3;13387;11;0;0;256
2022:08:20:22:56:01,138;3;100;87.8;133.9;134.7;0.56;17;17;16.1;16.2;12.3;13387;11;0;0;256
2022:08:20:22:57:01,167;2;78;73.3;133.5;134.9;0.13;0;1;15.9;16.0;12.3;13387;11;1;0;0
2022:08:20:22:58:00,355;3;107;94.0;133.9;135.0;0.56;28;30;15.8;16.0;12.3;13387;11;0;0;256
2022:08:20:22:59:00,464;3;129;113.7;133.9;135.0;0.56;40;42;15.9;15.6;12.3;13387;11;8;0;256
2022:08:20:23:00:00,472;4;167;146.6;134.2;134.9;0.64;105;107;15.9;16.1;12.4;13387;11;8;0;256
2022:08:20:23:01:00,601;4;155;135.6;132.8;134.0;0.65;113;113;16.0;16.1;12.4;13387;11;0;0;256
2022:08:20:23:02:00,630;5;198;168.3;133.0;134.5;1.77;399;402;16.1;15.9;12.4;13387;11;0;0;256
2022:08:20:23:03:00,558;5;173;147.4;133.0;134.5;1.18;260;264;16.2;16.5;12.4;13387;11;0;0;256
2022:08:20:23:04:01,307;3;114;99.4;132.6;133.4;0.56;48;48;16.4;16.5;12.4;13387;11;0;0;256
2022:08:20:23:05:01,335;4;141;122.0;132.8;134.2;0.7;131;132;16.2;16.0;12.4;13387;11;0;0;256
2022:08:20:23:06:01,384;4;156;134.4;133.3;134.6;0.9;190;191;16.1;16.5;12.4;13387;11;0;0;256
2022:08:20:23:07:01,412;3;109;94.9;132.8;133.7;0.56;34;34;16.1;16.0;12.3;13387;11;0;0;256
2022:08:20:23:08:01,461;3;101;88.7;132.4;133.6;0.55;16;19;16.1;16.2;12.3;13387;11;0;0;256
2022:08:20:23:09:01,470;3;138;120.9;132.4;133.0;0.56;59;58;16.0;16.0;12.3;13387;11;8;0;256
2022:08:20:23:10:00,598;3;111;97.9;132.4;133.2;0.55;15;17;16.0;16.0;12.4;13387;11;8;0;256
2022:08:20:23:11:00,687;2;79;68.1;132.4;133.0;0.55;0;1;16.0;16.1;12.3;13387;11;8;0;256
2022:08:20:23:12:00,675;3;109;95.0;132.4;133.0;0.53;2;15;16.0;15.7;12.3;13387;11;8;0;256
2022:08:20:23:13:00,744;3;130;114.1;132.4;133.2;0.56;41;44;16.0;16.2;12.4;13387;11;8;0;256
2022:08:20:23:14:00,752;3;159;139.6;132.4;133.6;0.6;91;92;16.0;15.9;12.4;13387;11;8;0;256
2022:08:20:23:15:00,841;3;160;139.7;132.6;133.6;0.6;91;92;16.0;15.9;12.4;13387;11;8;0;256
2022:08:20:23:16:00,330;4;179;157.0;132.6;133.6;0.7;131;132;15.9;16.1;12.4;13387;11;8;0;256
2022:08:20:23:17:00,078;3;108;95.4;132.6;133.4;0.56;13;15;16.0;15.7;12.4;13387;11;8;0;256
2022:08:20:23:18:00,107;2;78;66.7;132.4;133.0;0.59;6;0;16.0;16.1;12.4;13387;11;8;0;256
2022:08:20:23:19:00,175;4;133;114.0;132.6;133.6;0.64;107;108;15.8;15.9;12.4;13387;11;0;0;256
2022:08:20:23:20:00,204;3;116;100.6;132.8;134.0;0.57;53;53;15.9;15.8;12.4;13387;11;0;0;256
2022:08:20:23:21:00,312;3;99;86.3;132.6;133.4;0.56;14;17;15.9;16.1;12.3;13387;11;0;0;256
2022:08:20:23:22:01,081;3;137;120.4;132.6;133.6;0.56;53;55;15.9;16.0;12.4;13387;11;8;0;256
2022:08:20:23:23:00,870;6;190;162.3;133.0;134.8;1.55;348;347;15.9;15.8;12.4;13387;11;0;0;256
2022:08:20:23:24:00,158;3;114;99.7;132.6;133.6;0.55;47;48;16.3;16.5;12.4;13387;11;0;0;256
2022:08:20:23:25:00,227;4;128;110.6;132.6;133.6;0.6;89;90;16.2;16.0;12.4;13387;11;0;0;256
2022:08:20:23:26:00,375;4;123;106.8;133.0;133.2;0.57;73;74;16.1;16.1;12.4;13387;11;0;0;256
2022:08:20:23:27:13,985;5;159;135.5;132.6;134.4;0.97;205;197;16.2;16.4;12.4;13387;11;0;0;256
2022:08:20:23:28:00,772;3;96;83.9;132.4;133.2;0.56;12;14;16.2;16.0;12.3;13387;11;0;0;256
2022:08:20:23:29:00,841;5;167;141.9;133.0;134.3;1.08;234;237;16.1;16.2;12.3;13387;11;0;0;256
2022:08:20:23:30:00,390;6;201;171.7;133.3;135.3;1.86;421;419;16.2;16.3;12.3;13387;11;0;0;256
2022:08:20:23:31:00,458;5;157;133.0;133.0;134.3;0.89;189;191;16.5;16.5;12.3;13387;11;0;0;256
2022:08:20:23:32:00,887;3;122;106.0;132.8;133.7;0.57;69;74;16.4;16.6;12.3;13387;11;0;0;256
2022:08:20:23:33:00,075;3;110;95.4;132.6;133.4;0.55;36;36;16.3;16.1;12.3;13387;11;0;0;256
2022:08:20:23:34:00,144;6;205;173.6;133.5;135.7;1.97;447;448;16.1;16.4;12.4;13387;11;0;0;256
2022:08:20:23:35:00,051;5;179;151.2;133.0;134.5;1.3;289;291;16.3;16.5;12.4;13387;11;0;0;256
2022:08:20:23:36:00,040;3;120;103.8;132.8;133.7;0.57;64;65;16.3;16.2;12.4;13387;11;0;0;256
2022:08:20:23:37:00,310;4;140;121.0;132.4;134.1;0.69;130;132;16.2;16.5;12.4;13387;11;0;0;256
2022:08:20:23:38:00,338;5;204;172.1;133.5;135.4;1.88;427;443;16.1;16.1;12.4;13387;11;0;0;256
2022:08:20:23:39:00,447;5;182;154.7;133.0;134.8;1.36;302;301;16.5;16.5;12.4;13387;11;0;0;256
2022:08:20:23:40:00,495;4;148;127.1;132.8;134.5;0.78;157;161;16.5;16.7;12.4;13387;11;0;0;256
2022:08:20:23:41:00,604;4;143;123.7;133.5;133.6;0.71;136;142;16.3;16.2;12.4;13387;11;0;0;256
2022:08:20:23:42:00,111;5;167;145.2;133.0;134.3;1.07;234;241;16.3;16.6;12.4;13387;11;0;0;256
2022:08:20:23:43:00,201;6;213;180.1;133.5;135.7;2.21;500;505;16.2;16.3;12.4;13387;11;0;0;256
2022:08:20:23:44:00,210;5;176;149.0;133.5;135.1;1.26;279;281;16.2;16.2;12.4;13387;11;0;0;256
2022:08:20:23:45:00,658;5;165;143.0;133.5;135.4;1.04;226;227;16.3;16.6;12.4;13387;11;0;0;256
2022:08:20:23:46:01,407;5;190;161.2;133.5;135.1;1.54;345;345;16.6;16.9;12.4;13387;11;0;0;256
2022:08:20:23:47:01,475;5;189;159.0;133.3;135.1;1.5;338;341;16.7;16.6;12.4;13387;11;0;0;256
2022:08:20:23:48:00,684;6;223;187.3;133.9;136.1;2.52;574;579;16.5;16.8;12.4;13387;11;0;0;256
2022:08:20:23:49:00,712;5;183;154.8;133.5;135.4;1.38;308;311;16.5;16.5;12.4;13387;11;0;0;256
2022:08:20:23:50:00,801;4;148;127.9;133.0;134.5;0.8;164;164;16.6;16.7;12.4;13387;11;0;0;256
2022:08:20:23:51:00,849;2;56;54.7;132.6;133.9;0.13;0;0;16.5;16.6;12.3;13387;11;1;0;0
2022:08:20:23:52:00,778;2;70;65.5;131.9;133.6;0.13;0;0;16.1;16.3;12.4;13387;11;1;0;0
2022:08:20:23:53:01,147;5;182;153.4;132.6;134.2;1.37;304;305;15.9;16.3;12.4;13387;11;0;0;256
2022:08:20:23:54:01,195;4;165;141.4;132.6;133.6;1.03;221;228;16.1;16.2;12.5;13387;11;0;0;256
2022:08:20:23:55:00,504;5;193;162.1;132.8;134.5;1.62;363;368;16.2;16.3;12.5;13387;11;0;0;256
2022:08:20:23:56:00,472;3;92;83.7;131.9;132.8;0.56;5;8;16.4;16.6;12.5;13387;11;0;0;256
2022:08:20:23:57:00,541;4;121;104.4;132.4;133.6;0.57;70;69;16.3;16.1;12.5;13387;11;0;0;256
2022:08:20:23:58:00,589;4;129;111.6;132.4;133.2;0.61;99;97;16.4;16.5;12.5;13387;11;0;0;256
2022:08:20:23:59:00,678;4;143;122.0;132.4;133.0;0.71;139;138;16.3;16.5;12.5;13387;11;0;0;256
2022:08:21:00:00:00,727;4;135;115.7;132.1;133.1;0.65;111;112;16.2;16.0;12.5;13387;11;0;0;256
2022:08:21:00:01:00,815;3;116;101.2;132.4;132.8;0.55;51;53;16.3;16.5;12.5;13387;11;0;0;256
2022:08:21:00:02:00,844;3;113;98.3;132.1;133.1;0.53;42;44;16.2;16.2;12.5;13387;11;0;0;256
2022:08:21:00:03:00,071;3;114;92.5;132.4;132.8;0.55;48;48;16.2;16.2;12.4;13387;11;0;0;256
2022:08:21:00:04:00,220;3;154;135.2;132.4;133.2;0.58;81;83;16.1;16.3;12.5;13387;11;8;0;256
2022:08:21:00:05:00,348;3;108;94.6;132.4;133.2;0.56;24;24;16.2;16.0;12.4;13387;11;0;0;256
2022:08:21:00:06:00,377;3;132;115.0;132.8;133.4;0.58;75;78;16.2;16.2;12.5;13387;11;0;0;256
2022:08:21:00:07:00,587;3;129;112.0;131.9;133.6;0.57;67;69;16.2;16.3;12.5;13387;11;0;0;256
2022:08:21:00:08:02,675;3;119;104.0;132.4;133.0;0.55;45;47;16.2;16.0;12.5;13387;11;0;0;256
2022:08:21:00:09:00,604;2;85;77.2;132.1;133.4;0.57;0;2;16.1;16.2;12.5;13387;11;8;0;256
2022:08:21:00:10:00,672;3;148;129.8;132.4;133.2;0.57;71;73;16.0;16.2;12.5;13387;11;8;0;256
2022:08:21:00:11:00,661;3;160;140.5;132.6;133.9;0.6;93;94;16.1;15.9;12.5;13387;11;8;0;256
2022:08:21:00:12:00,749;3;88;78.9;132.6;133.4;0.57;0;2;16.2;16.2;12.5;13387;11;8;0;256
2022:08:21:00:13:00,758;3;129;112.9;132.6;133.0;0.56;41;42;16.1;16.0;12.5;13387;11;8;0;256
2022:08:21:00:14:00,787;3;97;85.3;132.4;133.0;0.56;4;6;16.1;15.9;12.5;13387;11;8;0;256
2022:08:21:00:15:00,895;3;133;116.5;132.4;133.6;0.55;44;48;16.1;16.3;12.5;13387;11;8;0;256
2022:08:21:00:16:00,904;4;161;142.0;132.6;133.6;0.61;94;96;16.1;16.0;12.5;13387;11;0;0;256
2022:08:21:00:17:00,131;5;200;169.8;132.8;134.7;1.68;379;380;16.0;16.1;12.5;13387;11;0;0;256
2022:08:21:00:18:00,580;4;146;125.7;132.4;133.2;0.78;155;155;16.3;16.6;12.5;13387;11;0;0;256
2022:08:21:00:19:00,649;6;205;173.8;132.8;134.5;1.98;447;447;16.2;16.2;12.5;13387;11;0;0;256
2022:08:21:00:20:00,778;4;141;120.9;132.4;133.2;0.71;134;135;16.5;16.4;12.5;13387;11;0;0;256
2022:08:21:00:21:00,026;4;128;110.9;132.8;132.6;0.6;86;87;16.3;16.5;12.5;13387;11;0;0;256
2022:08:21:00:22:00,154;3;96;85.2;132.1;133.1;0.56;11;13;16.2;16.1;12.5;13387;11;0;0;256
2022:08:21:00:23:00,203;3;102;90.3;132.1;133.1;0.56;19;21;16.2;16.4;12.4;13387;11;0;0;256
2022:08:21:00:24:00,992;2;53;52.9;131.9;133.3;0.13;0;0;16.2;16.2;12.4;13387;11;1;0;0
2022:08:21:00:25:01,001;6;210;178.3;132.8;134.7;2.17;490;482;15.8;15.9;12.5;13387;11;0;0;256
2022:08:21:00:26:01,069;4;122;106.8;132.6;133.4;0.57;67;71;16.1;16.4;12.5;13387;11;0;0;256
2022:08:21:00:27:01,118;3;103;90.2;132.6;133.0;0.55;21;23;16.1;16.0;12.4;13387;11;0;0;256
2022:08:21:00:28:01,186;4;135;115.8;133.0;133.5;0.64;112;116;16.1;16.1;12.5;13387;11;0;0;256
2022:08:21:00:29:01,335;4;122;105.5;132.1;133.1;0.57;73;71;16.2;16.4;12.5;13387;11;0;0;256
2022:08:21:00:30:01,344;3;96;84.0;132.1;133.4;0.56;14;13;16.1;16.0;12.4;13387;11;0;0;256
2022:08:21:00:31:01,432;4;129;111.5;131.9;134.1;0.61;94;93;16.1;16.1;12.5;13387;11;0;0;256
2022:08:21:00:32:00,620;3;119;103.6;132.4;133.0;0.57;60;63;16.1;16.1;12.5;13387;11;0;0;256
2022:08:21:00:33:00,708;4;135;117.4;132.4;133.0;0.65;113;116;16.2;16.0;12.5;13387;11;0;0;256
2022:08:21:00:34:00,757;6;207;173.6;133.3;134.8;2.05;463;464;16.2;16.5;12.5;13387;11;0;0;256
2022:08:21:00:35:00,906;4;125;107.7;132.4;133.8;0.58;81;77;16.5;16.5;12.4;13387;11;0;0;256
2022:08:21:00:36:01,015;3;114;98.9;132.6;133.0;0.56;48;48;16.3;16.2;12.4;13387;11;0;0;256
2022:08:21:00:37:01,084;3;107;94.7;132.6;133.6;0.56;28;30;16.2;16.4;12.4;13387;11;0;0;256
2022:08:21:00:38:01,212;2;81;72.2;132.6;133.6;0.56;1;2;16.2;15.9;12.4;13387;11;0;0;256
2022:08:21:00:39:01,241;4;125;108.3;133.0;133.0;0.58;79;81;15.9;16.1;12.4;13387;11;0;0;256
2022:08:21:00:40:01,409;5;177;150.9;133.0;134.5;1.29;286;281;16.0;16.2;12.4;13387;11;0;0;256
2022:08:21:00:41:01,178;3;114;98.8;132.1;133.9;0.55;45;48;16.1;15.9;12.4;13387;11;0;0;256
2022:08:21:00:42:00,086;3;116;101.4;132.6;133.6;0.56;51;53;16.2;16.4;12.4;13387;11;0;0;256
2022:08:21:00:43:00,214;4;128;111.4;131.7;132.7;0.6;89;90;16.1;15.9;12.4;13387;11;0;0;256
2022:08:21:00:44:00,283;2;69;60.5;131.2;132.1;0.57;0;0;16.1;16.2;12.4;13387;11;8;0;256
2022:08:21:00:45:00,311;2;78;66.8;131.2;132.1;0.57;0;0;16.1;16.1;12.4;13387;11;8;0;256
2022:08:21:00:46:00,360;3;90;84.4;130.8;131.7;0.13;0;6;16.0;16.1;12.4;13387;11;1;0;0
2022:08:21:00:47:00,428;4;150;129.4;131.5;132.7;0.84;170;172;15.9;16.1;12.4;13387;11;0;0;256
2022:08:21:00:48:01,058;4;137;118.3;131.5;132.7;0.67;122;121;16.1;16.2;12.4;13387;11;0;0;256
2022:08:21:00:49:01,166;2;78;68.4;131.2;132.4;0.55;0;0;16.1;15.8;12.4;13387;11;8;0;256
2022:08:21:00:50:01,175;2;79;74.5;130.8;132.5;0.13;0;2;16.0;16.1;12.4;13387;11;1;0;0
2022:08:21:00:51:01,244;2;82;74.2;131.2;132.1;0.56;1;3;16.0;16.1;12.4;13387;11;0;0;256
2022:08:21:00:52:00,431;3;93;81.6;131.2;132.1;0.56;11;9;16.0;15.9;12.4;13387;11;0;0;256
2022:08:21:00:53:00,440;3;130;114.0;131.2;132.1;0.55;41;44;16.0;16.1;12.4;13387;11;8;0;256
2022:08:21:00:54:00,448;3;101;91.3;131.2;131.9;0.55;6;9;16.0;15.8;12.4;13387;11;8;0;256
2022:08:21:00:55:00,497;3;116;101.8;131.5;132.5;0.55;24;24;16.0;16.0;12.4;13387;11;8;0;256
2022:08:21:00:56:00,505;3;132;115.7;131.5;131.9;0.55;46;47;16.0;16.1;12.4;13387;11;0;0;256
2022:08:21:00:57:01,375;3;94;83.1;131.2;132.1;0.56;0;5;16.0;15.7;12.4;13387;11;0;0;256
2022:08:21:00:58:01,384;2;79;73.5;131.2;132.4;0.13;0;2;15.9;16.0;12.3;13387;11;1;0;0
2022:08:21:00:59:01,272;4;128;115.2;131.0;132.3;0.1;0;90;15.6;15.7;12.4;13387;11;0;0;0
2022:08:21:01:00:01,381;3;121;105.2;131.5;132.5;0.56;66;69;15.8;15.6;12.4;13387;11;0;0;256
2022:08:21:01:01:01,429;4;133;114.9;131.5;132.5;0.62;105;108;15.8;16.1;12.4;13387;11;0;0;256
2022:08:21:01:02:01,538;3;89;80.0;131.2;131.9;0.55;4;6;15.9;15.7;12.3;13387;11;0;0;256
2022:08:21:01:03:00,045;3;86;75.1;131.5;131.9;0.55;5;5;15.9;16.1;12.3;13387;11;0;0;256
2022:08:21:01:04:00,014;2;85;79.8;131.0;132.1;0.13;0;5;15.8;15.9;12.3;13387;11;1;0;0
2022:08:21:01:05:00,083;4;142;122.9;131.7;132.7;0.72;136;141;16.0;16.0;12.3;13387;11;0;0;256
2022:08:21:01:06:00,071;5;163;138.3;131.9;133.1;1.01;218;216;16.0;16.1;12.3;13387;11;0;0;256
2022:08:21:01:07:00,800;4;136;117.1;131.2;133.2;0.66;117;118;16.0;15.9;12.3;13387;11;0;0;256
2022:08:21:01:08:00,868;3;105;91.6;131.7;132.7;0.55;24;27;15.9;15.9;12.3;13387;11;0;0;256
2022:08:21:01:09:00,857;2;77;72.4;131.2;132.7;0.13;0;1;15.7;15.9;12.2;13387;11;1;0;0
2022:08:21:01:10:00,825;3;116;100.6;131.9;132.8;0.56;52;53;15.7;15.5;12.3;13387;11;0;0;256
2022:08:21:01:11:00,794;3;88;79.9;131.5;132.7;0.56;0;2;15.7;15.9;12.3;13387;11;8;0;256
2022:08:21:01:12:00,983;3;89;77.5;131.7;132.5;0.56;2;3;15.8;15.7;12.3;13387;11;8;0;256
2022:08:21:01:13:00,191;4;189;165.7;131.7;133.3;0.77;152;153;15.7;15.9;12.3;13387;11;8;0;256
2022:08:21:01:14:00,660;3;114;100.0;131.7;132.7;0.55;34;32;15.9;16.1;12.2;13387;11;0;0;256
2022:08:21:01:15:01,128;3;139;121.0;131.7;132.7;0.59;82;86;15.9;15.7;12.3;13387;11;0;0;256
2022:08:21:01:16:01,257;4;180;155.5;131.7;132.7;0.93;195;198;15.8;15.9;12.3;13387;11;0;0;256
2022:08:21:01:17:01,245;3;119;103.7;131.7;132.3;0.55;41;42;15.9;16.0;12.2;13387;11;0;0;256
2022:08:21:01:18:01,314;3;100;88.0;131.5;132.5;0.56;11;12;15.9;15.6;12.3;13387;11;0;0;256
2022:08:21:01:19:01,443;6;207;175.1;132.1;134.4;2.06;463;464;15.8;16.1;12.3;13387;11;0;0;256
2022:08:21:01:20:01,532;6;217;181.7;132.6;134.7;2.35;530;534;16.0;16.1;12.3;13387;11;0;0;256
2022:08:21:01:21:01,040;4;140;121.0;131.7;132.7;0.69;131;132;16.1;16.1;12.3;13387;11;0;0;256
2022:08:21:01:22:01,108;3;116;100.6;131.9;133.1;0.56;53;53;16.1;16.2;12.3;13387;11;0;0;256
2022:08:21:01:23:01,077;3;118;104.0;131.7;132.3;0.55;23;27;15.9;15.7;12.2;13387;11;8;0;256
2022:08:21:01:24:00,653;4;150;130.2;131.9;132.8;0.69;127;126;15.9;16.2;12.3;13387;11;0;0;256
2022:08:21:01:25:00,214;4;179;154.4;132.1;133.6;0.98;209;214;15.9;15.8;12.3;13387;11;0;0;256
2022:08:21:01:26:00,155;3;113;98.2;131.9;132.8;0.55;41;41;16.0;16.2;12.3;13387;11;0;0;256
2022:08:21:01:27:00,235;3;99;86.8;131.7;132.5;0.55;14;15;15.9;15.9;12.2;13387;11;0;0;256
2022:08:21:01:28:01,016;2;79;69.8;131.9;132.8;0.56;0;1;15.9;15.6;12.3;13387;11;8;0;256
2022:08:21:01:29:01,032;3;139;122.5;132.1;133.1;0.57;58;58;15.8;16.1;12.3;13387;11;8;0;256
2022:08:21:01:30:01,107;2;74;66.6;131.9;132.8;0.56;0;0;15.9;15.7;12.3;13387;11;8;0;256
2022:08:21:01:31:01,141;3;121;106.6;132.1;133.1;0.55;29;32;15.8;15.8;12.2;13387;11;8;0;256
2022:08:21:01:32:01,236;4;177;154.3;132.4;133.2;0.68;124;128;15.8;16.0;12.3;13387;11;8;0;256
2022:08:21:01:33:01,310;3;100;93.7;132.1;132.6;0.55;8;8;15.9;15.6;12.3;13387;11;8;0;256
2022:08:21:01:34:01,361;3;138;120.7;132.1;132.9;0.57;55;56;15.8;15.9;12.3;13387;11;8;0;256
2022:08:21:01:35:01,450;4;159;138.1;132.1;133.6;0.65;115;117;15.8;15.9;12.3;13387;11;0;0;256
2022:08:21:01:36:01,518;3;145;127.3;132.1;132.9;0.58;83;86;15.8;15.6;12.3;13387;11;0;0;256
2022:08:21:01:37:00,007;3;140;122.2;131.9;132.8;0.58;75;77;15.9;16.0;12.3;13387;11;0;0;256
2022:08:21:01:38:00,055;3;95;83.4;131.7;132.7;0.56;6;7;15.9;15.6;12.3;13387;11;0;0;256
2022:08:21:01:39:00,784;3;142;123.6;131.9;132.8;0.58;78;79;15.8;15.9;12.3;13387;11;0;0;256
2022:08:21:01:40:00,832;3;99;73.3;131.9;132.5;0.56;4;16;15.9;15.9;12.3;13387;11;0;0;256
2022:08:21:01:41:00,001;3;105;92.4;132.1;132.9;0.55;14;15;15.8;15.8;12.3;13387;11;0;0;256
2022:08:21:01:42:00,050;3;96;85.2;131.9;132.8;0.56;7;7;15.8;15.9;12.3;13387;11;0;0;256
2022:08:21:01:43:01,558;3;117;102.9;131.7;132.5;0.55;32;32;15.8;15.7;12.3;13387;11;0;0;256
2022:08:21:01:44:00,067;4;146;125.2;132.1;133.6;0.76;152;154;15.7;15.9;12.3;13387;11;0;0;256
2022:08:21:01:45:00,075;4;121;104.0;132.1;132.9;0.57;68;65;15.8;15.7;12.3;13387;11;0;0;256
2022:08:21:01:46:00,124;4;133;115.5;132.6;132.8;0.64;108;108;15.8;15.7;12.3;13387;11;0;0;256
2022:08:21:01:47:00,152;5;155;133.6;132.4;133.6;0.91;192;188;15.9;16.2;12.3;13387;11;0;0;256
2022:08:21:01:48:00,341;3;112;98.1;131.9;132.8;0.56;41;42;15.9;15.7;12.2;13387;11;0;0;256
2022:08:21:01:49:00,350;3;121;105.2;131.9;132.8;0.57;64;65;15.9;16.0;12.3;13387;11;0;0;256
2022:08:21:01:50:00,398;3;89;76.9;131.9;132.5;0.57;1;6;15.9;15.9;12.2;13387;11;0;0;256
2022:08:21:01:51:00,427;3;120;103.5;132.4;133.2;0.56;63;65;15.8;15.7;12.2;13387;11;0;0;256
2022:08:21:01:52:00,515;4;144;124.1;132.8;133.4;0.71;139;141;15.8;15.9;12.2;13387;11;0;0;256
2022:08:21:01:53:00,604;4;126;109.7;132.4;133.2;0.59;85;87;15.8;15.6;12.2;13387;11;0;0;256
2022:08:21:01:54:00,692;2;78;72.0;132.1;133.4;0.56;0;0;15.8;15.9;12.2;13387;11;8;0;256
2022:08:21:01:55:00,721;3;127;111.5;132.1;133.4;0.55;36;41;15.7;15.7;12.2;13387;11;8;0;256
2022:08:21:01:56:00,750;3;116;102.3;132.1;133.6;0.55;28;24;15.7;15.7;12.2;13387;11;8;0;256
2022:08:21:01:57:00,718;2;67;57.0;132.1;133.1;0.57;0;0;15.8;15.8;12.2;13387;11;8;0;256
2022:08:21:01:58:00,707;4;129;112.2;132.4;133.6;0.59;88;93;15.6;15.4;12.2;13387;11;0;0;256
2022:08:21:01:59:00,735;3;101;89.3;131.9;132.8;0.55;18;19;15.7;15.8;12.2;13387;11;0;0;256
2022:08:21:02:00:01,504;3;115;96.3;132.4;133.0;0.55;59;51;15.8;15.9;12.2;13387;11;0;0;256
2022:08:21:02:01:00,032;3;118;103.4;132.4;133.2;0.56;60;63;15.8;15.7;12.2;13387;11;0;0;256
2022:08:21:02:02:00,121;4;139;119.4;132.4;133.6;0.68;128;128;15.8;15.9;12.2;13387;11;0;0;256
2022:08:21:02:03:00,110;3;107;93.3;132.4;133.2;0.55;30;30;15.8;15.6;12.2;13387;11;0;0;256
2022:08:21:02:04:00,278;3;119;103.9;132.4;133.2;0.56;61;63;15.8;15.9;12.2;13387;11;0;0;256
2022:08:21:02:05:00,327;2;61;53.2;132.4;133.0;0.57;4;0;15.9;15.7;12.2;13387;11;8;0;256
2022:08:21:02:06:00,335;3;100;87.7;132.4;133.2;0.56;17;19;15.6;15.6;12.2;13387;11;0;0;256
2022:08:21:02:07:01,404;4;139;119.6;132.6;133.6;0.69;128;128;15.7;15.9;12.2;13387;11;0;0;256
2022:08:21:02:08:01,372;3;113;98.3;132.1;133.1;0.55;43;44;15.7;15.6;12.2;13387;11;0;0;256
2022:08:21:02:09:00,561;4;135;116.7;132.6;133.9;0.66;117;116;15.8;15.9;12.2;13387;11;0;0;256
2022:08:21:02:10:00,550;5;176;148.8;132.8;134.5;1.24;273;275;15.8;16.0;12.2;13387;11;0;0;256
2022:08:21:02:11:00,618;4;125;108.0;132.8;132.8;0.57;78;77;15.9;15.8;12.2;13387;11;0;0;256
2022:08:21:02:12:00,647;3;116;100.8;132.4;133.6;0.56;52;53;15.9;16.1;12.1;13387;11;0;0;256
2022:08:21:02:13:01,435;3;114;99.2;132.6;133.4;0.55;48;48;15.8;15.6;12.1;13387;11;0;0;256
2022:08:21:02:14:00,764;3;117;101.9;132.6;133.0;0.56;53;56;15.8;16.0;12.1;13387;11;0;0;256
2022:08:21:02:15:00,792;3;113;99.0;132.1;133.4;0.56;42;44;16.0;16.1;12.1;13387;11;0;0;256
2022:08:21:02:16:00,861;4;137;118.3;132.1;133.6;0.67;119;121;15.9;15.8;12.1;13387;11;0;0;256
2022:08:21:02:17:00,889;4;139;120.4;132.1;133.4;0.67;123;127;16.0;16.3;12.1;13387;11;0;0;256
2022:08:21:02:18:00,978;3;113;97.8;131.7;133.0;0.55;46;44;15.9;15.8;12.1;13387;11;0;0;256
2022:08:21:02:19:01,027;2;65;58.4;131.9;133.1;0.56;0;0;15.9;15.9;12.1;13387;11;8;0;256
2022:08:21:02:20:01,095;5;183;154.7;132.4;133.6;1.39;307;311;16.0;16.1;12.1;13387;11;0;0;256
2022:08:21:02:21:01,104;5;173;148.0;132.4;133.2;1.19;260;264;15.9;15.9;12.2;13387;11;0;0;256
2022:08:21:02:22:01,172;5;183;154.1;132.4;133.8;1.4;311;311;15.9;16.3;12.2;13387;11;0;0;256
2022:08:21:02:23:01,181;4;135;117.5;132.1;133.1;0.66;117;116;16.0;15.8;12.1;13387;11;0;0;256
2022:08:21:02:24:01,409;3;94;87.5;131.9;132.5;0.57;0;4;15.9;16.0;12.1;13387;11;8;0;256
2022:08:21:02:25:01,498;5;191;164.5;132.4;133.6;1.36;299;300;15.8;16.0;12.2;13387;11;0;0;256
2022:08:21:02:26:00,107;4;162;140.7;132.1;133.4;0.87;183;186;15.8;16.0;12.1;13387;11;0;0;256
2022:08:21:02:27:00,095;3;93;81.5;131.9;133.3;0.56;7;8;15.8;15.9;12.1;13387;11;0;0;256
2022:08:21:02:28:00,104;3;122;106.1;132.4;133.2;0.56;57;59;15.8;15.7;12.1;13387;11;0;0;256
2022:08:21:02:29:00,172;4;166;141.2;132.4;133.8;0.93;197;201;15.7;15.9;12.2;13387;11;0;0;256
2022:08:21:02:30:00,241;3;108;95.4;131.9;133.3;0.56;26;28;15.8;15.6;12.1;13387;11;0;0;256
2022:08:21:02:31:00,329;3;101;89.0;132.1;133.1;0.55;15;17;15.8;16.0;12.1;13387;11;0;0;256
2022:08:21:02:32:00,398;4;138;119.1;132.4;133.0;0.62;106;107;15.8;15.8;12.2;13387;11;0;0;256
2022:08:21:02:33:00,467;4;151;129.0;132.4;134.1;0.82;169;168;15.9;15.8;12.2;13387;11;0;0;256
2022:08:21:02:34:00,555;3;101;91.3;132.1;132.9;0.56;13;9;15.9;16.2;12.1;13387;11;8;0;256
2022:08:21:02:35:00,544;3;117;104.0;132.1;133.1;0.55;22;25;15.8;15.6;12.1;13387;11;8;0;256
2022:08:21:02:36:00,472;6;217;183.9;132.8;134.5;2.01;453;447;15.7;15.9;12.2;13387;11;0;0;256
2022:08:21:02:37:01,221;5;172;147.1;132.6;133.9;1.18;258;259;16.0;16.2;12.2;13387;11;0;0;256
2022:08:21:02:38:01,309;5;168;141.5;132.4;134.1;1.09;236;237;16.0;15.9;12.2;13387;11;0;0;256
2022:08:21:02:39:01,198;4;146;126.1;132.4;133.6;0.76;151;155;16.1;16.3;12.2;13387;11;0;0;256
2022:08:21:02:40:01,227;2;79;73.0;132.1;133.1;0.57;0;1;16.0;16.0;12.1;13387;11;8;0;256
2022:08:21:02:41:01,155;3;113;99.0;132.6;132.8;0.56;46;44;15.7;15.8;12.2;13387;11;0;0;256
2022:08:21:02:42:00,084;4;125;109.1;132.4;133.6;0.58;80;81;15.7;15.7;12.2;13387;11;0;0;256
2022:08:21:02:43:00,132;3;160;139.4;132.4;133.0;0.6;93;94;15.7;15.7;12.2;13387;11;8;0;256
2022:08:21:02:44:00,201;3;115;100.0;132.1;133.6;0.55;20;23;15.7;15.9;12.1;13387;11;8;0;256
2022:08:21:02:45:00,249;4;169;148.2;132.4;133.6;0.62;107;111;15.7;15.5;12.2;13387;11;8;0;256
2022:08:21:02:46:00,338;3;141;121.8;132.4;133.6;0.59;86;86;15.8;15.9;12.2;13387;11;0;0;256
2022:08:21:02:47:05,387;2;76;70.5;132.1;132.9;0.56;0;0;15.8;15.5;12.2;13387;11;8;0;256
2022:08:21:02:48:01,395;3;100;88.2;132.1;133.1;0.55;0;7;15.7;15.5;12.2;13387;11;8;0;256
2022:08:21:02:49:01,484;2;69;64.0;132.1;132.9;0.57;0;0;15.8;15.9;12.1;13387;11;8;0;256
2022:08:21:02:50:00,012;3;95;84.1;131.9;132.8;0.56;7;5;15.7;15.4;12.2;13387;11;8;0;256
2022:08:21:02:51:01,541;3;119;105.5;131.9;132.8;0.55;27;28;15.7;15.7;12.1;13387;11;8;0;256
2022:08:21:02:52:00,249;3;138;121.0;132.4;133.2;0.56;54;58;15.7;15.7;12.2;13387;11;8;0;256
2022:08:21:02:53:01,498;3;124;108.5;131.9;133.1;0.55;34;33;15.7;15.5;12.2;13387;11;8;0;256
2022:08:21:02:54:02,226;4;160;138.7;132.6;133.9;0.78;157;155;15.8;15.7;12.2;13387;11;0;0;256
2022:08:21:02:55:01,315;4;157;135.7;132.6;133.4;0.75;147;146;15.8;15.9;12.2;13387;11;0;0;256
2022:08:21:02:56:01,404;3;118;102.7;132.6;133.0;0.55;43;44;15.8;15.6;12.2;13387;11;0;0;256
2022:08:21:02:57:01,472;3;118;103.0;132.4;133.6;0.55;46;47;15.8;16.0;12.2;13387;11;0;0;256
2022:08:21:02:58:00,681;2;77;69.6;132.4;133.0;0.57;0;0;15.8;15.5;12.2;13387;11;8;0;256
2022:08:21:02:59:01,449;3;116;102.2;132.4;133.0;0.56;23;24;15.7;15.8;12.1;13387;11;8;0;256
2022:08:21:03:00:01,538;3;94;84.2;132.1;132.9;0.56;5;5;15.7;15.8;12.1;13387;11;8;0;256
2022:08:21:03:01:00,087;3;94;85.1;132.1;133.1;0.56;4;5;15.7;15.8;12.1;13387;11;8;0;256
2022:08:21:03:02:00,815;3;117;102.6;132.4;133.0;0.56;25;25;15.7;15.8;12.1;13387;11;8;0;256
2022:08:21:03:03:00,864;3;90;79.2;132.4;133.0;0.57;6;3;15.7;15.4;12.1;13387;11;8;0;256
2022:08:21:03:04:00,972;4;193;170.0;132.4;133.2;0.82;171;172;15.6;15.8;12.2;13387;11;0;0;256
2022:08:21:03:05:00,961;3;116;102.4;132.1;133.1;0.56;21;24;15.7;15.7;12.1;13387;11;0;0;256
2022:08:21:03:06:00,549;3;119;105.0;132.1;132.9;0.56;28;28;15.7;15.6;12.1;13387;11;8;0;256
2022:08:21:03:07:00,618;3;149;130.7;132.4;133.0;0.57;71;75;15.7;15.8;12.1;13387;11;8;0;256
2022:08:21:03:08:00,687;4;159;138.9;132.4;133.0;0.61;92;92;15.7;15.5;12.2;13387;11;8;0;256
2022:08:21:03:09:00,775;2;55;53.4;131.9;133.3;0.13;0;0;15.7;15.7;12.1;13387;11;1;0;0
2022:08:21:03:10:00,764;2;73;68.6;131.9;132.8;0.13;0;0;15.5;15.5;12.1;13387;11;1;0;0
2022:08:21:03:11:00,792;3;103;90.0;132.4;133.0;0.55;21;23;15.4;15.3;12.1;13387;11;0;0;256
2022:08:21:03:12:00,861;4;125;108.4;132.4;133.0;0.59;80;85;15.5;15.7;12.1;13387;11;0;0;256
2022:08:21:03:13:00,129;4;123;106.6;132.4;133.6;0.57;74;74;15.6;15.3;12.1;13387;11;0;0;256
2022:08:21:03:14:00,138;3;86;74.2;132.4;132.6;0.57;4;2;15.6;15.7;12.1;13387;11;8;0;256
2022:08:21:03:15:00,047;4;184;161.8;132.8;134.2;0.71;139;144;15.5;15.4;12.1;13387;11;8;0;256
2022:08:21:03:16:00,075;3;135;117.7;132.6;133.0;0.57;63;64;15.6;15.6;12.1;13387;11;0;0;256
2022:08:21:03:17:00,124;3;112;98.2;132.4;133.2;0.56;20;23;15.6;15.8;12.0;13387;11;0;0;256
2022:08:21:03:18:00,172;2;67;62.5;132.1;133.4;0.13;0;0;15.6;15.6;12.0;13387;11;1;0;0
2022:08:21:03:19:00,221;1;42;48.5;131.9;133.3;0.13;0;0;15.4;15.5;12.0;13387;11;1;0;0
2022:08:21:03:20:00,189;2;54;50.8;132.1;133.6;0.13;0;0;15.2;15.3;12.0;13387;11;1;0;0
2022:08:21:03:21:00,178;3;115;100.5;132.8;133.4;0.56;52;53;15.2;15.3;12.1;13387;11;0;0;256
2022:08:21:03:22:00,206;3;85;73.1;132.4;133.2;0.57;5;5;15.4;15.4;12.1;13387;11;0;0;256
2022:08:21:03:23:00,315;3;132;116.5;132.4;133.2;0.55;45;48;15.4;15.2;12.0;13387;11;8;0;256
2022:08:21:03:24:00,324;2;76;66.1;132.6;133.0;0.57;0;0;15.6;15.6;12.0;13387;11;8;0;256
2022:08:21:03:25:00,472;3;98;84.3;132.8;133.2;0.55;0;7;15.5;15.3;12.1;13387;11;8;0;256
2022:08:21:03:26:00,461;3;93;84.2;132.4;133.2;0.57;0;4;15.5;15.5;12.0;13387;11;8;0;256
2022:08:21:03:27:00,289;3;116;102.0;132.4;133.2;0.56;23;24;15.5;15.6;12.0;13387;11;8;0;256
2022:08:21:03:28:00,318;2;78;69.1;132.6;133.0;0.56;0;0;15.6;15.3;12.0;13387;11;8;0;256
2022:08:21:03:29:00,406;2;81;72.3;132.4;133.6;0.56;0;1;15.6;15.7;12.0;13387;11;8;0;256
2022:08:21:03:30:00,295;3;91;85.8;132.1;133.6;0.12;0;7;15.4;15.5;12.0;13387;11;1;0;0
2022:08:21:03:31:00,284;3;93;87.8;132.1;133.6;0.13;0;10;15.2;15.3;12.0;13387;11;1;0;0
2022:08:21:03:32:02,012;5;173;147.6;132.8;134.2;1.19;261;259;15.3;15.5;12.0;13387;11;0;0;256
2022:08:21:03:33:01,441;4;132;114.4;132.6;133.4;0.61;100;105;15.5;15.3;12.0;13387;11;0;0;256
2022:08:21:03:34:01,549;3;97;85.6;132.4;133.2;0.56;22;14;15.5;15.4;12.0;13387;11;0;0;256
2022:08:21:03:35:00,118;4;128;111.6;133.0;133.8;0.6;91;93;15.5;15.4;12.0;13387;11;0;0;256
2022:08:21:03:36:00,126;3;93;81.5;132.4;133.0;0.56;10;9;15.5;15.4;12.0;13387;11;0;0;256
2022:08:21:03:37:00,155;2;61;57.6;131.9;133.3;0.13;0;0;15.5;15.5;11.9;13387;11;1;0;0
2022:08:21:03:38:00,084;3;116;100.1;132.6;133.4;0.56;52;51;15.2;15.0;12.0;13387;11;0;0;256
2022:08:21:03:39:00,192;3;97;84.9;132.4;133.0;0.56;12;14;15.3;15.5;11.9;13387;11;0;0;256
2022:08:21:03:40:00,141;3;107;93.3;132.4;133.6;0.55;28;30;15.4;15.1;11.9;13387;11;0;0;256
2022:08:21:03:41:00,209;4;145;125.3;132.8;134.2;0.77;155;152;15.5;15.4;12.0;13387;11;0;0;256
2022:08:21:03:42:00,238;4;120;104.1;133.0;133.5;0.57;69;69;15.5;15.5;11.9;13387;11;0;0;256
2022:08:21:03:43:00,306;3;103;91.5;132.4;133.0;0.56;4;10;15.5;15.2;11.9;13387;11;8;0;256
2022:08:21:03:44:00,315;3;139;121.7;132.6;133.6;0.56;60;58;15.4;15.6;11.9;13387;11;8;0;256
2022:08:21:03:45:00,424;3;135;118.7;132.4;133.2;0.56;51;52;15.4;15.3;11.9;13387;11;8;0;256
2022:08:21:03:46:00,432;3;101;88.7;132.4;133.0;0.56;9;9;15.4;15.3;11.9;13387;11;8;0;256
2022:08:21:03:47:00,501;4;145;126.6;132.6;133.4;0.6;85;83;15.4;15.5;11.9;13387;11;0;0;256
2022:08:21:03:48:01,209;4;152;132.1;132.4;133.6;0.61;96;95;15.4;15.2;11.9;13387;11;0;0;256
2022:08:21:03:49:01,258;2;73;62.7;132.4;133.0;0.57;0;0;15.5;15.5;11.9;13387;11;8;0;256
2022:08:21:03:50:01,346;2;63;55.4;132.4;133.0;0.57;0;0;15.4;15.2;11.9;13387;11;8;0;256
2022:08:21:03:51:01,335;4;123;107.4;131.9;133.8;0.56;69;74;15.2;15.2;11.9;13387;11;0;0;256
2022:08:21:03:52:01,423;3;95;83.2;132.4;133.2;0.56;12;12;15.3;15.3;11.8;13387;11;0;0;256
2022:08:21:03:53:00,572;4;134;116.1;132.4;133.8;0.64;108;113;15.4;15.2;11.8;13387;11;0;0;256
2022:08:21:03:54:00,661;3;109;95.4;132.1;132.9;0.56;35;34;15.4;15.5;11.8;13387;11;0;0;256
2022:08:21:03:55:00,229;4;129;111.1;132.8;132.8;0.6;92;94;15.4;15.2;11.9;13387;11;0;0;256
2022:08:21:03:56:01,298;3;131;115.1;132.4;133.2;0.55;44;46;15.3;15.5;11.8;13387;11;8;0;256
2022:08:21:03:57:01,406;2;68;62.9;132.4;133.0;0.57;0;0;15.4;15.2;11.8;13387;11;8;0;256
2022:08:21:03:58:01,415;3;121;106.8;132.4;133.2;0.56;30;31;15.3;15.2;11.8;13387;11;8;0;256
2022:08:21:03:59:01,523;3;103;89.9;132.1;133.1;0.59;20;10;15.4;15.4;11.8;13387;11;8;0;256
2022:08:21:04:00:00,692;3;161;140.7;132.4;133.0;0.61;95;97;15.3;15.2;11.8;13387;11;8;0;256
2022:08:21:04:01:00,781;3;84;73.6;131.9;132.5;0.57;0;1;15.4;15.5;11.8;13387;11;8;0;256
2022:08:21:04:02:00,849;4;177;154.7;132.4;133.6;0.68;126;126;15.3;15.1;11.9;13387;11;8;0;256
2022:08:21:04:03:00,578;3;110;97.3;132.1;132.9;0.55;30;36;15.5;15.6;11.8;13387;11;0;0;256
2022:08:21:04:04:00,686;3;117;102.4;132.8;133.2;0.56;54;57;15.5;15.3;11.9;13387;11;0;0;256
2022:08:21:04:05:00,715;3;109;94.1;132.4;133.0;0.56;32;34;15.4;15.3;11.8;13387;11;0;0;256
2022:08:21:04:06:00,963;3;86;74.5;132.1;133.4;0.56;6;5;15.4;15.5;11.9;13387;11;0;0;256
2022:08:21:04:07:01,032;3;147;128.8;132.4;133.2;0.57;70;72;15.4;15.1;11.8;13387;11;8;0;256
2022:08:21:04:08:01,361;3;97;87.2;132.1;133.1;0.55;5;6;15.4;15.5;11.9;13387;11;8;0;256
2022:08:21:04:09:01,449;3;111;97.9;132.1;132.9;0.55;16;17;15.4;15.2;11.9;13387;11;8;0;256
2022:08:21:04:10:01,498;3;93;80.9;132.4;133.0;0.56;0;4;15.4;15.3;11.8;13387;11;8;0;256
2022:08:21:04:11:00,026;2;71;65.9;132.1;133.4;0.57;0;0;15.5;15.1;11.9;13387;11;8;0;256
2022:08:21:04:12:00,095;3;146;128.4;132.4;133.0;0.57;67;70;15.4;15.4;11.9;13387;11;8;0;256
2022:08:21:04:13:00,903;3;149;131.3;132.6;133.6;0.57;69;75;15.4;15.5;11.9;13387;11;8;0;256
2022:08:21:04:14:00,912;3;109;95.4;132.4;133.6;0.56;24;24;15.5;15.1;11.8;13387;11;0;0;256
2022:08:21:04:15:00,921;2;66;61.9;132.1;133.6;0.13;0;0;15.4;15.4;11.8;13387;11;1;0;0
2022:08:21:04:16:00,889;3;127;113.8;132.4;133.6;0.1;1;88;15.1;15.1;11.9;13387;11;0;0;0
2022:08:21:04:17:00,958;4;144;124.0;132.6;133.9;0.72;140;143;15.2;15.2;11.9;13387;11;0;0;256
2022:08:21:04:18:00,626;5;166;141.3;132.8;134.2;1.09;238;229;15.5;15.7;11.9;13387;11;0;0;256
2022:08:21:04:19:00,715;4;139;119.4;132.1;133.6;0.69;128;129;15.7;15.5;11.9;13387;11;0;0;256
2022:08:21:04:20:00,803;3;104;90.1;132.1;133.4;0.56;21;23;15.6;15.8;11.9;13387;11;0;0;256
2022:08:21:04:21:01,492;3;87;78.5;131.9;133.3;0.56;3;5;15.5;15.4;11.8;13387;11;0;0;256
2022:08:21:04:22:01,041;6;204;174.0;133.0;134.5;1.97;444;446;15.4;15.6;11.9;13387;11;0;0;256
2022:08:21:04:23:01,049;4;138;119.5;131.9;134.4;0.68;126;129;15.5;15.4;11.9;13387;11;0;0;256
2022:08:21:04:24:01,158;4;130;112.0;131.9;133.8;0.62;102;98;15.5;15.4;11.9;13387;11;0;0;256
2022:08:21:04:25:01,206;3;119;103.8;132.6;133.6;0.56;61;63;15.5;15.6;11.9;13387;11;0;0;256
2022:08:21:04:26:01,255;3;94;82.1;132.6;133.4;0.57;10;10;15.5;15.3;11.9;13387;11;0;0;256
2022:08:21:04:27:01,263;4;172;151.1;132.6;133.6;0.67;118;119;15.4;15.6;11.9;13387;11;8;0;256
2022:08:21:04:28:01,512;3;161;140.9;132.6;133.9;0.61;95;97;15.4;15.2;11.9;13387;11;8;0;256
2022:08:21:04:29:00,001;3;135;118.7;132.4;133.6;0.56;53;52;15.4;15.6;11.9;13387;11;8;0;256
2022:08:21:04:30:01,489;3;109;103.2;131.9;133.6;0.13;0;34;15.3;15.4;11.8;13387;11;1;0;0
2022:08:21:04:31:01,518;5;177;151.7;132.8;134.0;1.29;285;281;15.4;15.3;11.9;13387;11;0;0;256
2022:08:21:04:32:00,726;3;101;89.7;132.1;133.6;0.56;20;20;15.6;15.7;11.9;13387;11;0;0;256
2022:08:21:04:33:00,995;4;140;121.3;132.6;133.6;0.71;132;136;15.5;15.2;11.9;13388;111;0;0;256
2022:08:21:04:34:00,263;3;97;84.8;132.4;133.2;0.56;14;14;15.5;15.6;11.9;13388;111;0;0;256
2022:08:21:04:35:00,292;3;142;125.0;132.6;133.6;0.57;63;65;15.4;15.2;11.9;13388;111;8;0;256
2022:08:21:04:36:00,461;3;151;132.0;132.6;133.4;0.57;76;78;15.4;15.6;11.9;13388;111;8;0;256
2022:08:21:04:37:00,449;4;141;121.1;132.4;133.6;0.66;115;120;15.5;15.6;12.0;13388;111;0;0;256
2022:08:21:04:38:00,458;3;126;109.9;132.1;133.1;0.57;71;75;15.5;15.4;12.0;13388;111;0;0;256
2022:08:21:04:39:00,466;4;135;116.1;133.0;133.2;0.65;117;116;15.4;15.5;11.9;13388;111;0;0;256
2022:08:21:04:40:02,415;4;149;128.3;132.6;133.9;0.81;166;168;15.4;15.5;11.9;13388;111;0;0;256
2022:08:21:04:41:00,883;5;182;154.8;132.8;134.2;1.35;299;309;15.5;15.7;11.9;13388;111;0;0;256
2022:08:21:04:42:00,072;4;125;107.7;132.6;133.6;0.59;83;81;15.6;15.5;11.9;13388;111;0;0;256
2022:08:21:04:43:00,141;4;128;110.6;132.4;133.6;0.59;88;90;15.6;15.6;11.9;13388;111;0;0;256
2022:08:21:04:44:00,229;3;93;80.2;132.4;132.8;0.57;7;10;15.5;15.6;11.9;13388;111;0;0;256
2022:08:21:04:45:01,278;2;85;77.7;132.4;132.8;0.56;1;2;15.5;15.2;11.9;13388;111;8;0;256
2022:08:21:04:46:01,346;2;63;55.0;132.1;133.4;0.57;0;0;15.5;15.6;11.9;13388;111;8;0;256
2022:08:21:04:47:01,395;6;231;196.7;133.0;135.1;2.35;534;532;15.3;15.3;12.0;13388;111;0;0;256
2022:08:21:04:48:01,443;4;133;114.2;132.6;133.9;0.62;105;107;15.6;15.6;12.0;13388;111;0;0;256
2022:08:21:04:49:01,032;3;87;78.8;132.4;133.6;0.57;2;5;15.6;15.6;11.9;13388;111;0;0;256
2022:08:21:04:50:01,080;2;79;72.0;132.1;133.4;0.56;0;2;15.6;15.4;11.9;13388;111;0;0;256
2022:08:21:04:51:01,069;3;159;138.1;132.6;133.4;0.59;92;93;15.5;15.7;11.9;13388;111;8;0;256
2022:08:21:04:52:01,158;3;152;133.7;132.6;133.4;0.58;75;78;15.5;15.3;11.9;13388;111;8;0;256
2022:08:21:04:53:01,226;3;158;138.5;132.4;133.6;0.59;88;90;15.5;15.5;11.9;13388;111;8;0;256
2022:08:21:04:54:01,295;4;208;181.9;132.8;134.2;1.0;216;217;15.3;15.5;11.9;13388;111;0;0;256
2022:08:21:04:55:00,483;5;178;152.6;132.8;134.2;1.29;287;288;15.5;15.4;11.9;13388;111;0;0;256
2022:08:21:04:56:00,652;4;154;130.8;132.6;134.2;0.88;186;185;15.6;15.9;12.0;13388;111;0;0;256
2022:08:21:04:57:01,420;4;137;118.9;132.4;133.6;0.67;121;122;15.6;15.6;11.9;13388;111;0;0;256
2022:08:21:04:58:01,489;4;122;105.9;132.4;133.2;0.57;68;72;15.6;15.6;11.9;13388;111;0;0;256
2022:08:21:04:59:01,518;3;110;96.4;132.4;133.0;0.55;31;36;15.5;15.6;11.9;13388;111;0;0;256
2022:08:21:05:00:01,506;4;147;126.8;132.6;133.9;0.78;155;159;15.5;15.4;11.9;13388;111;0;0;256
2022:08:21:05:01:01,535;3;110;96.2;132.4;133.6;0.55;36;36;15.5;15.6;11.9;13388;111;0;0;256
2022:08:21:05:02:00,043;4;125;108.0;132.4;133.2;0.58;81;82;15.5;15.4;11.9;13388;111;0;0;256
2022:08:21:05:03:00,092;3;103;89.5;132.4;133.6;0.55;20;21;15.5;15.6;11.9;13388;111;0;0;256
2022:08:21:05:04:00,181;4;133;115.7;133.0;133.2;0.65;110;113;15.5;15.3;11.9;13388;111;0;0;256
2022:08:21:05:05:00,249;3;109;95.2;132.6;133.4;0.55;32;34;15.5;15.7;11.9;13388;111;0;0;256
2022:08:21:05:06:00,298;4;133;114.7;132.8;133.4;0.62;105;105;15.5;15.3;11.9;13388;111;0;0;256
2022:08:21:05:07:00,206;3;102;88.9;132.6;133.4;0.56;20;21;15.5;15.5;11.9;13388;111;0;0;256
2022:08:21:05:08:00,275;2;82;75.1;132.4;133.0;0.56;0;3;15.5;15.5;11.8;13388;111;0;0;256
2022:08:21:05:09:00,263;3;118;102.8;132.8;133.4;0.57;60;63;15.3;15.2;11.9;13388;111;0;0;256
2022:08:21:05:10:00,352;5;170;144.5;132.8;134.2;1.14;248;251;15.3;15.5;11.9;13388;111;0;0;256
2022:08:21:05:11:00,440;4;151;130.6;132.8;133.4;0.84;171;170;15.6;15.5;11.9;13388;111;0;0;256
2022:08:21:05:12:00,009;3;114;99.0;132.4;133.2;0.55;47;48;15.6;15.8;11.9;13388;111;0;0;256
2022:08:21:05:13:00,058;4;159;135.7;132.8;134.0;0.96;203;205;15.5;15.4;11.9;13388;111;0;0;256
2022:08:21:05:14:03,746;3;90;80.0;132.6;133.6;0.56;4;6;15.6;15.6;11.9;13388;111;0;0;256
2022:08:21:05:15:00,735;3;117;102.6;132.6;133.6;0.55;25;26;15.5;15.7;11.8;13388;111;8;0;256
2022:08:21:05:16:00,783;4;191;167.5;132.8;134.2;0.77;155;157;15.4;15.2;11.8;13388;111;8;0;256
2022:08:21:05:17:00,872;4;155;131.9;132.8;134.5;0.89;189;187;15.5;15.8;11.9;13388;111;0;0;256
2022:08:21:05:18:00,940;3;120;105.2;132.6;133.4;0.57;66;68;15.5;15.4;11.8;13388;111;0;0;256
2022:08:21:05:19:01,029;2;81;70.5;132.4;133.2;0.56;0;3;15.5;15.4;11.9;13388;111;0;0;256
2022:08:21:05:20:01,058;3;89;82.8;132.6;133.6;0.57;0;3;15.5;15.5;11.8;13388;111;8;0;256
2022:08:21:05:21:01,086;4;163;142.4;132.6;133.6;0.61;98;100;15.4;15.3;11.8;13388;111;8;0;256
2022:08:21:05:22:01,135;5;166;142.7;132.8;134.2;1.06;228;234;15.6;15.8;11.9;13388;111;0;0;256
2022:08:21:05:23:01,323;4;131;113.3;131.9;134.4;0.62;104;103;15.6;15.5;11.9;13388;111;0;0;256
2022:08:21:05:24:00,612;4;140;120.5;132.6;133.9;0.69;129;133;15.6;15.7;11.9;13388;111;0;0;256
2022:08:21:05:25:01,080;3;118;102.7;132.6;133.6;0.57;57;59;15.6;15.7;11.8;13388;111;0;0;256
2022:08:21:05:26:01,129;2;70;61.1;132.4;132.8;0.57;0;0;15.6;15.4;11.8;13388;111;8;0;256
2022:08:21:05:27:01,118;3;87;82.2;132.1;133.1;0.12;0;5;15.3;15.4;11.8;13388;111;1;0;0
2022:08:21:05:28:01,206;3;100;86.4;132.4;133.0;0.56;15;17;15.1;14.9;11.8;13388;111;0;0;256
2022:08:21:05:29:01,215;3;93;82.5;132.4;133.0;0.58;8;4;15.2;15.4;11.9;13388;111;8;0;256
2022:08:21:05:30:01,243;3;140;123.4;132.1;133.4;0.56;56;60;15.3;15.1;11.8;13388;111;8;0;256
2022:08:21:05:31:01,312;3;145;127.1;132.6;133.6;0.57;67;69;15.3;15.3;11.8;13388;111;8;0;256
2022:08:21:05:32:01,340;3;125;109.9;132.6;133.4;0.55;37;37;15.3;15.4;11.8;13388;111;8;0;256
2022:08:21:05:33:01,369;3;123;108.0;132.4;132.8;0.56;29;33;15.3;15.1;11.8;13388;111;8;0;256
2022:08:21:05:34:01,417;4;145;126.5;131.0;132.1;0.6;92;90;15.4;15.6;11.8;13388;111;0;0;256
2022:08:21:05:35:01,486;3;131;114.8;131.2;132.1;0.56;59;61;15.4;15.1;11.8;13388;111;0;0;256
2022:08:21:05:36:01,515;3;125;108.7;131.0;132.1;0.55;44;48;15.4;15.4;11.8;13388;111;0;0;256
2022:08:21:05:37:00,043;3;107;93.7;131.2;132.1;0.56;17;18;15.4;15.1;11.8;13388;111;0;0;256
2022:08:21:05:38:00,092;2;73;62.6;131.0;131.9;0.57;0;0;15.4;15.4;11.8;13388;111;8;0;256
2022:08:21:05:39:00,860;3;132;115.8;131.0;131.9;0.55;43;46;15.3;15.3;11.7;13388;111;8;0;256
2022:08:21:05:40:00,909;3;137;120.2;131.0;131.5;0.55;52;55;15.3;15.1;11.8;13388;111;8;0;256
2022:08:21:05:41:01,017;3;140;91.7;130.8;131.5;0.53;10;13;15.3;15.4;11.7;13388;111;8;0;256
2022:08:21:05:42:01,066;3;151;132.1;131.2;132.1;0.57;75;78;15.3;15.0;11.8;13388;111;8;0;256
2022:08:21:05:43:01,135;3;118;103.9;130.8;131.5;0.53;24;27;15.3;15.3;11.7;13388;111;8;0;256
2022:08:21:05:44:01,183;3;112;98.0;130.8;132.1;0.55;18;19;15.3;15.1;11.7;13388;111;8;0;256
2022:08:21:05:45:01,272;3;99;87.0;130.8;131.7;0.55;12;7;15.3;15.1;11.8;13388;111;8;0;256
2022:08:21:05:46:01,300;3;140;122.5;130.8;131.5;0.55;57;60;15.2;15.3;11.7;13388;111;8;0;256
2022:08:21:05:47:01,349;4;169;147.9;131.0;132.1;0.65;112;112;15.2;15.0;11.7;13388;111;8;0;256
2022:08:21:05:48:02,957;4;163;143.3;131.0;131.9;0.61;101;100;15.2;15.2;11.7;13388;111;8;0;256
2022:08:21:05:49:00,546;3;136;119.3;131.0;132.1;0.55;54;54;15.2;14.8;11.7;13388;111;8;0;256
2022:08:21:05:50:01,015;5;211;183.7;131.5;132.9;1.16;252;257;15.0;15.3;11.7;13388;111;0;0;256
2022:08:21:05:51:01,003;4;143;122.7;131.5;132.1;0.69;130;129;15.3;15.1;11.7;13388;111;0;0;256
2022:08:21:05:52:01,072;5;178;152.6;131.0;132.3;1.21;266;266;15.2;15.2;11.7;13388;111;0;0;256
2022:08:21:05:53:01,520;3;112;97.7;130.8;131.3;0.55;37;39;15.3;15.4;11.6;13388;111;0;0;256
2022:08:21:05:54:00,049;3;88;76.8;131.0;131.9;0.56;10;5;15.2;15.2;11.6;13388;111;0;0;256
2022:08:21:05:55:00,078;3;133;116.0;130.8;131.5;0.55;47;49;15.1;15.0;11.6;13388;111;8;0;256
2022:08:21:05:56:00,146;3;118;104.1;131.0;131.9;0.55;26;27;15.1;15.0;11.5;13388;111;8;0;256
2022:08:21:05:57:00,909;3;115;101.9;131.0;131.9;0.55;21;23;15.0;15.2;11.5;13388;111;8;0;256
2022:08:21:05:58:00,955;3;90;79.2;130.8;131.7;0.56;2;3;15.0;14.6;11.5;13388;111;8;0;256
2022:08:21:05:59:01,022;5;220;191.2;131.5;132.9;1.21;265;274;14.8;15.1;11.5;13388;111;0;0;256
2022:08:21:06:00:01,068;4;158;133.8;130.8;132.1;0.96;202;196;15.1;15.0;11.5;13388;111;0;0;256
2022:08:21:06:01:01,356;5;171;147.3;130.8;132.3;1.18;256;255;15.1;15.1;11.5;13388;111;0;0;256
2022:08:21:06:02:01,392;4;134;116.0;131.0;131.1;0.62;106;113;15.1;15.2;11.4;13388;111;0;0;256
2022:08:21:06:03:01,487;4;150;128.8;130.8;132.1;0.82;167;170;15.1;14.9;11.4;13388;111;0;0;256
2022:08:21:06:04:00,041;5;179;151.8;131.0;132.1;1.3;285;293;15.0;15.1;11.4;13388;111;0;0;256
2022:08:21:06:05:00,796;5;158;133.9;130.8;132.1;0.97;205;200;15.1;15.0;11.4;13388;111;0;0;256
2022:08:21:06:06:00,851;3;89;77.1;130.6;131.2;0.55;8;6;15.1;15.4;11.3;13388;111;0;0;256
2022:08:21:06:07:00,920;2;78;69.6;130.6;130.9;0.55;2;0;15.0;14.7;11.3;13388;111;8;0;256
2022:08:21:06:08:01,009;3;101;89.6;130.4;131.1;0.55;9;9;14.9;15.1;11.3;13388;111;8;0;256
2022:08:21:06:09:01,177;2;62;58.1;130.4;131.7;0.13;0;0;14.9;15.0;11.2;13388;111;1;0;0
2022:08:21:06:10:01,166;3;88;85.0;130.1;131.8;0.13;0;6;14.6;14.7;11.2;13388;111;1;0;0
2022:08:21:06:11:01,195;3;103;91.1;130.4;131.4;0.53;23;23;14.6;14.5;11.2;13388;111;0;0;256
2022:08:21:06:12:01,223;4;126;109.7;130.6;131.7;0.58;83;85;14.7;14.7;11.3;13388;111;0;0;256
2022:08:21:06:13:01,272;3;101;88.5;130.6;131.5;0.53;20;21;14.7;14.8;11.2;13388;111;0;0;256
2022:08:21:06:14:01,280;3;98;86.1;130.6;131.5;0.55;12;16;14.7;14.5;11.2;13388;111;0;0;256
2022:08:21:06:15:01,309;3;99;87.5;130.4;131.1;0.55;14;17;14.7;14.9;11.2;13388;111;0;0;256
2022:08:21:06:16:01,377;3;159;139.1;130.8;132.1;0.59;91;93;14.7;14.5;11.2;13388;111;8;0;256
2022:08:21:06:17:01,446;3;149;130.6;130.8;131.7;0.56;71;75;14.7;14.9;11.2;13388;111;8;0;256
2022:08:21:06:18:01,455;3;141;123.2;131.0;131.9;0.56;61;61;14.7;14.5;11.2;13388;111;8;0;256
2022:08:21:06:19:00,543;3;117;101.2;130.8;131.7;0.55;57;57;14.9;15.0;11.2;13388;111;0;0;256
2022:08:21:06:20:00,652;3;130;114.7;131.0;131.9;0.53;41;44;14.7;14.6;11.1;13388;111;8;0;256
2022:08:21:06:21:00,740;3;110;97.0;130.8;131.7;0.55;14;15;14.7;14.8;11.1;13388;111;8;0;256
2022:08:21:06:22:00,829;5;196;167.0;131.5;133.2;1.58;351;350;14.6;14.6;11.1;13388;111;0;0;256
2022:08:21:06:23:01,257;4;151;129.3;131.2;132.4;0.82;168;161;14.8;14.7;11.1;13388;111;0;0;256
2022:08:21:06:24:00,426;3;118;102.2;130.8;131.5;0.55;54;56;14.9;15.0;11.1;13388;111;0;0;256
2022:08:21:06:25:00,435;4;136;117.7;131.0;132.1;0.64;106;109;14.9;14.8;11.1;13388;111;0;0;256
2022:08:21:06:26:00,483;3;91;80.7;130.8;131.5;0.55;6;7;14.8;14.9;11.1;13388;111;0;0;256
2022:08:21:06:27:00,492;4;177;155.5;131.0;132.1;0.69;130;131;14.7;14.6;11.1;13388;111;8;0;256
2022:08:21:06:28:00,940;5;212;183.1;131.0;132.9;1.35;297;300;14.6;14.9;11.1;13388;111;0;0;256
2022:08:21:06:29:01,029;3;117;82.6;131.0;131.9;0.56;7;42;14.8;14.6;11.1;13388;111;0;0;256
2022:08:21:06:30:00,196;3;113;98.7;130.8;131.7;0.55;29;31;14.7;14.8;11.1;13388;111;0;0;256
2022:08:21:06:31:00,386;4;133;114.9;131.0;131.9;0.58;83;81;14.7;14.5;11.2;13388;111;0;0;256
2022:08:21:06:32:00,435;3;131;115.2;131.0;132.1;0.57;77;78;14.8;15.0;11.2;13388;111;0;0;256
2022:08:21:06:33:00,483;4;154;133.0;131.0;132.6;0.71;135;135;14.7;14.6;11.2;13388;111;0;0;256
2022:08:21:06:34:00,512;3;133;115.5;131.0;131.9;0.58;83;81;14.8;14.9;11.2;13388;111;0;0;256
2022:08:21:06:35:00,580;2;63;54.1;130.8;131.7;0.55;1;0;14.8;14.6;11.2;13388;111;8;0;256
2022:08:21:06:36:00,569;3;105;85.8;131.0;131.9;0.55;12;12;14.7;14.8;11.3;13388;111;8;0;256
2022:08:21:06:37:00,577;3;104;91.2;131.2;131.9;0.55;22;24;14.6;14.6;11.4;13388;111;0;0;256
2022:08:21:06:38:00,626;5;160;137.5;131.2;132.7;0.98;208;209;14.7;14.8;11.5;13388;111;0;0;256
2022:08:21:06:39:01,374;3;107;92.6;131.2;131.9;0.53;30;31;14.8;15.0;11.5;13388;111;0;0;256
2022:08:21:06:40:01,443;4;126;109.1;131.0;132.3;0.6;88;88;14.8;14.6;11.7;13388;111;0;0;256
2022:08:21:06:41:01,432;3;111;97.3;131.2;132.4;0.53;34;38;14.8;15.1;11.7;13388;111;0;0;256
2022:08:21:06:42:01,480;4;131;112.8;131.5;132.1;0.61;96;103;14.8;14.6;11.8;13388;111;0;0;256
2022:08:21:06:43:01,490;4;126;109.7;131.0;132.6;0.58;82;85;14.9;15.2;11.9;13388;111;0;0;256
2022:08:21:06:44:00,016;3;118;103.0;131.0;132.3;0.56;57;59;15.0;14.8;12.0;13388;111;0;0;256
2022:08:21:06:45:00,105;3;122;106.3;131.0;132.1;0.56;67;69;15.0;15.2;12.1;13388;111;0;0;256
2022:08:21:06:46:00,134;3;126;109.7;131.2;132.1;0.57;78;85;15.0;14.7;12.2;13388;111;0;0;256
2022:08:21:06:47:00,983;5;175;149.1;131.5;132.9;1.25;274;274;15.1;15.2;12.3;13388;111;0;0;256
2022:08:21:06:48:01,172;6;222;187.6;131.9;134.4;2.5;560;567;15.1;15.4;12.4;13388;111;0;0;256
2022:08:21:06:49:00,179;3;113;98.4;131.0;131.9;0.53;43;44;15.4;15.3;12.4;13388;111;0;0;256
2022:08:21:06:50:00,949;4;157;133.8;131.2;132.7;0.93;194;195;15.4;15.6;12.6;13388;111;0;0;256
2022:08:21:06:51:00,917;4;154;131.3;131.2;132.4;0.88;184;184;15.4;15.2;12.7;13388;111;0;0;256
2022:08:21:06:52:01,166;4;163;139.5;131.2;132.7;1.01;216;220;15.5;15.7;12.8;13388;111;0;0;256
2022:08:21:06:53:01,314;3;105;91.7;131.2;132.4;0.55;23;27;15.5;15.6;12.8;13388;111;0;0;256
2022:08:21:06:54:01,363;5;176;151.9;131.5;132.9;1.24;271;275;15.4;15.4;13.0;13388;111;0;0;256
2022:08:21:06:55:00,011;3;116;100.3;131.2;132.1;0.56;50;51;15.6;15.7;13.1;13388;111;0;0;256
2022:08:21:06:56:00,159;3;123;106.4;130.8;131.5;0.57;68;71;15.6;15.5;13.1;13388;111;0;0;256
2022:08:21:06:57:00,188;4;116;100.6;131.2;132.1;0.56;58;56;15.6;15.8;13.2;13388;111;0;0;256
2022:08:21:06:58:00,236;3;86;79.9;131.0;131.9;0.56;1;5;15.6;15.3;13.3;13388;111;0;0;256
2022:08:21:06:59:00,245;3;93;84.4;131.0;131.5;0.55;2;4;15.6;15.7;13.4;13388;111;8;0;256
2022:08:21:07:00:00,293;3;155;136.1;131.0;132.1;0.59;85;87;15.6;15.5;13.5;13388;111;8;0;256
2022:08:21:07:01:00,342;3;97;86.1;131.0;132.1;0.56;3;6;15.6;15.6;13.6;13388;111;8;0;256
2022:08:21:07:02:00,371;4;139;120.1;130.8;132.8;0.69;128;128;15.6;15.7;13.8;13388;111;0;0;256
2022:08:21:07:03:00,599;3;96;84.4;131.0;131.5;0.57;4;6;15.6;15.5;13.9;13388;111;8;0;256
2022:08:21:07:04:00,708;3;131;113.4;131.0;131.9;0.55;44;45;15.7;15.8;14.0;13388;111;8;0;256
2022:08:21:07:05:00,696;4;146;126.0;131.2;132.1;0.68;122;122;15.9;16.0;14.1;13388;111;0;0;256
2022:08:21:07:06:00,745;3;106;93.3;131.0;131.9;0.55;22;24;15.9;15.7;14.2;13388;111;0;0;256
2022:08:21:07:07:00,733;3;133;116.0;131.0;131.9;0.59;85;86;16.0;16.0;14.4;13388;111;0;0;256
2022:08:21:07:08:00,803;4;157;136.1;131.2;133.2;0.93;195;197;16.1;16.3;14.4;13388;111;0;0;256
2022:08:21:07:09:00,751;3;116;100.7;130.8;131.7;0.56;50;52;16.2;16.0;14.5;13388;111;0;0;256
2022:08:21:07:10:00,779;3;101;90.1;130.8;131.7;0.53;20;19;16.2;16.3;14.6;13388;111;0;0;256
2022:08:21:07:11:00,849;4;128;111.5;130.8;131.7;0.58;86;89;16.3;16.4;14.7;13388;111;0;0;256
2022:08:21:07:12:00,877;3;106;93.0;130.8;131.7;0.53;29;30;16.3;16.1;14.8;13388;111;0;0;256
2022:08:21:07:13:00,946;5;183;155.1;131.0;132.6;1.42;311;315;16.3;16.5;14.9;13388;111;0;0;256
2022:08:21:07:14:00,473;4;148;126.3;131.0;132.3;0.79;157;160;16.8;17.0;15.0;13388;111;0;0;256
2022:08:21:07:15:03,463;6;190;162.2;131.2;133.2;1.58;351;345;16.8;17.2;15.0;13388;111;0;0;256
2022:08:21:07:16:00,471;5;157;134.6;131.0;132.3;0.91;190;193;16.9;16.9;15.1;13388;111;0;0;256
2022:08:21:07:17:00,479;5;159;138.6;131.0;132.6;0.97;206;207;16.8;17.2;15.1;13388;111;0;0;256
2022:08:21:07:18:01,209;5;159;134.3;131.0;132.6;0.96;203;202;16.8;17.0;15.2;13388;111;0;0;256
2022:08:21:07:19:01,277;3;116;100.4;130.8;131.5;0.55;55;56;16.8;16.6;15.3;13388;111;0;0;256
2022:08:21:07:20:01,426;3;113;97.8;131.0;131.5;0.55;44;44;16.8;16.9;15.3;13388;111;0;0;256
2022:08:21:07:21:01,514;3;110;95.5;130.6;131.5;0.55;36;35;16.8;17.0;15.4;13388;111;0;0;256
2022:08:21:07:22:00,082;3;138;121.0;130.4;131.1;0.56;54;56;16.7;16.7;15.6;13388;111;8;0;256
2022:08:21:07:23:00,111;5;218;185.2;131.0;133.1;1.94;432;435;16.8;17.1;15.7;13388;111;0;0;256
2022:08:21:07:24:00,199;4;165;140.5;131.2;132.7;1.04;222;226;17.1;17.3;15.8;13388;111;0;0;256
2022:08:21:07:25:00,208;4;129;112.7;130.6;131.7;0.59;91;93;17.1;17.0;15.9;13388;111;0;0;256
2022:08:21:07:26:00,276;4;152;131.0;131.0;132.1;0.84;171;174;17.1;17.0;16.0;13388;111;0;0;256
2022:08:21:07:27:00,365;3;105;91.1;130.6;131.5;0.53;24;26;17.2;17.3;16.0;13388;111;0;0;256
2022:08:21:07:28:00,433;2;79;70.9;130.4;131.4;0.56;0;1;17.2;17.4;16.2;13388;111;8;0;256
2022:08:21:07:29:00,442;3;87;76.4;130.4;131.7;0.56;4;2;17.3;17.2;16.3;13388;111;8;0;256
2022:08:21:07:30:00,611;4;163;140.8;130.8;132.3;0.8;160;161;17.4;17.3;16.3;13388;111;0;0;256
2022:08:21:07:31:00,619;4;151;131.2;130.8;131.7;0.68;125;125;17.5;17.5;16.4;13388;111;0;0;256
2022:08:21:07:32:00,628;3;119;103.7;130.6;131.5;0.55;45;47;17.6;17.8;16.4;13388;111;0;0;256
2022:08:21:07:33:01,397;3;95;84.5;130.4;131.7;0.53;0;5;17.5;17.8;16.6;13388;111;8;0;256
2022:08:21:07:34:01,446;6;214;182.2;131.0;132.6;2.06;459;466;17.5;17.7;16.8;13388;111;0;0;256
2022:08:21:07:35:01,093;4;152;130.7;130.6;131.7;0.86;176;177;18.0;17.8;16.8;13388;111;0;0;256
2022:08:21:07:36:02,163;4;152;129.9;130.6;131.9;0.84;171;170;18.0;17.8;16.9;13388;111;0;0;256
2022:08:21:07:37:00,650;4;119;103.6;130.4;131.4;0.55;60;61;18.0;18.2;17.0;13388;111;0;0;256
2022:08:21:07:38:00,659;3;115;99.7;130.4;131.1;0.55;51;50;18.0;18.2;17.0;13388;111;0;0;256
2022:08:21:07:39:01,369;5;160;136.0;130.6;132.3;0.98;206;208;17.9;18.1;17.1;13388;111;0;0;256
2022:08:21:07:40:01,417;4;154;132.3;130.6;132.3;0.87;178;180;18.1;18.0;17.2;13388;111;0;0;256
2022:08:21:07:41:00,625;5;165;140.4;130.6;131.7;1.04;221;223;18.1;18.2;17.3;13388;111;0;0;256
2022:08:21:07:42:00,713;4;138;118.0;130.8;131.7;0.67;119;119;18.2;18.5;17.3;13388;111;0;0;256
2022:08:21:07:43:00,782;3;99;87.4;130.1;131.2;0.53;15;17;18.2;18.4;17.3;13388;111;0;0;256
2022:08:21:07:44:00,870;2;73;65.8;129.9;130.6;0.55;0;0;18.2;18.2;17.5;13388;111;8;0;256
2022:08:21:07:45:00,879;4;177;154.9;130.6;131.2;0.67;122;125;18.2;18.1;17.6;13388;111;8;0;256
2022:08:21:07:46:00,868;4;194;169.3;130.6;131.9;0.87;181;182;18.3;18.3;17.7;13388;111;0;0;256
2022:08:21:07:47:00,856;3;125;110.0;130.4;130.9;0.55;36;38;18.4;18.5;17.7;13388;111;0;0;256
2022:08:21:07:48:00,985;6;209;176.5;130.8;133.1;2.1;466;468;18.5;18.7;17.8;13388;111;0;0;256
2022:08:21:07:49:01,073;4;130;111.7;130.4;131.1;0.6;95;95;18.9;19.1;17.8;13388;111;0;0;256
2022:08:21:07:50:01,082;3;117;101.6;130.4;131.1;0.53;52;55;18.8;19.1;17.9;13388;111;0;0;256
2022:08:21:07:51:00,590;3;100;85.9;130.1;131.4;0.52;6;16;18.8;18.9;18.0;13388;111;0;0;256
2022:08:21:07:52:00,659;4;178;156.4;130.4;131.4;0.69;127;127;18.6;18.6;18.1;13388;111;8;0;256
2022:08:21:07:53:00,728;5;169;145.5;130.6;131.7;1.05;224;220;18.9;18.8;18.1;13388;111;0;0;256
2022:08:21:07:54:00,276;6;214;179.4;131.0;133.1;2.28;509;509;19.2;19.3;18.1;13388;111;0;0;256
2022:08:21:07:55:00,325;3;111;95.7;130.4;131.1;0.55;40;37;19.6;19.5;18.1;13388;111;0;0;256
2022:08:21:07:56:00,433;7;231;193.7;131.0;133.1;2.9;647;642;19.2;19.5;18.1;13388;111;0;0;256
2022:08:21:07:57:24,825;4;125;108.8;130.1;131.8;0.58;80;79;19.6;19.7;18.2;13388;111;0;0;256
2022:08:21:07:58:00,850;5;178;150.2;130.4;131.9;1.29;282;280;19.4;19.8;18.2;13388;111;0;0;256
2022:08:21:07:59:00,899;5;192;163.6;130.6;132.3;1.63;357;361;19.5;20.0;18.2;13388;111;0;0;256
2022:08:21:08:00:00,988;4;152;129.2;130.4;131.4;0.85;173;173;19.5;19.9;18.2;13388;111;0;0;256
2022:08:21:08:01:00,496;4;131;115.0;130.1;131.4;0.61;98;103;19.5;19.8;18.2;13388;111;0;0;256
2022:08:21:08:02:00,565;4;145;123.9;130.4;131.7;0.76;150;148;19.4;19.5;18.3;13388;111;0;0;256
2022:08:21:08:03:00,113;4;131;113.2;130.1;131.2;0.61;102;100;19.4;19.4;18.3;13388;111;0;0;256
2022:08:21:08:04:00,162;3;99;87.1;130.1;131.2;0.55;15;16;19.4;19.4;18.4;13388;111;0;0;256
2022:08:21:08:05:00,250;6;199;167.5;130.6;131.9;1.81;398;400;19.7;19.8;18.4;13388;111;0;0;256
2022:08:21:08:06:01,039;6;194;165.0;130.6;132.5;1.67;369;367;19.9;19.9;18.5;13388;111;0;0;256
2022:08:21:08:07:01,068;5;155;132.0;130.4;131.1;0.88;181;180;19.9;20.0;18.5;13388;111;0;0;256
2022:08:21:08:08:01,116;4;154;130.6;130.1;131.2;0.87;179;180;19.8;19.9;18.6;13388;111;0;0;256
2022:08:21:08:09:01,165;2;79;71.5;129.7;130.6;0.56;0;1;19.8;19.9;18.6;13388;111;8;0;256
2022:08:21:08:10:01,233;3;116;100.8;129.9;130.9;0.55;32;34;19.8;20.0;18.7;13388;111;0;0;256
2022:08:21:08:11:01,322;6;205;173.9;130.4;132.5;1.85;409;417;19.8;20.1;18.8;13388;111;0;0;256
2022:08:21:08:12:01,430;6;229;190.9;130.8;133.1;2.74;612;617;20.5;20.9;18.8;13388;111;0;0;256
2022:08:21:08:13:01,499;4;121;105.0;130.1;131.2;0.56;69;67;20.7;20.9;18.8;13388;111;0;0;256
2022:08:21:08:14:00,688;3;97;87.2;129.7;130.3;0.55;11;14;20.4;20.8;18.8;13388;111;0;0;256
2022:08:21:08:15:00,696;5;204;171.9;130.4;132.1;1.75;386;384;20.2;20.6;19.0;13388;111;0;0;256
2022:08:21:08:16:00,745;4;141;120.7;129.9;130.9;0.7;131;132;20.5;20.8;19.0;13388;111;0;0;256
2022:08:21:08:17:00,793;3;107;91.6;129.7;130.8;0.55;24;30;20.4;20.7;19.1;13388;111;0;0;256
2022:08:21:08:18:00,823;3;111;96.4;129.7;130.3;0.53;35;37;20.3;20.6;19.2;13388;111;0;0;256
2022:08:21:08:19:00,830;2;77;66.6;129.5;130.0;0.56;0;0;20.4;20.6;19.3;13388;111;8;0;256
2022:08:21:08:20:00,899;3;143;123.2;129.5;130.8;0.57;81;80;20.4;20.7;19.4;13388;111;0;0;256
2022:08:21:08:21:00,987;2;82;72.1;129.5;130.3;0.58;14;1;20.5;20.7;19.6;13388;111;8;0;256
2022:08:21:08:22:01,036;7;264;218.9;130.8;133.6;4.01;896;908;20.7;21.1;19.7;13388;111;0;0;256
2022:08:21:08:23:01,045;4;143;123.2;129.7;130.8;0.74;143;141;21.6;21.8;19.6;13388;111;0;0;256
2022:08:21:08:24:01,133;5;165;139.3;129.7;131.1;1.05;222;223;21.5;21.8;19.5;13388;111;0;0;256
2022:08:21:08:25:00,022;6;217;181.9;129.9;132.2;2.32;513;520;21.1;21.5;19.5;13388;111;0;0;256
2022:08:21:08:26:01,310;5;161;137.3;129.7;131.4;0.98;207;207;21.2;21.6;19.5;13388;111;0;0;256
2022:08:21:08:27:01,379;4;124;107.2;129.7;130.8;0.57;76;75;21.1;21.5;19.4;13388;111;0;0;256
2022:08:21:08:28:01,467;4;133;115.1;129.7;130.8;0.61;102;105;20.9;21.3;19.2;13388;111;0;0;256
2022:08:21:08:29:01,516;4;151;128.1;129.7;131.4;0.81;164;168;20.8;21.2;19.1;13388;111;0;0;256
2022:08:21:08:30:00,365;4;134;114.9;129.5;130.8;0.62;106;105;20.7;21.0;19.0;13388;111;0;0;256
2022:08:21:08:31:01,093;4;130;111.4;129.7;130.6;0.6;94;95;20.7;21.1;18.9;13388;111;0;0;256
2022:08:21:08:32:01,102;4;132;113.8;129.5;131.0;0.61;104;105;20.7;21.1;19.0;13388;111;0;0;256
2022:08:21:08:33:01,110;5;183;154.1;129.7;131.1;1.39;304;303;20.8;21.3;19.2;13388;111;0;0;256
2022:08:21:08:34:01,199;3;98;86.6;129.2;130.2;0.55;15;16;21.0;21.4;19.2;13388;111;0;0;256
2022:08:21:08:35:01,247;2;80;70.2;129.0;130.4;0.57;12;2;21.0;21.3;19.5;13388;111;0;0;256
2022:08:21:08:36:01,296;4;173;150.9;129.5;130.3;0.67;118;117;21.0;21.5;19.7;13388;111;8;0;256
2022:08:21:08:37:01,365;3;135;116.2;129.5;130.3;0.56;65;64;21.3;21.6;19.6;13388;111;0;0;256
2022:08:21:08:38:01,393;2;60;55.6;130.1;131.4;0.1;0;0;21.3;21.5;19.4;13388;111;1;4096;0
2022:08:21:08:39:01,382;4;125;108.6;130.8;131.5;0.57;77;79;21.1;21.4;19.4;13388;111;0;0;256
2022:08:21:08:40:01,470;4;142;122.0;130.8;132.1;0.71;133;132;21.4;21.7;19.3;13388;111;0;0;256
2022:08:21:08:41:01,499;2;60;51.9;130.6;131.5;0.56;1;0;21.4;21.5;19.1;13388;111;8;0;256
2022:08:21:08:42:01,527;3;107;93.6;130.6;131.2;0.57;39;30;21.2;21.3;18.9;13388;111;0;0;256
2022:08:21:08:43:00,156;4;129;111.1;130.6;131.7;0.6;93;92;21.2;21.5;18.8;13388;111;0;0;256
2022:08:21:08:44:00,945;4;141;121.3;130.6;131.9;0.69;131;133;21.1;21.3;18.6;13388;111;0;0;256
2022:08:21:08:45:00,953;5;169;143.4;130.8;132.3;1.1;236;240;21.1;21.2;18.4;13388;111;0;0;256
2022:08:21:08:46:01,022;5;174;149.9;130.8;132.3;1.11;242;261;21.3;21.4;18.2;13388;111;0;0;256
2022:08:21:08:47:01,070;5;175;149.0;131.0;132.3;1.21;263;268;21.2;21.3;18.1;13388;111;0;0;256
2022:08:21:08:48:01,179;3;94;82.1;130.8;131.0;0.57;10;10;21.1;21.1;18.0;13388;111;0;0;256
2022:08:21:08:49:01,227;3;121;103.8;130.6;131.7;0.56;65;67;21.0;21.0;18.0;13388;111;0;0;256
2022:08:21:08:50:01,276;4;141;121.0;130.8;132.1;0.68;128;133;21.1;21.1;17.9;13388;111;0;0;256
2022:08:21:08:51:01,285;4;127;109.9;131.0;132.1;0.58;83;83;21.3;21.2;17.7;13388;111;0;0;256
2022:08:21:08:52:01,393;3;109;94.3;131.0;131.5;0.55;32;33;21.2;21.1;17.5;13388;111;0;0;256
2022:08:21:08:53:01,402;5;167;142.8;131.0;132.6;1.08;233;231;21.1;21.2;17.4;13388;111;0;0;256
2022:08:21:08:54:01,490;4;136;116.5;131.0;132.1;0.65;112;113;21.0;21.0;17.3;13388;111;0;0;256
2022:08:21:08:55:01,519;3;97;86.8;130.8;131.7;0.57;0;6;20.8;20.9;17.2;13388;111;8;0;256
2022:08:21:08:56:00,827;7;235;195.6;131.7;134.0;2.95;663;667;20.7;21.1;17.2;13388;111;0;0;256
2022:08:21:08:57:00,876;5;182;155.5;131.2;132.7;1.33;290;295;21.1;21.4;17.1;13388;111;0;0;256
2022:08:21:08:58:00,105;4;130;112.3;130.8;132.1;0.59;88;95;21.0;21.3;17.0;13388;111;0;0;256
2022:08:21:08:59:00,133;3;102;89.0;130.8;131.3;0.55;20;20;20.7;21.0;16.9;13388;111;0;0;256
2022:08:21:09:00:00,142;4;131;113.4;131.0;131.9;0.6;92;101;20.6;20.8;16.9;13388;111;0;0;256
2022:08:21:09:01:02,811;6;218;182.5;131.5;133.5;2.39;532;528;20.8;21.2;16.9;13388;111;0;0;256
2022:08:21:09:02:00,799;5;175;146.8;131.0;132.3;1.24;269;270;20.8;21.1;16.8;13388;111;0;0;256
2022:08:21:09:03:01,027;4;143;122.0;130.8;132.3;0.71;138;140;20.7;20.9;16.8;13388;111;0;0;256
2022:08:21:09:04:00,216;5;176;149.0;131.0;132.1;1.29;282;273;20.7;20.8;16.7;13388;111;0;0;256
2022:08:21:09:05:00,965;3;110;95.0;130.6;131.7;0.55;32;34;20.7;20.7;16.6;13388;111;0;0;256
2022:08:21:09:06:00,993;3;127;110.6;130.6;131.7;0.58;79;84;20.5;20.4;16.6;13388;111;0;0;256
2022:08:21:09:07:01,062;4;141;120.8;131.0;132.1;0.7;132;133;20.5;20.5;16.6;13388;111;0;0;256
2022:08:21:09:08:01,150;4;155;130.7;131.2;132.9;0.88;183;185;20.5;20.5;16.6;13388;111;0;0;256
2022:08:21:09:09:00,979;3;100;87.9;130.8;131.7;0.53;4;19;20.4;20.5;16.5;13388;111;0;0;256
2022:08:21:09:10:01,027;4;149;126.9;131.2;132.7;0.78;156;163;20.4;20.7;16.5;13388;111;0;0;256
2022:08:21:09:11:01,116;5;160;133.6;131.2;132.4;1.01;213;202;20.5;20.9;16.4;13388;111;0;0;256
2022:08:21:09:12:01,124;4;141;120.8;130.8;132.1;0.69;131;133;20.5;20.9;16.4;13388;111;0;0;256
2022:08:21:09:13:01,173;4;153;129.1;131.5;132.7;0.87;179;179;20.4;20.8;16.3;13388;111;0;0;256
2022:08:21:09:14:01,262;4;156;133.1;131.0;132.1;0.89;187;189;20.3;20.5;16.3;13388;111;0;0;256
2022:08:21:09:15:01,350;3;112;96.7;130.6;131.5;0.55;36;37;20.3;20.4;16.3;13388;111;0;0;256
2022:08:21:09:16:01,339;2;70;65.5;130.8;131.7;0.12;0;0;20.3;20.4;16.3;13388;111;1;0;0
2022:08:21:09:17:00,547;4;126;107.9;131.0;132.3;0.58;86;80;20.2;20.1;16.3;13388;111;0;0;256
2022:08:21:09:18:00,576;3;138;120.8;131.0;131.5;0.56;52;56;20.1;20.1;16.3;13388;111;8;0;256
2022:08:21:09:19:00,584;3;121;106.2;131.0;131.3;0.52;17;30;20.1;20.2;16.3;13388;111;8;0;256
2022:08:21:09:20:00,633;4;199;173.6;131.2;132.4;0.87;181;183;20.1;20.2;16.3;13388;111;8;0;256
2022:08:21:09:21:00,742;4;141;120.5;131.0;132.3;0.66;115;115;20.3;20.4;16.3;13388;111;0;0;256
2022:08:21:09:22:00,990;3;117;100.6;130.8;131.3;0.55;48;49;20.2;20.4;16.3;13388;111;0;0;256
2022:08:21:09:23:01,039;3;100;86.5;130.8;131.5;0.57;12;15;20.2;20.4;16.3;13388;111;0;0;256
2022:08:21:09:24:00,527;6;201;168.8;131.5;133.2;1.78;395;400;20.1;20.4;16.3;13388;111;0;0;256
2022:08:21:09:25:00,076;3;116;99.8;130.8;131.7;0.55;52;52;20.3;20.3;16.3;13388;111;0;0;256
2022:08:21:09:26:00,544;4;132;113.1;130.8;131.7;0.6;98;103;20.2;20.2;16.2;13388;111;0;0;256
2022:08:21:09:27:00,353;4;157;135.2;130.8;132.1;0.91;193;192;20.4;20.4;16.2;13388;111;0;0;256
2022:08:21:09:28:00,362;5;158;133.8;130.8;132.3;0.91;194;196;20.5;20.4;16.2;13388;111;0;0;256
2022:08:21:09:29:00,410;4;155;132.4;130.6;131.9;0.87;178;181;20.4;20.4;16.2;13388;111;0;0;256
2022:08:21:09:30:00,519;4;146;124.3;130.6;132.3;0.76;149;153;20.4;20.5;16.1;13388;111;0;0;256
2022:08:21:09:31:00,667;6;210;175.6;131.0;132.6;2.13;473;478;20.2;20.5;16.1;13388;111;0;0;256
2022:08:21:09:32:00,476;4;139;118.9;130.6;131.7;0.67;124;126;20.4;20.7;16.0;13388;111;0;0;256
2022:08:21:09:33:01,024;5;170;144.4;130.8;132.3;1.09;235;245;20.2;20.6;16.1;13388;111;0;0;256
2022:08:21:09:34:00,813;3;114;99.5;130.6;131.5;0.55;42;47;20.2;20.5;16.0;13388;111;0;0;256
2022:08:21:09:35:00,042;4;152;127.7;130.8;132.1;0.86;177;176;20.1;20.1;16.0;13388;111;0;0;256
2022:08:21:09:36:00,170;5;181;154.7;130.8;132.1;1.27;277;292;20.0;19.9;16.1;13388;111;0;0;256
2022:08:21:09:37:01,119;4;147;126.4;130.8;132.1;0.78;156;159;20.1;20.1;16.0;13388;111;0;0;256
2022:08:21:09:38:01,147;4;129;112.1;130.6;131.5;0.6;96;96;20.1;20.0;16.1;13388;111;0;0;256
2022:08:21:09:39:00,256;5;183;154.5;131.0;132.3;1.36;298;308;20.0;20.3;16.1;13388;111;0;0;256
2022:08:21:09:40:00,344;6;230;191.6;131.5;133.7;2.81;629;626;20.0;20.5;16.1;13388;111;0;0;256
2022:08:21:09:41:00,393;5;187;158.1;130.8;132.5;1.48;326;328;20.4;20.9;16.1;13388;111;0;0;256
2022:08:21:09:42:00,462;4;136;116.0;130.6;131.7;0.65;114;116;20.6;21.0;16.1;13388;111;0;0;256
2022:08:21:09:43:01,230;4;144;123.4;130.6;131.7;0.71;137;140;20.4;20.7;16.1;13388;111;0;0;256
2022:08:21:09:44:01,279;6;196;165.8;130.8;132.5;1.65;364;382;20.3;20.7;16.1;13388;111;0;0;256
2022:08:21:09:45:00,567;6;203;169.7;131.0;132.6;1.92;424;430;20.4;20.5;16.1;13388;111;0;0;256
2022:08:21:09:46:00,816;4;156;130.6;130.6;131.5;0.9;187;189;20.4;20.4;16.2;13388;111;0;0;256
2022:08:21:09:47:00,884;5;180;151.5;130.8;132.3;1.32;289;292;20.2;20.3;16.2;13388;111;0;0;256
2022:08:21:09:48:00,713;4;156;134.1;130.8;132.1;0.89;186;186;20.4;20.5;16.2;13388;111;0;0;256
2022:08:21:09:49:00,482;3;105;91.6;130.1;131.2;0.55;27;26;20.3;20.6;16.2;13388;111;0;0;256
2022:08:21:09:50:00,650;4;146;124.3;130.6;131.5;0.79;156;156;20.2;20.6;16.2;13388;111;0;0;256
2022:08:21:09:51:00,699;5;191;163.7;130.8;132.3;1.5;330;337;20.3;20.8;16.2;13388;111;0;0;256
2022:08:21:09:52:00,827;4;125;108.3;130.1;131.2;0.58;83;84;20.4;20.7;16.2;13388;111;0;0;256
2022:08:21:09:53:01,276;5;181;152.2;130.6;132.5;1.36;298;297;20.3;20.6;16.2;13388;111;0;0;256
2022:08:21:09:54:01,284;4;158;132.7;130.1;131.4;0.93;193;196;20.4;20.7;16.3;13388;111;0;0;256
2022:08:21:09:55:01,413;5;166;141.4;130.4;131.9;1.09;234;230;20.3;20.5;16.3;13388;111;0;0;256
2022:08:21:09:56:00,942;4;138;119.0;130.4;131.1;0.66;119;123;20.4;20.4;16.3;13388;111;0;0;256
2022:08:21:09:57:01,010;4;123;106.1;130.4;131.1;0.57;73;73;20.4;20.3;16.3;13388;111;0;0;256
2022:08:21:09:58:01,019;4;121;103.1;130.1;131.0;0.57;71;68;20.3;20.3;16.3;13388;111;0;0;256
2022:08:21:09:59:01,127;5;183;156.5;130.8;132.3;1.45;318;308;20.2;20.4;16.3;13388;111;0;0;256
2022:08:21:10:00:01,176;6;201;169.1;130.8;132.3;1.87;416;416;20.4;20.7;16.4;13388;111;0;0;256
2022:08:21:10:01:00,064;4;126;107.9;130.1;131.4;0.58;83;84;20.4;20.8;16.4;13388;111;0;0;256
2022:08:21:10:02:00,813;7;263;218.2;131.2;134.0;4.05;908;914;20.3;20.9;16.4;13388;111;0;0;256
2022:08:21:10:03:00,882;7;248;206.2;131.0;133.4;3.5;782;779;20.6;21.1;16.5;13388;111;0;0;256
2022:08:21:10:04:01,030;7;250;207.7;131.0;133.6;3.57;798;800;20.8;21.4;16.5;13388;111;0;0;256
2022:08:21:10:05:01,079;4;151;130.1;130.4;131.7;0.81;166;169;21.1;21.4;16.5;13388;111;0;0;256
2022:08:21:10:06:01,127;4;128;110.1;130.1;131.4;0.59;92;89;21.0;21.3;16.6;13388;111;0;0;256
2022:08:21:10:07:01,156;5;171;144.8;130.1;131.4;1.17;250;251;20.8;20.9;16.6;13388;111;0;0;256
2022:08:21:10:08:01,104;4;146;124.7;130.6;131.5;0.77;151;153;20.7;20.8;16.7;13388;111;0;0;256
2022:08:21:10:09:01,133;5;192;161.1;130.6;131.9;1.64;361;355;20.8;20.8;16.8;13388;111;0;0;256
2022:08:21:10:10:01,201;3;119;102.8;130.1;131.0;0.55;56;62;20.8;20.8;16.9;13388;111;0;0;256
2022:08:21:10:11:01,270;5;171;143.8;130.4;131.4;1.2;259;252;20.6;20.8;16.9;13388;111;0;0;256
2022:08:21:10:12:01,299;3;107;93.4;129.9;130.6;0.53;27;30;20.7;20.9;17.0;13388;111;0;0;256
2022:08:21:10:13:01,427;2;76;68.5;129.7;130.6;0.56;5;0;20.7;20.9;17.1;13388;111;8;0;256
2022:08:21:10:14:01,456;6;196;164.2;130.4;132.1;1.75;385;380;20.9;21.3;17.2;13388;111;0;0;256
2022:08:21:10:15:01,504;6;194;164.1;130.4;132.1;1.74;384;367;21.0;21.4;17.2;13388;111;0;0;256
2022:08:21:10:16:01,433;5;192;162.6;130.4;132.1;1.56;344;354;21.1;21.5;17.3;13388;111;0;0;256
2022:08:21:10:17:01,481;4;157;136.0;129.9;131.4;0.9;187;194;21.2;21.6;17.3;13388;111;0;0;256
2022:08:21:10:18:00,010;4;151;127.0;130.4;131.1;0.81;165;165;21.3;21.6;17.4;13388;111;0;0;256
2022:08:21:10:19:01,059;4;147;126.4;130.1;131.8;0.76;151;155;21.1;21.6;17.5;13388;111;0;0;256
2022:08:21:10:20:00,927;4;155;132.3;130.1;131.4;0.9;187;187;21.1;21.6;17.5;13388;111;0;0;256
2022:08:21:10:21:00,676;3;117;100.6;130.1;131.0;0.55;54;55;21.1;21.4;17.6;13388;111;0;0;256
2022:08:21:10:22:00,704;4;120;103.7;129.7;130.8;0.55;65;64;21.1;21.4;17.7;13388;111;0;0;256
2022:08:21:10:23:00,773;2;82;74.3;129.5;130.5;0.55;4;1;21.1;21.4;17.8;13388;111;8;0;256
2022:08:21:10:24:00,821;3;143;124.4;130.1;131.0;0.55;59;63;21.2;21.4;18.0;13388;111;8;0;256
2022:08:21:10:25:00,890;3;103;89.8;129.5;130.5;0.56;7;9;21.3;21.5;18.1;13388;111;8;0;256
2022:08:21:10:26:21,261;3;118;104.1;129.7;130.1;0.52;12;26;21.4;21.7;18.2;13388;111;8;0;256
2022:08:21:10:27:01,307;4;161;140.4;129.9;130.9;0.59;91;94;21.4;21.8;18.3;13388;111;8;0;256
2022:08:21:10:28:01,336;3;109;95.6;129.7;130.6;0.55;20;21;21.6;22.0;18.4;13388;111;0;0;256
2022:08:21:10:29:01,324;3;121;105.2;129.9;131.2;0.55;41;41;21.6;22.0;18.5;13388;111;0;0;256
2022:08:21:10:30:01,373;2;74;69.2;129.7;131.1;0.1;0;0;21.7;22.0;18.6;13388;111;1;4096;0
2022:08:21:10:31:01,421;3;105;91.0;130.1;131.0;0.53;24;24;21.6;22.0;18.7;13388;111;0;0;256
2022:08:21:10:32:00,950;3;101;87.5;130.1;131.2;0.55;20;19;21.8;22.1;18.9;13388;111;0;0;256
2022:08:21:10:33:01,079;3;102;88.6;129.9;130.6;0.55;4;9;21.9;22.4;19.0;13388;111;8;0;256
2022:08:21:10:34:01,107;3;96;85.9;130.1;130.2;0.56;4;5;22.0;22.4;19.2;13388;111;8;0;256
2022:08:21:10:35:01,236;5;214;185.8;130.1;132.0;1.16;250;253;22.1;22.5;19.3;13388;111;0;0;256
2022:08:21:10:36:01,304;4;193;165.6;130.1;131.8;0.98;206;206;22.3;22.6;19.4;13388;111;0;0;256
2022:08:21:10:37:01,413;3;94;83.4;129.7;130.6;0.56;4;6;22.5;22.5;19.6;13388;111;0;0;256
2022:08:21:10:38:01,461;3;140;120.6;129.9;130.9;0.58;83;83;22.6;22.7;20.0;13388;111;0;0;256
2022:08:21:10:39:01,490;5;195;167.4;130.1;131.4;1.13;242;240;22.7;23.1;20.3;13388;111;0;0;256
2022:08:21:10:40:00,739;4;168;143.4;129.9;131.4;0.88;181;177;23.1;23.5;20.7;13388;111;0;0;256
2022:08:21:10:41:00,607;5;204;173.1;130.4;132.1;1.68;370;367;23.2;23.9;21.1;13388;111;0;0;256
2022:08:21:10:42:00,636;4;158;134.4;130.1;131.4;0.97;203;196;23.7;24.4;21.4;13388;111;0;0;256
2022:08:21:10:43:00,684;4;133;114.1;129.9;131.2;0.6;99;105;23.8;24.3;21.7;13388;111;0;0;256
2022:08:21:10:44:00,713;5;182;154.4;130.1;131.8;1.33;289;291;24.0;24.4;22.0;13388;111;0;0;256
2022:08:21:10:45:00,821;4;140;120.6;129.9;130.6;0.72;135;127;24.2;24.7;22.0;13388;111;0;0;256
2022:08:21:10:46:00,870;6;227;188.6;130.4;132.7;2.63;584;590;24.3;25.0;22.0;13388;111;0;0;256
2022:08:21:10:47:00,959;3;112;96.7;129.5;130.5;0.55;42;40;24.6;25.0;22.1;13388;111;0;0;256
2022:08:21:10:48:01,007;6;194;164.1;130.1;132.0;1.65;361;362;24.6;24.9;22.2;13388;111;0;0;256
2022:08:21:10:49:01,116;7;236;195.4;130.6;132.5;2.93;652;659;24.6;25.3;22.2;13388;111;0;0;256
2022:08:21:10:50:01,104;5;163;136.1;129.9;131.4;0.97;205;213;25.5;26.1;22.3;13388;111;0;0;256
2022:08:21:10:51:01,193;5;189;158.5;130.1;132.0;1.49;327;331;25.1;25.4;22.3;13388;111;0;0;256
2022:08:21:10:52:01,201;5;171;143.8;130.1;131.4;1.16;248;251;24.9;25.3;22.3;13388;111;0;0;256
2022:08:21:10:53:01,270;4;127;109.1;129.7;130.6;0.59;88;87;24.9;25.5;22.3;13388;111;0;0;256
2022:08:21:10:54:01,298;3;109;94.1;129.5;130.3;0.53;30;33;24.7;25.3;22.2;13388;111;0;0;256
2022:08:21:10:55:01,467;3;119;101.7;129.7;130.6;0.5;44;57;24.7;24.9;22.1;13388;111;0;0;256
2022:08:21:10:56:01,476;3;105;91.4;129.7;130.1;0.55;11;12;24.6;25.0;22.1;13388;111;8;0;256
2022:08:21:10:57:01,504;5;173;145.1;129.9;131.4;1.17;252;256;24.7;25.4;22.1;13388;111;0;0;256
2022:08:21:10:58:00,233;3;109;94.4;129.5;130.3;0.53;33;33;24.8;25.3;22.2;13388;111;0;0;256
2022:08:21:10:59:01,361;6;200;167.3;130.4;131.9;1.87;412;408;24.7;25.0;22.3;13388;111;0;0;256
2022:08:21:11:00:01,430;5;191;161.3;129.9;131.4;1.54;336;344;24.9;25.5;22.2;13388;111;0;0;256
2022:08:21:11:01:01,458;6;204;170.7;130.4;131.9;1.94;428;428;25.2;25.6;22.2;13388;111;0;0;256
2022:08:21:11:02:01,527;2;70;60.9;129.5;130.5;0.56;0;0;25.2;25.2;22.0;13388;111;8;0;256
2022:08:21:11:03:00,016;3;121;105.9;129.5;130.0;0.55;28;30;24.9;25.1;22.1;13388;111;8;0;256
2022:08:21:11:04:00,204;3;146;126.8;129.7;130.6;0.56;68;68;24.9;25.3;22.3;13388;111;8;0;256
2022:08:21:11:05:00,353;5;188;158.8;131.2;132.9;1.47;325;323;25.2;25.5;22.4;13388;111;0;0;256
2022:08:21:11:06:00,201;4;146;124.0;130.8;132.1;0.8;159;150;25.4;25.5;22.5;13388;111;0;0;256
2022:08:21:11:07:00,210;4;139;117.8;130.6;131.9;0.67;121;124;25.3;25.9;22.7;13388;111;0;0;256
2022:08:21:11:08:00,279;4;125;107.3;130.8;131.5;0.58;76;78;25.3;25.6;22.8;13388;111;0;0;256
2022:08:21:11:09:00,327;3;150;131.3;131.0;131.5;0.57;71;74;25.2;25.5;22.9;13388;111;8;0;256
2022:08:21:11:10:00,336;3;108;94.2;130.6;131.2;0.51;12;27;25.5;26.0;22.9;13388;111;0;0;256
2022:08:21:11:11:00,364;4;143;121.4;131.0;132.1;0.66;117;115;25.5;25.8;23.0;13388;111;0;0;256
2022:08:21:11:12:00,433;5;185;156.4;131.2;132.7;1.21;266;264;25.5;25.8;23.0;13388;111;0;0;256
2022:08:21:11:13:00,481;6;199;167.3;131.2;133.2;1.72;382;388;25.7;26.3;22.9;13388;111;0;0;256
2022:08:21:11:14:00,530;6;214;178.8;131.2;132.9;2.24;497;494;25.7;26.0;22.9;13388;111;0;0;256
2022:08:21:11:15:00,578;3;113;97.9;130.8;132.1;0.55;41;43;25.9;26.3;22.7;13388;111;0;0;256
2022:08:21:11:16:00,587;3;101;86.2;130.6;130.9;0.56;7;9;25.7;25.9;22.6;13388;111;8;0;256
2022:08:21:11:17:00,596;4;191;165.3;131.0;132.1;0.78;153;156;25.5;25.7;22.6;13388;111;8;0;256
2022:08:21:11:18:00,664;4;150;129.2;130.8;131.7;0.7;130;130;25.6;26.1;22.6;13388;111;0;0;256
2022:08:21:11:19:00,693;2;80;73.7;130.6;131.5;0.56;0;1;25.6;25.7;22.6;13388;111;8;0;256
2022:08:21:11:20:00,781;4;139;119.1;130.8;131.7;0.61;98;97;25.6;26.0;22.7;13388;111;0;0;256
2022:08:21:11:21:00,810;5;188;159.0;131.2;132.7;1.34;293;286;25.6;26.1;22.7;13388;111;0;0;256
2022:08:21:11:22:00,878;2;85;74.4;130.6;131.2;0.56;0;2;25.7;25.8;22.7;13388;111;8;0;256
2022:08:21:11:23:00,867;3;104;90.2;130.4;131.4;0.57;10;10;25.7;26.2;22.8;13388;111;8;0;256
2022:08:21:11:24:00,976;4;166;143.6;130.6;131.7;0.62;101;101;25.7;26.0;23.0;13388;111;8;0;256
2022:08:21:11:25:01,064;5;179;151.4;130.8;132.1;1.16;251;254;25.9;26.4;23.1;13388;111;0;0;256
2022:08:21:11:26:01,233;3;118;101.9;130.4;131.7;0.55;54;60;26.2;26.4;23.1;13388;111;0;0;256
2022:08:21:11:27:01,361;3;118;101.1;130.6;131.2;0.59;67;54;26.1;26.5;23.1;13388;111;0;0;256
2022:08:21:11:28:01,390;4;166;138.9;130.6;131.7;1.06;225;224;25.9;26.4;23.1;13388;111;0;0;256
2022:08:21:11:29:01,498;5;186;155.3;130.8;132.3;1.45;317;313;26.0;26.3;23.0;13388;111;0;0;256
2022:08:21:11:30:00,007;5;164;138.5;130.8;132.1;1.03;217;220;26.0;26.5;22.9;13388;111;0;0;256
2022:08:21:11:31:00,096;3;119;102.2;130.4;131.1;0.55;60;60;25.9;26.4;22.9;13388;111;0;0;256
2022:08:21:11:32:00,864;4;136;115.7;130.8;131.7;0.71;131;118;25.9;26.2;22.8;13388;111;0;0;256
2022:08:21:11:33:00,953;4;156;130.9;131.0;132.6;0.84;173;186;25.9;26.5;22.7;13388;111;0;0;256
2022:08:21:11:34:01,021;4;143;123.1;130.8;132.1;0.71;134;138;25.9;26.0;22.7;13388;111;0;0;256
2022:08:21:11:35:01,070;4;125;107.2;130.6;131.5;0.58;81;78;25.9;26.4;22.7;13388;111;0;0;256
2022:08:21:11:36:01,158;7;233;192.4;131.2;133.7;2.83;634;635;25.8;26.2;22.7;13388;111;0;0;256
2022:08:21:11:37:01,487;5;165;141.5;130.8;132.1;1.03;218;221;26.3;26.7;22.6;13388;111;0;0;256
2022:08:21:11:38:01,515;5;161;136.3;130.8;132.3;0.94;197;206;26.1;26.6;22.5;13388;111;0;0;256
2022:08:21:11:39:01,504;4;154;131.1;130.8;132.1;0.77;156;177;26.0;26.2;22.4;13388;111;0;0;256
2022:08:21:11:40:00,013;3;103;89.9;130.6;131.5;0.55;24;22;25.9;26.2;22.3;13388;111;0;0;256
2022:08:21:11:41:00,082;2;59;54.7;129.9;131.4;0.1;0;0;25.8;26.1;22.2;13388;111;1;4096;0
2022:08:21:11:42:00,030;2;67;61.8;130.1;131.8;0.1;0;0;25.5;25.9;22.2;13388;111;1;4096;0
2022:08:21:11:43:00,098;2;55;52.4;130.4;131.4;0.12;0;0;25.5;25.9;22.3;13388;111;1;0;0
2022:08:21:11:44:00,887;4;144;122.7;131.0;132.1;0.72;139;140;25.5;25.8;22.4;13388;111;0;0;256
2022:08:21:11:45:00,916;4;148;125.9;130.8;131.7;0.77;151;153;25.8;26.1;22.5;13388;111;0;0;256
2022:08:21:11:46:00,944;4;118;100.8;130.8;131.7;0.56;60;60;25.9;26.4;22.5;13388;111;0;0;256
2022:08:21:11:47:00,973;4;122;104.7;130.8;131.7;0.56;70;71;26.0;26.2;22.4;13388;111;0;0;256
2022:08:21:11:48:01,021;4;145;123.0;130.8;132.1;0.72;139;146;25.9;26.5;22.3;13388;111;0;0;256
2022:08:21:11:49:01,070;4;148;125.4;131.0;132.3;0.77;153;153;26.0;26.3;22.3;13388;111;0;0;256
2022:08:21:11:50:01,198;5;178;150.9;131.0;132.6;1.24;272;276;26.1;26.6;22.1;13388;111;0;0;256
2022:08:21:11:51:01,207;2;77;66.0;130.6;130.9;0.57;0;0;26.0;26.4;21.9;13388;111;8;0;256
2022:08:21:11:52:01,255;5;185;157.0;130.8;132.3;1.35;296;303;25.8;26.0;21.9;13388;111;0;0;256
2022:08:21:11:53:01,304;7;245;201.3;131.5;134.2;3.28;735;743;26.0;26.7;21.9;13388;111;0;0;256
2022:08:21:11:54:01,313;4;131;111.8;130.6;131.9;0.6;96;98;26.3;26.6;21.8;13388;111;0;0;256
2022:08:21:11:55:01,361;3;112;96.4;130.4;130.9;0.55;43;43;25.9;26.1;21.8;13388;111;0;0;256
2022:08:21:11:56:01,410;2;76;67.0;130.6;131.7;0.57;0;0;25.8;26.3;21.8;13388;111;8;0;256
2022:08:21:11:57:01,398;4;171;147.2;130.8;131.7;0.74;141;144;25.7;26.0;21.8;13388;111;0;0;256
2022:08:21:11:58:01,267;4;135;114.6;130.6;131.7;0.62;107;107;25.8;26.0;21.8;13388;111;0;0;256
2022:08:21:11:59:01,355;4;159;134.3;130.8;132.1;0.81;163;164;25.8;26.3;21.8;13388;111;0;0;256
2022:08:21:12:00:01,404;5;171;142.9;130.6;131.9;1.15;247;246;25.9;26.1;21.8;13388;111;0;0;256
2022:08:21:12:01:01,473;4;130;110.5;130.4;131.4;0.6;88;90;25.9;26.1;21.9;13388;111;0;0;256
2022:08:21:12:02:01,501;4;134;113.7;130.6;131.7;0.64;107;105;25.8;26.3;22.0;13388;111;0;0;256
2022:08:21:12:03:00,030;3;112;95.9;130.1;131.4;0.55;42;40;25.8;26.2;22.1;13388;111;0;0;256
2022:08:21:12:04:00,118;7;256;211.4;131.5;133.7;3.71;832;838;25.8;26.1;22.1;13388;111;0;0;256
2022:08:21:12:05:00,467;5;182;152.5;130.6;131.9;1.38;302;296;26.4;27.0;22.0;13388;111;0;0;256
2022:08:21:12:06:00,515;5;176;146.8;130.6;132.3;1.23;267;266;26.3;26.5;21.9;13388;111;0;0;256
2022:08:21:12:07:00,544;4;144;122.0;130.6;131.2;0.72;139;138;26.1;26.6;21.8;13388;111;0;0;256
2022:08:21:12:08:01,273;3;114;98.5;130.4;131.1;0.55;42;46;25.9;26.2;21.7;13388;111;0;0;256
2022:08:21:12:09:01,341;4;150;127.2;130.4;131.4;0.82;167;166;25.8;26.0;21.7;13388;111;0;0;256
2022:08:21:12:10:01,390;3;86;74.7;130.1;131.0;0.56;4;4;25.8;26.3;21.6;13388;111;0;0;256
2022:08:21:12:11:01,438;4;144;122.5;130.6;131.7;0.75;145;146;25.8;26.1;21.6;13388;111;0;0;256
2022:08:21:12:12:01,467;6;223;186.1;130.8;132.8;2.46;549;562;25.9;26.2;21.6;13388;111;0;0;256
2022:08:21:12:13:01,515;6;200;167.4;130.8;132.8;1.78;394;401;26.5;27.1;21.5;13388;111;0;0;256
2022:08:21:12:14:00,004;4;129;111.2;130.4;131.4;0.59;89;90;26.5;26.8;21.4;13388;111;0;0;256
2022:08:21:12:15:01,513;5;177;148.5;130.8;132.1;1.23;266;268;26.0;26.4;21.4;13388;111;0;0;256
2022:08:21:12:16:00,041;4;157;134.3;130.6;131.7;0.9;187;189;25.9;26.4;21.3;13388;111;0;0;256
2022:08:21:12:17:00,111;4;137;116.9;130.1;131.2;0.65;115;118;25.9;26.3;21.4;13388;111;0;0;256
2022:08:21:12:18:00,218;5;159;133.7;130.4;131.4;0.95;197;197;25.9;26.1;21.4;13388;111;0;0;256
2022:08:21:12:19:00,287;6;211;176.2;130.6;132.5;2.14;474;475;25.7;26.3;21.5;13388;111;0;0;256
2022:08:21:12:20:00,315;3;113;97.8;129.9;131.2;0.55;15;18;25.8;26.2;21.5;13388;111;8;0;256
2022:08:21:12:21:00,344;4;161;139.7;130.1;131.2;0.6;91;92;25.7;25.9;21.6;13388;111;8;0;256
2022:08:21:12:22:00,313;4;134;124.9;129.9;130.6;0.07;1;108;25.7;25.9;21.6;13388;111;0;0;256
2022:08:21:12:23:00,401;4;150;128.9;130.4;131.1;0.81;163;166;25.8;26.1;21.7;13388;111;0;0;256
2022:08:21:12:24:00,390;7;243;200.3;131.0;133.4;3.23;723;726;25.8;26.2;21.7;13388;111;0;0;256
2022:08:21:12:25:00,438;4;128;109.9;129.9;130.9;0.59;88;90;26.2;26.7;21.7;13388;111;0;0;256
2022:08:21:12:26:00,467;5;196;164.1;130.4;132.1;1.64;361;375;26.0;26.2;21.6;13388;111;0;0;256
2022:08:21:12:27:00,515;4;144;122.5;130.1;131.0;0.74;140;140;26.4;26.8;21.6;13388;111;0;0;256
2022:08:21:12:28:00,504;7;238;196.2;130.8;133.1;3.08;685;685;26.0;26.6;21.6;13388;111;0;0;256
2022:08:21:12:29:00,593;4;167;142.8;130.1;131.4;1.04;219;224;26.4;26.6;21.5;13388;111;0;0;256
2022:08:21:12:30:00,581;5;183;152.6;130.4;132.1;1.39;305;301;26.2;26.8;21.4;13388;111;0;0;256
2022:08:21:12:31:00,990;6;207;172.3;130.6;132.5;2.03;448;447;26.0;26.4;21.4;13388;111;0;0;256
2022:08:21:12:32:01,078;5;189;161.1;130.6;131.7;1.48;326;336;26.1;26.4;21.3;13388;111;0;0;256
2022:08:21:12:33:01,107;4;134;113.4;130.1;131.2;0.64;107;108;26.0;26.5;21.3;13388;111;0;0;256
2022:08:21:12:34:01,175;7;235;193.9;130.8;132.8;2.94;655;655;25.8;26.2;21.2;13388;111;0;0;256
2022:08:21:12:35:01,244;4;157;134.6;130.4;131.4;0.9;187;188;26.1;26.3;21.1;13388;111;0;0;256
2022:08:21:12:36:01,332;3;102;88.3;129.7;130.6;0.53;17;22;25.9;26.4;21.0;13388;111;0;0;256
2022:08:21:12:37:01,381;3;152;132.4;129.9;130.9;0.58;72;77;25.7;25.9;21.1;13388;111;8;0;256
2022:08:21:12:38:01,450;4;152;129.5;129.9;131.4;0.84;171;174;26.0;26.2;21.2;13388;111;0;0;256
2022:08:21:12:39:01,498;5;186;156.6;130.4;132.1;1.45;318;316;26.0;26.6;21.3;13388;111;0;0;256
2022:08:21:12:40:01,547;4;129;110.0;130.4;131.1;0.59;90;90;25.9;26.2;21.3;13388;111;0;0;256
2022:08:21:12:41:00,035;5;163;138.0;130.4;131.4;1.0;212;213;25.9;26.2;21.4;13388;111;0;0;256
2022:08:21:12:42:00,084;4;129;110.8;130.1;131.4;0.6;96;94;25.9;26.4;21.4;13388;111;0;0;256
2022:08:21:12:43:00,173;4;145;122.5;130.1;131.4;0.75;145;146;25.8;26.3;21.5;13388;111;0;0;256
2022:08:21:12:44:00,581;1;34;48.4;129.2;130.8;0.12;0;0;25.8;26.1;21.4;13388;111;1;0;0
2022:08:21:12:45:00,570;2;75;69.5;129.7;131.1;0.12;0;1;25.4;25.9;21.5;13388;111;1;0;0
2022:08:21:12:46:00,678;6;216;178.8;130.6;132.3;2.28;506;511;25.6;26.0;21.5;13388;111;0;0;256
2022:08:21:12:47:00,787;4;148;125.2;130.1;131.4;0.78;153;152;26.0;26.5;21.4;13388;111;0;0;256
2022:08:21:12:48:00,775;3;113;97.9;129.9;130.9;0.55;42;43;26.0;26.4;21.4;13388;111;0;0;256
2022:08:21:12:49:00,884;4;162;139.7;130.4;130.9;0.6;95;94;25.7;25.8;21.4;13388;111;8;0;256
2022:08:21:12:50:00,932;5;201;169.0;130.6;132.3;1.72;378;380;25.7;26.2;21.4;13388;111;0;0;256
2022:08:21:12:51:00,961;4;125;106.3;130.1;131.2;0.58;80;78;25.9;26.1;21.3;13388;111;0;0;256
2022:08:21:12:52:01,010;4;151;128.1;130.1;131.2;0.82;166;166;25.7;25.8;21.2;13388;111;0;0;256
2022:08:21:12:53:01,078;3;95;83.0;129.9;130.6;0.55;11;11;25.7;26.1;21.2;13388;111;0;0;256
2022:08:21:12:54:01,127;4;129;110.5;130.1;131.2;0.59;86;90;25.5;25.7;21.2;13388;111;0;0;256
2022:08:21:12:55:01,235;6;209;172.9;130.6;132.7;2.05;456;458;25.6;25.9;21.2;13388;111;0;0;256
2022:08:21:12:56:01,064;5;161;137.9;130.4;131.4;0.97;205;206;25.8;26.3;21.2;13388;111;0;0;256
2022:08:21:12:57:01,132;5;167;140.3;130.1;131.8;1.07;228;229;25.7;25.9;21.1;13388;111;0;0;256
2022:08:21:12:58:00,021;5;177;150.6;130.1;131.8;1.25;271;273;25.9;26.0;21.1;13388;111;0;0;256
2022:08:21:12:59:00,130;4;127;108.6;130.1;131.0;0.6;87;85;25.8;26.3;21.1;13388;111;0;0;256
2022:08:21:13:00:00,178;5;160;134.5;129.9;131.4;0.97;203;200;25.6;25.9;21.2;13388;111;0;0;256
2022:08:21:13:01:00,187;4;145;122.4;130.1;131.2;0.74;140;140;25.7;25.8;21.2;13388;111;0;0;256
2022:08:21:13:02:00,295;6;210;174.1;130.4;132.5;2.1;464;465;25.5;26.1;21.2;13388;111;0;0;256
2022:08:21:13:03:00,344;5;165;136.3;129.9;131.6;1.05;223;219;25.9;26.3;21.2;13388;111;0;0;256
2022:08:21:13:04:00,412;5;161;136.5;130.1;131.4;0.94;195;206;25.8;26.0;21.2;13388;111;0;0;256
2022:08:21:13:05:00,381;6;216;180.6;130.6;132.5;2.27;505;508;25.9;26.5;21.2;13388;111;0;0;256
2022:08:21:13:06:00,470;3;112;96.0;129.7;130.8;0.53;39;40;26.0;26.2;21.2;13388;111;0;0;256
2022:08:21:13:07:00,498;3;125;107.1;129.7;130.6;0.56;71;78;25.9;25.9;21.2;13388;111;0;0;256
2022:08:21:13:08:00,587;5;157;132.2;129.9;131.4;0.91;190;189;25.7;26.1;21.2;13388;111;0;0;256
2022:08:21:13:09:00,635;3;115;98.3;129.9;130.9;0.55;50;50;25.8;26.0;21.2;13388;111;0;0;256
2022:08:21:13:10:00,704;4;138;117.1;130.1;131.4;0.67;121;121;25.6;25.7;21.2;13388;111;0;0;256
2022:08:21:13:11:00,752;8;269;219.7;131.0;133.6;4.26;952;951;25.7;26.4;21.2;13388;111;0;0;256
2022:08:21:13:12:00,841;7;262;215.3;131.2;134.2;3.96;887;886;26.1;26.6;21.1;13388;111;0;0;256
2022:08:21:13:13:00,890;7;254;208.9;131.0;133.4;3.68;822;812;26.6;26.9;21.1;13388;111;0;0;256
2022:08:21:13:14:01,038;7;236;195.0;130.6;133.0;2.98;664;666;26.7;27.2;21.0;13388;111;0;0;256
2022:08:21:13:15:01,027;6;224;185.0;130.8;133.1;2.6;578;578;26.8;27.0;20.9;13388;111;0;0;256
2022:08:21:13:16:00,275;5;181;151.5;130.4;131.9;1.37;299;299;26.5;26.6;20.8;13388;111;0;0;256
2022:08:21:13:17:00,324;5;178;149.5;130.4;131.7;1.25;272;278;26.0;26.5;20.8;13388;111;0;0;256
2022:08:21:13:18:00,452;5;157;133.7;130.6;131.7;0.91;190;190;25.8;26.2;20.7;13388;111;0;0;256
2022:08:21:13:19:00,621;5;168;139.7;130.1;132.0;1.08;232;229;25.8;25.9;20.7;13388;111;0;0;256
2022:08:21:13:20:00,630;3;98;84.7;129.9;130.6;0.55;11;14;25.6;25.7;20.6;13388;111;0;0;256
2022:08:21:13:21:00,638;3;124;106.5;130.1;131.0;0.56;68;75;25.5;25.9;20.7;13388;111;0;0;256
2022:08:21:13:22:00,687;3;101;88.2;129.7;130.6;0.55;20;20;25.4;25.7;20.7;13388;111;0;0;256
2022:08:21:13:23:00,755;6;236;196.3;130.6;133.3;2.95;658;662;25.3;25.5;20.9;13388;111;0;0;256
2022:08:21:13:24:00,884;5;157;130.9;130.1;131.8;0.95;196;193;26.0;26.3;20.9;13388;111;0;0;256
2022:08:21:13:25:00,872;3;114;97.5;129.9;130.4;0.55;46;46;25.9;26.2;20.9;13388;111;0;0;256
2022:08:21:13:26:00,961;3;113;97.0;129.9;130.9;0.55;41;43;25.8;25.8;20.9;13388;111;0;0;256
2022:08:21:13:27:00,990;2;65;55.9;129.5;130.5;0.56;0;0;25.7;26.1;21.0;13388;111;8;0;256
2022:08:21:13:28:00,097;5;183;152.4;130.1;132.0;1.37;299;294;25.5;26.1;21.1;13388;111;0;0;256
2022:08:21:13:29:01,147;4;151;127.0;129.9;131.6;0.81;164;166;25.7;25.9;21.1;13388;111;0;0;256
2022:08:21:13:30:01,155;3;95;82.1;129.7;130.6;0.56;12;11;25.6;26.0;21.1;13388;111;0;0;256
2022:08:21:13:31:01,124;2;87;81.1;129.7;130.8;0.12;0;4;25.4;25.8;21.2;13388;111;1;0;0
2022:08:21:13:32:01,532;5;161;133.9;130.1;131.4;0.97;205;206;25.4;25.6;21.2;13388;111;0;0;256
2022:08:21:13:33:00,020;4;157;131.2;129.9;131.2;0.89;183;189;25.5;25.9;21.2;13388;111;0;0;256
2022:08:21:13:34:00,029;4;131;111.5;129.9;130.9;0.6;94;98;25.5;25.8;21.2;13388;111;0;0;256
2022:08:21:13:35:00,117;4;145;122.9;129.9;130.9;0.74;143;146;25.6;25.6;21.1;13388;111;0;0;256
2022:08:21:13:36:00,166;4;127;108.3;129.9;131.2;0.58;83;85;25.5;25.9;21.1;13388;111;0;0;256
2022:08:21:13:37:00,214;5;181;151.7;130.1;132.0;1.32;284;290;25.4;25.7;21.0;13388;111;0;0;256
2022:08:21:13:38:00,263;4;128;109.8;129.7;131.1;0.58;82;87;25.6;25.6;21.0;13388;111;0;0;256
2022:08:21:13:39:01,612;5;167;142.7;130.1;131.4;1.07;228;230;25.3;25.7;20.9;13388;111;0;0;256
2022:08:21:13:40:00,701;3;102;88.6;129.9;130.6;0.55;20;20;25.2;25.4;20.9;13388;111;0;0;256
2022:08:21:13:41:00,709;2;66;59.6;129.9;130.6;0.57;0;0;25.2;25.1;20.9;13388;111;8;0;256
2022:08:21:13:42:00,678;2;79;72.8;129.5;130.5;0.12;0;2;24.9;25.2;20.9;13388;111;1;0;0
2022:08:21:13:43:00,727;3;104;90.9;130.1;130.7;0.55;20;23;25.0;25.2;21.0;13388;111;0;0;256
2022:08:21:13:44:00,775;5;168;140.4;130.4;131.4;1.07;230;233;25.1;25.2;21.0;13388;111;0;0;256
2022:08:21:13:45:00,523;4;129;109.7;129.9;131.4;0.59;90;90;25.2;25.6;21.1;13388;111;0;0;256
2022:08:21:13:46:00,592;6;199;166.7;130.8;132.5;1.79;397;395;25.3;25.6;21.1;13388;111;0;0;256
2022:08:21:13:47:00,641;4;156;134.1;130.1;131.4;0.89;183;186;25.5;25.7;21.1;13388;111;0;0;256
2022:08:21:13:48:00,729;2;69;61.9;129.9;131.2;0.56;0;0;25.5;25.9;21.0;13388;111;8;0;256
2022:08:21:13:49:00,738;3;105;90.9;129.9;130.9;0.53;27;26;25.2;25.4;21.1;13388;111;0;0;256
2022:08:21:13:50:00,767;4;137;116.9;130.4;131.4;0.59;99;118;25.2;25.3;21.1;13388;111;0;0;256
2022:08:21:13:51:00,755;6;212;177.5;130.8;132.8;2.1;465;479;25.2;25.7;21.1;13388;111;0;0;256
2022:08:21:13:52:00,824;6;205;170.3;130.6;132.7;1.97;437;435;25.8;26.0;21.1;13388;111;0;0;256
2022:08:21:13:53:00,832;6;218;181.2;130.8;132.8;2.33;518;520;25.8;26.0;21.0;13388;111;0;0;256
2022:08:21:13:54:00,360;5;198;165.5;130.6;131.9;1.75;387;390;25.8;26.1;20.9;13388;111;0;0;256
2022:08:21:13:55:00,408;5;161;135.6;130.4;131.9;0.98;207;207;25.9;26.1;20.8;13388;111;0;0;256
2022:08:21:13:56:00,457;3;96;83.0;130.4;131.1;0.55;13;13;25.7;25.7;20.6;13388;111;0;0;256
2022:08:21:13:57:00,506;2;87;77.5;129.9;131.2;0.56;0;2;25.3;25.5;20.6;13388;111;8;0;256
2022:08:21:13:58:00,574;3;151;132.4;130.4;131.7;0.56;68;74;25.1;25.4;20.6;13388;111;8;0;256
2022:08:21:13:59:00,643;4;139;119.0;130.1;131.4;0.61;91;93;25.1;25.2;20.7;13388;111;0;0;256
2022:08:21:14:00:00,711;6;193;160.3;130.6;132.3;1.66;366;359;25.1;25.2;20.6;13388;111;0;0;256
2022:08:21:14:01:00,761;5;185;156.8;130.6;132.5;1.39;306;312;25.3;25.8;20.6;13388;111;0;0;256
2022:08:21:14:02:00,769;3;99;84.9;130.1;131.2;0.55;16;16;25.3;25.3;20.5;13388;111;0;0;256
2022:08:21:14:03:00,818;3;107;92.7;130.1;131.2;0.55;28;30;25.0;25.0;20.5;13388;111;0;0;256
2022:08:21:14:04:00,867;1;29;45.7;129.9;131.4;0.11;0;0;24.9;25.1;20.5;13388;111;1;0;0
2022:08:21:14:05:00,835;3;96;91.0;129.9;131.2;0.12;0;13;24.5;24.8;20.5;13388;111;1;0;0
2022:08:21:14:06:00,864;3;103;89.0;130.1;131.0;0.55;24;22;24.6;24.6;20.6;13388;111;0;0;256
2022:08:21:14:07:00,952;4;155;131.4;130.8;131.7;0.87;179;183;24.7;25.0;20.6;13388;111;0;0;256
2022:08:21:14:08:01,021;3;105;89.5;130.1;131.4;0.55;26;26;24.8;25.1;20.5;13388;111;0;0;256
2022:08:21:14:09:01,149;4;130;112.1;130.4;131.4;0.65;105;94;24.7;24.7;20.6;13388;111;0;0;256
2022:08:21:14:10:01,138;3;109;94.9;130.1;131.2;0.55;31;33;24.7;24.9;20.5;13388;111;0;0;256
2022:08:21:14:11:01,187;3;119;102.2;130.4;130.9;0.55;58;61;24.7;25.1;20.6;13388;111;0;0;256
2022:08:21:14:12:01,194;4;155;130.2;130.4;131.1;0.87;179;179;24.7;24.8;20.6;13388;111;0;0;256
2022:08:21:14:13:01,184;5;180;150.6;130.8;132.5;1.34;293;288;24.8;24.9;20.5;13388;111;0;0;256
2022:08:21:14:14:01,232;2;83;72.3;130.1;131.0;0.57;0;3;24.9;25.3;20.4;13388;111;0;0;256
2022:08:21:14:15:01,301;3;96;96.4;129.9;130.9;0.12;0;13;24.5;24.8;20.3;13388;111;1;0;0
2022:08:21:14:16:01,309;7;237;196.6;131.0;133.6;3.04;680;680;24.6;24.7;20.4;13388;111;0;0;256
2022:08:21:14:17:01,378;3;99;85.8;130.4;130.9;0.56;14;16;25.0;25.1;20.3;13388;111;0;0;256
2022:08:21:14:18:01,406;3;92;79.3;130.1;130.7;0.56;7;8;24.7;25.0;20.2;13388;111;0;0;256
2022:08:21:14:19:01,475;3;119;103.9;130.1;131.2;0.55;24;27;24.5;24.8;20.2;13388;111;8;0;256
2022:08:21:14:20:00,003;3;106;91.3;130.4;130.9;0.56;10;12;24.5;24.7;20.2;13388;111;8;0;256
2022:08:21:14:21:00,091;5;231;199.1;130.8;132.5;1.57;347;351;24.3;24.4;20.3;13388;111;0;0;256
2022:08:21:14:22:00,180;4;123;104.3;130.4;130.9;0.58;75;72;24.6;24.7;20.2;13388;111;0;0;256
2022:08:21:14:23:00,228;4;121;102.0;130.6;131.5;0.57;71;67;24.8;25.2;20.1;13388;111;0;0;256
2022:08:21:14:24:00,357;5;160;135.4;130.6;131.7;0.94;196;202;24.5;24.7;20.0;13388;111;0;0;256
2022:08:21:14:25:00,486;5;191;159.6;130.8;132.3;1.55;341;342;24.5;24.5;20.0;13388;111;0;0;256
2022:08:21:14:26:00,574;5;154;129.9;130.6;131.7;0.88;181;182;24.5;24.7;19.9;13388;111;0;0;256
2022:08:21:14:27:01,404;6;206;171.3;130.8;132.5;2.02;448;445;24.5;25.0;19.8;13388;111;0;0;256
2022:08:21:14:28:01,432;7;224;185.0;130.8;132.8;2.6;579;574;24.8;25.0;19.7;13388;111;0;0;256
2022:08:21:14:29:01,561;6;225;187.0;130.8;133.3;2.54;568;578;24.7;24.8;19.6;13388;111;0;0;256
2022:08:21:14:30:00,208;5;168;142.1;130.6;131.9;1.09;234;235;24.6;24.6;19.6;13388;111;0;0;256
2022:08:21:14:31:00,217;3;122;103.1;130.4;131.1;0.57;77;69;24.5;24.6;19.6;13388;111;0;0;256
2022:08:21:14:32:00,306;3;102;88.7;130.1;130.7;0.55;17;19;24.4;24.7;19.6;13388;111;0;0;256
2022:08:21:14:33:00,374;1;44;50.0;129.9;131.4;0.12;0;0;24.3;24.5;19.6;13388;111;1;0;0
2022:08:21:14:34:00,403;1;21;38.3;129.9;131.2;0.12;0;0;24.0;24.3;19.7;13388;111;1;0;0
2022:08:21:14:35:00,491;2;62;57.4;129.9;131.4;0.13;0;0;23.8;24.1;19.7;13388;111;1;0;0
2022:08:21:14:36:00,540;4;132;113.8;130.4;131.7;0.58;94;103;23.8;24.1;19.8;13388;111;0;0;256
2022:08:21:14:37:00,588;4;124;107.4;130.4;131.4;0.57;75;75;24.1;24.5;19.9;13388;111;0;0;256
2022:08:21:14:38:00,657;5;168;140.3;130.6;131.7;1.1;236;235;24.2;24.4;19.9;13388;111;0;0;256
2022:08:21:14:39:00,625;3;88;76.1;130.1;131.0;0.56;5;4;24.2;24.2;19.8;13388;111;0;0;256
2022:08:21:14:40:00,674;3;97;89.5;130.6;130.4;0.56;4;6;24.2;24.3;19.9;13388;111;8;0;256
2022:08:21:14:41:00,683;5;169;143.2;130.6;132.3;1.09;234;238;24.3;24.7;19.9;13388;111;0;0;256
2022:08:21:14:42:00,791;3;96;85.7;130.1;130.7;0.56;3;6;24.4;24.5;19.8;13388;111;8;0;256
2022:08:21:14:43:00,020;4;197;170.8;130.6;131.9;0.84;171;170;24.1;24.2;19.8;13388;111;8;0;256
2022:08:21:14:44:00,048;3;145;125.8;130.4;131.1;0.57;65;67;24.1;24.1;19.8;13388;111;8;0;256
2022:08:21:14:45:00,077;5;223;189.0;130.6;132.7;1.66;366;372;24.0;24.4;19.8;13388;111;0;0;256
2022:08:21:14:46:00,205;3;92;79.9;130.1;130.7;0.56;6;7;24.2;24.5;19.8;13388;111;0;0;256
2022:08:21:14:47:00,234;5;191;158.8;130.8;132.8;1.57;346;344;24.3;24.4;19.8;13388;111;0;0;256
2022:08:21:14:48:00,383;4;132;112.3;130.6;131.7;0.64;108;103;24.4;24.3;19.8;13388;111;0;0;256
2022:08:21:14:49:00,391;1;37;49.8;129.9;130.9;0.12;0;0;24.2;24.4;19.7;13388;111;1;0;0
2022:08:21:14:50:00,460;0;0;34.9;129.9;130.9;0.12;0;0;23.9;24.1;19.7;13388;111;1;0;0
2022:08:21:14:51:00,448;1;37;34.4;129.9;131.2;0.12;0;0;23.7;23.9;19.8;13388;111;1;0;0
2022:08:21:14:52:00,537;4;128;110.1;130.4;131.4;0.64;99;87;23.5;23.6;19.8;13388;111;0;0;256
2022:08:21:14:53:00,585;4;130;111.7;130.4;131.7;0.6;92;91;23.6;23.8;19.8;13388;111;0;0;256
2022:08:21:14:54:00,654;4;192;165.9;130.4;131.4;0.77;151;157;23.6;24.0;19.8;13388;111;8;0;256
2022:08:21:14:55:00,663;4;173;149.8;130.4;131.1;0.59;102;117;23.8;24.0;19.8;13388;111;8;0;256
2022:08:21:14:56:00,751;2;67;57.5;130.1;131.0;0.57;0;0;24.0;23.8;19.7;13388;111;8;0;256
2022:08:21:14:57:00,700;2;81;80.4;129.9;130.9;0.12;0;2;23.7;23.9;19.7;13388;111;1;0;0
2022:08:21:14:58:00,828;3;99;85.2;130.4;131.1;0.52;1;16;23.7;24.0;19.8;13388;111;0;0;256
2022:08:21:14:59:00,857;3;103;88.7;130.1;131.2;0.55;19;22;23.8;24.0;19.7;13388;111;0;0;256
2022:08:21:15:00:00,905;3;94;81.5;130.1;131.0;0.55;8;9;23.9;23.9;19.7;13388;111;0;0;256
2022:08:21:15:01:00,914;4;127;109.8;130.4;131.1;0.58;83;86;23.8;23.7;19.7;13388;111;0;0;256
2022:08:21:15:02:00,943;3;106;90.7;130.1;131.2;0.56;12;12;23.7;23.9;19.6;13388;111;8;0;256
2022:08:21:15:03:00,871;4;153;131.5;130.1;131.4;0.62;108;122;23.7;24.1;19.7;13388;111;0;0;256
2022:08:21:15:04:00,980;3;87;75.5;130.1;131.2;0.57;0;2;23.7;23.9;19.6;13388;111;8;0;256
2022:08:21:15:05:01,028;4;181;157.0;130.4;131.7;0.76;143;133;23.6;23.6;19.6;13388;111;8;0;256
2022:08:21:15:06:00,817;5;176;147.7;130.6;132.3;1.24;269;270;23.8;23.8;19.5;13388;111;0;0;256
2022:08:21:15:07:00,425;3;95;81.8;130.1;130.7;0.56;11;12;23.8;23.9;19.4;13388;111;0;0;256
2022:08:21:15:08:00,394;5;189;161.6;130.6;131.9;0.99;209;208;23.5;23.8;19.4;13388;111;0;0;256
2022:08:21:15:09:00,463;3;123;107.2;130.1;131.4;0.55;41;44;23.6;23.8;19.3;13388;111;0;0;256
2022:08:21:15:10:00,491;5;175;146.3;130.6;132.3;1.24;267;264;23.5;23.7;19.2;13388;111;0;0;256
2022:08:21:15:11:00,600;3;88;77.0;130.1;131.2;0.56;2;4;23.5;23.4;19.2;13388;111;0;0;256
2022:08:21:15:12:00,568;5;168;143.9;130.6;131.9;1.08;232;235;23.5;23.4;19.2;13388;111;0;0;256
2022:08:21:15:13:00,617;3;109;94.3;130.4;130.9;0.55;32;33;23.5;23.5;19.1;13388;111;0;0;256
2022:08:21:15:14:00,645;3;95;81.9;130.1;130.7;0.55;8;10;23.4;23.6;19.1;13388;111;0;0;256
2022:08:21:15:15:00,734;3;123;106.8;130.4;131.1;0.57;68;72;23.4;23.6;19.2;13388;111;0;0;256
2022:08:21:15:16:00,783;2;85;74.6;130.1;131.4;0.56;2;4;23.4;23.5;19.1;13388;111;0;0;256
2022:08:21:15:17:00,831;3;119;102.3;130.4;130.9;0.55;58;61;23.4;23.3;19.1;13388;111;0;0;256
2022:08:21:15:18:00,880;3;98;85.9;130.1;131.0;0.55;12;15;23.3;23.1;19.1;13388;111;0;0;256
2022:08:21:15:19:00,908;7;275;229.6;131.2;133.7;3.81;854;855;23.1;23.2;19.0;13388;111;0;0;256
2022:08:21:15:20:00,917;4;127;108.3;130.1;131.2;0.57;79;82;23.5;23.7;19.1;13388;111;0;0;256
2022:08:21:15:21:01,025;6;209;174.3;130.8;132.5;2.07;460;464;23.4;23.6;19.0;13388;111;0;0;256
2022:08:21:15:22:01,094;4;133;114.0;130.1;131.4;0.61;103;105;23.5;23.7;19.0;13388;111;0;0;256
2022:08:21:15:23:01,262;5;172;147.1;130.4;131.7;1.14;245;253;23.4;23.5;19.0;13388;111;0;0;256
2022:08:21:15:24:02,652;4;142;120.2;130.1;131.4;0.66;123;133;23.5;23.5;18.9;13388;111;0;0;256
2022:08:21:15:25:01,180;2;66;61.2;129.7;131.1;0.12;0;0;23.4;23.5;18.9;13388;111;1;0;0
2022:08:21:15:26:01,208;2;71;62.0;130.1;130.7;0.56;0;0;23.4;23.3;18.9;13388;111;8;0;256
2022:08:21:15:27:01,257;3;103;89.5;130.1;131.2;0.56;7;10;23.2;23.4;18.9;13388;111;8;0;256
2022:08:21:15:28:01,325;4;177;153.1;130.4;131.9;0.99;210;216;23.2;23.6;19.0;13388;111;0;0;256
2022:08:21:15:29:01,314;3;124;107.8;130.6;131.5;0.56;61;60;23.3;23.5;18.9;13388;111;0;0;256
2022:08:21:15:30:00,263;5;169;143.0;130.6;132.3;1.09;235;236;23.4;23.6;18.9;13388;111;0;0;256
2022:08:21:15:31:00,391;6;195;163.3;130.8;132.5;1.66;366;372;23.5;23.6;18.9;13388;111;0;0;256
2022:08:21:15:32:00,500;5;167;142.4;130.6;131.9;1.03;216;226;23.5;23.5;18.9;13388;111;0;0;256
2022:08:21:15:33:00,008;4;131;111.2;130.4;131.4;0.62;99;100;23.5;23.4;18.9;13388;111;0;0;256
2022:08:21:15:34:00,037;6;197;166.1;130.8;132.5;1.74;384;386;23.6;23.8;18.9;13388;111;0;0;256
2022:08:21:15:35:00,087;5;167;139.5;130.8;132.5;1.08;231;231;23.7;24.0;18.8;13388;111;0;0;256
2022:08:21:15:36:00,186;3;122;105.5;130.6;131.5;0.56;59;70;23.5;23.8;18.8;13388;111;0;0;256
2022:08:21:15:37:00,184;3;87;75.5;130.4;131.1;0.56;3;4;23.3;23.5;18.8;13388;111;0;0;256
2022:08:21:15:38:01,484;3;148;127.9;130.4;131.7;0.58;87;89;23.2;23.2;18.8;13388;111;0;0;256
2022:08:21:15:39:00,042;4;151;130.0;130.6;131.9;0.61;99;95;23.1;23.2;18.8;13388;111;0;0;256
2022:08:21:15:40:00,119;3;88;77.9;130.1;131.0;0.57;2;2;23.2;23.1;18.7;13388;111;8;0;256
2022:08:21:15:41:00,160;4;166;142.5;130.6;131.7;0.76;147;145;23.1;22.9;18.8;13388;111;0;0;256
2022:08:21:15:42:00,200;4;156;131.9;130.4;131.7;0.91;187;185;23.5;23.5;18.8;13388;111;0;0;256
2022:08:21:15:43:00,221;5;159;135.7;130.8;132.1;0.98;204;193;23.5;23.7;18.7;13388;111;0;0;256
2022:08:21:15:44:00,401;3;95;81.9;129.9;130.9;0.55;13;10;23.4;23.6;18.7;13388;111;0;0;256
2022:08:21:15:45:00,442;5;239;203.4;130.6;132.7;1.94;429;441;23.0;23.5;18.7;13388;111;0;0;256
2022:08:21:15:46:01,177;4;166;141.2;130.6;131.9;1.07;228;223;23.2;23.3;18.7;13388;111;0;0;256
2022:08:21:15:47:01,271;6;199;166.5;130.6;132.5;1.78;393;397;23.4;23.5;18.7;13388;111;0;0;256
2022:08:21:15:48:01,306;5;177;150.9;130.4;131.7;1.27;276;276;23.4;23.4;18.7;13388;111;0;0;256
2022:08:21:15:49:00,860;3;107;92.1;129.9;131.2;0.53;27;30;23.4;23.3;18.6;13388;111;0;0;256
2022:08:21:15:50:00,875;2;62;58.0;129.7;131.1;0.12;0;0;23.3;23.5;18.6;13388;111;1;0;0
2022:08:21:15:51:00,849;2;63;55.7;130.1;130.7;0.56;0;0;23.1;23.3;18.7;13388;111;8;0;256
2022:08:21:15:52:00,804;3;89;76.7;130.1;131.0;0.52;0;6;23.0;23.2;18.7;13388;111;0;0;256
2022:08:21:15:53:00,012;4;172;149.3;130.6;131.9;0.67;122;124;23.0;23.2;18.8;13388;111;0;0;256
2022:08:21:15:54:00,040;5;186;158.4;130.8;132.5;1.28;280;286;23.0;23.4;18.9;13388;111;0;0;256
2022:08:21:15:55:00,149;5;181;154.2;130.6;131.9;1.36;297;294;23.2;23.3;18.9;13388;111;0;0;256
2022:08:21:15:56:00,177;7;234;193.9;131.0;133.4;2.94;656;659;23.2;23.2;18.8;13388;111;0;0;256
2022:08:21:15:57:00,246;6;213;178.7;131.0;132.9;2.2;488;494;23.7;23.8;18.8;13388;111;0;0;256
2022:08:21:15:58:00,314;5;165;139.2;130.6;131.9;1.0;212;220;23.8;24.1;18.8;13388;111;0;0;256
2022:08:21:15:59:00,383;4;155;130.8;130.6;131.9;0.91;187;184;23.6;24.0;18.8;13388;111;0;0;256
2022:08:21:16:00:00,392;4;153;131.6;130.8;131.7;0.86;173;175;23.5;23.8;18.8;13388;111;0;0;256
2022:08:21:16:01:00,400;3;94;82.0;130.4;130.9;0.56;8;10;23.4;23.5;18.7;13388;111;0;0;256
2022:08:21:16:02:00,389;3;87;75.4;130.4;130.9;0.56;2;2;23.3;23.3;18.8;13388;111;8;0;256
2022:08:21:16:03:00,417;5;190;163.3;130.6;131.9;0.99;210;209;23.0;23.1;18.8;13388;111;0;0;256
2022:08:21:16:04:00,406;4;163;138.9;130.6;132.3;0.84;168;160;23.1;23.1;18.8;13388;111;0;0;256
2022:08:21:16:05:00,474;4;135;116.4;130.4;131.1;0.6;96;98;23.2;23.2;18.8;13388;111;0;0;256
2022:08:21:16:06:00,503;5;176;149.4;130.6;131.5;1.14;244;245;23.1;23.3;18.8;13388;111;0;0;256
2022:08:21:16:07:01,233;3;135;117.4;129.9;130.9;0.55;48;51;23.1;23.4;18.7;13388;111;8;0;256
2022:08:21:16:08:01,321;5;179;153.1;130.4;131.9;1.32;287;289;23.2;23.4;18.7;13388;111;0;0;256
2022:08:21:16:09:01,370;5;177;150.2;130.6;131.9;1.26;271;272;23.2;23.2;18.7;13388;111;0;0;256
2022:08:21:16:10:01,158;3;114;97.9;130.1;131.0;0.55;49;47;23.1;23.0;18.6;13388;111;0;0;256
2022:08:21:16:11:00,666;5;160;135.0;130.8;132.1;0.95;197;203;22.9;22.8;18.6;13388;111;0;0;256
2022:08:21:16:12:01,435;3;115;98.9;130.4;131.4;0.52;42;50;22.9;22.8;18.5;13388;111;0;0;256
2022:08:21:16:13:01,464;6;209;174.8;131.2;133.4;2.05;457;457;22.7;23.0;18.4;13388;111;0;0;256
2022:08:21:16:14:00,032;4;134;113.9;130.8;131.5;0.64;108;106;22.9;22.9;18.4;13388;111;0;0;256
2022:08:21:16:15:00,080;4;133;113.6;130.8;132.1;0.6;97;106;22.7;22.9;18.3;13388;111;0;0;256
2022:08:21:16:16:00,089;3;95;82.5;130.8;131.5;0.56;16;12;22.6;22.8;18.2;13388;111;0;0;256
2022:08:21:16:17:00,157;5;173;147.6;131.2;132.7;1.18;256;257;22.5;22.7;18.2;13388;111;0;0;256
2022:08:21:16:18:00,206;4;132;112.9;130.8;131.7;0.61;102;100;22.5;22.8;18.2;13388;111;0;0;256
2022:08:21:16:19:00,274;2;58;53.8;130.4;131.7;0.12;0;0;22.4;22.5;18.2;13388;111;1;0;0
2022:08:21:16:20:00,403;4;152;129.5;130.6;131.9;0.84;169;176;22.3;22.4;18.2;13388;111;0;0;256
2022:08:21:16:21:00,392;2;75;66.1;130.4;131.1;0.56;0;0;22.4;22.3;18.1;13388;111;8;0;256
2022:08:21:16:22:00,240;2;69;64.6;130.4;131.4;0.12;0;0;22.3;22.4;18.1;13388;111;1;0;0
2022:08:21:16:23:00,309;5;157;135.5;130.8;132.1;0.9;187;191;22.3;22.1;18.1;13388;111;0;0;256
2022:08:21:16:24:00,437;6;217;180.9;131.2;133.2;2.34;523;522;22.3;22.4;18.1;13388;111;0;0;256
2022:08:21:16:25:00,446;3;86;75.5;130.4;131.1;0.56;4;4;22.5;22.6;18.0;13388;111;0;0;256
2022:08:21:16:26:00,514;3;92;80.6;130.6;131.5;0.56;6;8;22.4;22.5;17.9;13388;111;0;0;256
2022:08:21:16:27:00,503;5;183;156.4;130.8;132.3;1.37;299;296;22.2;22.4;17.9;13388;111;0;0;256
2022:08:21:16:28:00,591;4;145;124.4;130.8;132.3;0.75;145;145;22.4;22.6;17.9;13388;111;0;0;256
2022:08:21:16:29:00,520;3;117;100.9;130.6;131.5;0.58;68;54;22.3;22.5;17.9;13388;111;0;0;256
2022:08:21:16:30:00,689;4;129;109.4;130.8;131.5;0.59;90;90;22.2;22.3;17.9;13388;111;0;0;256
2022:08:21:16:31:00,737;4;159;137.7;131.0;132.3;0.97;203;196;22.1;22.2;17.8;13388;111;0;0;256
2022:08:21:16:32:00,646;5;161;136.9;130.8;132.1;0.93;195;208;22.3;22.3;17.8;13388;111;0;0;256
2022:08:21:16:33:00,074;5;184;155.0;130.8;132.5;1.39;306;311;22.2;22.3;17.8;13388;111;0;0;256
2022:08:21:16:34:00,763;3;107;92.6;130.6;131.7;0.56;29;30;22.4;22.2;17.8;13388;111;0;0;256
2022:08:21:16:35:00,831;3;161;139.9;130.6;131.5;0.59;91;92;22.1;22.0;17.8;13388;111;8;0;256
2022:08:21:16:36:00,880;5;180;153.5;130.8;132.3;1.3;283;290;22.1;22.0;17.8;13388;111;0;0;256
2022:08:21:16:37:00,969;3;108;93.7;130.4;131.1;0.53;28;32;22.1;22.0;17.7;13388;111;0;0;256
2022:08:21:16:38:01,037;3;98;84.4;130.6;131.2;0.52;6;16;22.1;21.9;17.7;13388;111;0;0;256
2022:08:21:16:39:01,166;4;137;117.2;130.4;131.4;0.66;117;119;21.8;21.7;17.7;13388;111;0;0;256
2022:08:21:16:40:00,374;3;113;98.1;130.4;131.1;0.56;43;43;21.8;21.6;17.6;13388;111;0;0;256
2022:08:21:16:41:00,283;3;111;96.3;130.4;131.1;0.55;37;37;21.8;21.6;17.6;13388;111;0;0;256
2022:08:21:16:42:00,852;2;77;67.5;130.1;131.0;0.57;0;0;21.8;21.6;17.6;13388;111;8;0;256
2022:08:21:16:43:00,960;6;246;206.2;131.0;133.4;3.04;680;686;21.5;21.7;17.6;13388;111;0;0;256
2022:08:21:16:44:01,049;5;183;153.7;130.6;132.3;1.43;311;305;22.1;22.2;17.5;13388;111;0;0;256
2022:08:21:16:45:01,057;4;147;125.5;130.6;131.7;0.78;153;152;21.9;22.1;17.4;13388;111;0;0;256
2022:08:21:16:46:01,126;3;105;90.6;130.1;131.2;0.55;24;26;21.8;21.9;17.3;13388;111;0;0;256
2022:08:21:16:47:01,174;4;172;148.8;130.1;131.4;0.65;116;116;21.5;21.7;17.3;13388;111;8;0;256
2022:08:21:16:48:00,103;6;197;165.1;130.6;132.5;1.77;392;386;21.5;21.6;17.3;13388;111;0;0;256
2022:08:21:16:49:00,571;3;108;92.9;130.1;130.4;0.56;34;32;21.7;21.8;17.2;13388;111;0;0;256
2022:08:21:16:50:00,580;5;165;140.4;129.9;131.2;1.03;216;224;21.5;21.7;17.1;13388;111;0;0;256
2022:08:21:16:51:01,470;5;194;162.4;130.1;132.2;1.65;362;364;21.4;21.8;17.1;13388;111;0;0;256
2022:08:21:16:52:01,518;6;226;188.4;130.8;133.1;2.64;588;588;21.4;21.7;17.0;13388;111;0;0;256
2022:08:21:16:53:01,186;5;165;141.7;130.4;131.7;0.98;207;218;21.5;21.7;17.0;13388;111;0;0;256
2022:08:21:16:54:01,234;4;127;108.6;130.1;131.2;0.59;91;89;21.5;21.7;16.9;13388;111;0;0;256
2022:08:21:16:55:01,303;3;137;118.9;130.4;131.4;0.55;52;54;21.3;21.5;16.9;13388;111;8;0;256
2022:08:21:16:56:01,351;4;152;130.4;130.8;132.3;0.85;173;174;21.4;21.5;16.9;13388;111;0;0;256
2022:08:21:16:57:01,441;3;115;99.4;130.8;131.7;0.52;43;52;21.4;21.5;16.8;13388;111;0;0;256
2022:08:21:16:58:00,049;4;126;108.5;130.8;131.7;0.57;78;84;21.3;21.1;16.8;13388;111;0;0;256
2022:08:21:16:59:00,077;4;141;119.8;131.0;132.1;0.71;133;133;21.1;20.9;16.8;13388;111;0;0;256
2022:08:21:17:00:00,146;4;141;120.2;131.0;132.6;0.68;127;130;21.1;20.9;16.8;13388;111;0;0;256
2022:08:21:17:01:00,914;3;118;101.8;132.4;133.2;0.57;61;58;21.3;21.1;16.7;13388;111;0;0;256
2022:08:21:17:02:00,943;2;83;72.2;131.9;133.3;0.56;3;1;21.1;20.8;16.7;13388;111;8;0;256
2022:08:21:17:03:01,031;2;49;52.8;131.9;132.8;0.12;0;0;21.0;21.0;16.6;13388;111;1;0;0
2022:08:21:17:04:01,020;3;116;108.2;132.1;133.6;0.12;0;52;20.6;20.7;16.6;13388;111;1;0;0
2022:08:21:17:05:01,208;4;146;125.2;132.6;133.4;0.77;149;153;20.6;20.5;16.7;13388;111;0;0;256
2022:08:21:17:06:00,697;3;120;103.7;132.4;133.2;0.57;64;64;20.8;20.7;16.7;13388;111;0;0;256
2022:08:21:17:07:00,746;3;119;102.8;132.6;133.9;0.57;60;62;20.8;20.7;16.7;13388;111;0;0;256
2022:08:21:17:08:00,794;3;88;77.2;132.4;133.2;0.57;7;6;20.8;20.7;16.6;13388;111;0;0;256
2022:08:21:17:09:00,763;0;5;42.5;132.1;133.6;0.12;0;0;20.6;20.6;16.6;13388;111;1;0;0
2022:08:21:17:10:00,731;0;0;31.2;131.9;132.8;0.12;0;0;20.4;20.4;16.5;13388;111;1;0;0
2022:08:21:17:11:00,720;0;0;25.8;132.1;133.1;0.12;0;0;20.3;20.3;16.5;13388;111;1;0;0
2022:08:21:17:12:00,668;2;59;55.3;131.9;133.3;0.12;0;0;20.1;20.2;16.5;13388;111;1;0;0
2022:08:21:17:13:00,597;3;85;94.4;132.1;132.9;0.12;0;5;20.0;20.2;16.5;13388;111;1;0;0
2022:08:21:17:14:00,586;3;108;93.6;132.6;133.4;0.56;26;32;20.1;20.4;16.4;13388;111;0;0;256
2022:08:21:17:15:00,134;3;109;94.1;132.6;133.4;0.56;33;34;20.3;20.4;16.4;13388;111;0;0;256
2022:08:21:17:16:00,223;5;176;147.5;132.8;134.2;1.25;274;276;20.4;20.6;16.4;13388;111;0;0;256
2022:08:21:17:17:00,672;3;105;92.0;132.8;133.4;0.56;24;26;20.7;20.8;16.3;13388;111;0;0;256
2022:08:21:17:18:00,760;4;158;135.7;132.6;133.9;0.94;197;196;20.6;20.8;16.3;13388;111;0;0;256
2022:08:21:17:19:00,089;4;132;114.1;132.6;133.4;0.62;98;103;20.5;20.6;16.2;13388;111;0;0;256
2022:08:21:17:20:00,217;5;158;136.6;132.8;134.0;0.93;194;196;20.4;20.4;16.2;13388;111;0;0;256
2022:08:21:17:21:00,306;4;134;114.1;132.8;134.2;0.65;110;107;20.4;20.3;16.2;13388;111;0;0;256
2022:08:21:17:22:01,074;4;123;105.8;132.8;133.7;0.57;73;73;20.4;20.2;16.2;13388;111;0;0;256
2022:08:21:17:23:00,283;4;152;129.0;133.0;134.3;0.81;167;173;20.3;20.2;16.1;13388;111;0;0;256
2022:08:21:17:24:00,331;5;174;149.9;133.0;134.5;1.17;258;265;20.2;20.3;16.1;13388;111;0;0;256
2022:08:21:17:25:01,080;3;101;87.0;132.8;133.4;0.57;16;19;20.2;20.3;16.0;13388;111;0;0;256
2022:08:21:17:26:01,128;4;167;144.8;132.6;133.9;0.62;107;106;20.1;20.3;16.0;13388;111;8;0;256
2022:08:21:17:27:01,137;3;120;104.7;132.8;132.6;0.57;34;38;20.1;20.4;15.9;13388;111;0;0;256
2022:08:21:17:28:01,266;3;120;104.7;132.6;133.6;0.56;38;38;20.1;20.2;15.8;13388;111;0;0;256
2022:08:21:17:29:01,294;5;191;165.9;133.0;134.3;0.98;210;220;19.9;20.1;15.8;13388;111;0;0;256
2022:08:21:17:30:01,363;4;130;111.2;132.6;133.4;0.59;87;89;20.1;20.1;15.8;13388;111;0;0;256
2022:08:21:17:31:01,351;3;87;77.9;132.4;133.6;0.57;4;5;20.0;19.7;15.7;13388;111;0;0;256
2022:08:21:17:32:01,380;3;101;88.0;132.4;133.0;0.55;19;19;19.9;19.7;15.6;13388;111;0;0;256
2022:08:21:17:33:00,848;5;189;158.1;132.8;134.2;1.53;340;339;19.7;20.0;15.6;13388;111;0;0;256
2022:08:21:17:34:00,637;3;126;109.0;132.6;133.4;0.58;76;84;19.8;20.1;15.6;13388;111;0;0;256
2022:08:21:17:35:01,406;3;109;95.3;132.6;133.4;0.56;31;34;19.7;19.9;15.5;13388;111;0;0;256
2022:08:21:17:36:01,454;3;128;112.3;132.6;133.4;0.56;40;40;19.6;19.6;15.4;13388;111;8;0;256
2022:08:21:17:37:01,503;3;96;87.0;132.1;133.4;0.56;0;6;19.5;19.3;15.4;13388;111;8;0;256
2022:08:21:17:38:01,191;4;137;117.1;132.4;133.2;0.66;116;117;19.4;19.3;15.4;13388;111;0;0;256
2022:08:21:17:39:01,220;2;63;54.1;132.1;133.1;0.58;0;0;19.4;19.5;15.3;13388;111;8;0;256
2022:08:21:17:40:01,248;2;85;79.3;131.9;133.1;0.12;0;5;19.3;19.3;15.3;13388;111;1;0;0
2022:08:21:17:41:01,257;1;39;51.4;132.4;133.2;0.12;0;0;19.1;19.1;15.3;13388;111;1;0;0
2022:08:21:17:42:01,306;2;55;51.1;132.1;133.1;0.12;0;0;18.9;18.9;15.2;13388;111;1;0;0
2022:08:21:17:43:00,194;4;149;128.2;132.1;133.9;0.77;155;159;18.8;18.6;15.2;13388;111;0;0;256
2022:08:21:17:44:01,363;3;117;100.9;132.1;133.1;0.56;54;56;19.0;18.7;15.2;13388;111;0;0;256
2022:08:21:17:45:01,431;3;112;97.8;132.1;133.1;0.52;26;41;19.0;18.8;15.1;13388;111;0;0;256
2022:08:21:17:46:01,460;4;126;109.1;132.1;132.9;0.58;80;87;19.1;19.0;15.1;13388;111;0;0;256
2022:08:21:17:47:01,508;5;181;155.5;132.4;133.8;1.33;294;297;19.1;19.3;15.1;13388;111;0;0;256
2022:08:21:17:48:00,717;4;140;120.4;132.4;133.2;0.7;132;131;19.2;19.3;15.0;13388;111;0;0;256
2022:08:21:17:49:01,465;2;73;63.9;132.1;132.9;0.58;0;0;19.2;19.0;14.9;13388;111;8;0;256
2022:08:21:17:50:01,514;3;124;108.5;132.6;133.9;0.55;53;55;19.1;18.8;14.9;13388;111;0;0;256
2022:08:21:17:51:00,043;3;119;103.3;132.4;133.0;0.56;44;44;19.0;19.1;14.9;13388;111;0;0;256
2022:08:21:17:52:00,091;3;101;91.3;132.4;133.2;0.56;7;9;18.9;19.1;14.8;13388;111;8;0;256
2022:08:21:17:53:00,080;3;127;111.1;132.4;133.0;0.56;39;39;18.9;18.8;14.8;13388;111;8;0;256
2022:08:21:17:54:00,508;4;212;183.9;132.6;134.2;1.07;233;241;18.7;18.6;14.8;13388;111;0;0;256
2022:08:21:17:55:00,877;5;200;170.6;132.4;133.8;1.36;301;304;18.8;18.7;14.8;13388;111;0;0;256
2022:08:21:17:56:00,926;5;166;139.3;132.1;133.6;1.08;233;234;18.9;18.9;14.7;13388;111;0;0;256
2022:08:21:17:57:01,054;5;162;136.3;131.9;133.3;0.99;211;213;18.8;19.1;14.7;13388;111;0;0;256
2022:08:21:17:58:01,103;5;162;139.6;131.9;133.3;0.99;210;211;18.8;19.0;14.7;13388;111;0;0;256
2022:08:21:17:59:01,291;4;141;121.3;131.7;132.7;0.69;128;134;18.8;18.7;14.6;13388;111;0;0;256
2022:08:21:18:00:01,300;4;123;106.9;131.7;132.7;0.57;69;73;18.8;18.7;14.6;13388;111;0;0;256
2022:08:21:18:01:01,388;4;144;123.7;131.5;132.7;0.76;149;150;18.8;19.0;14.6;13388;111;0;0;256
2022:08:21:18:02:01,477;4;139;119.1;131.5;132.7;0.68;126;127;18.7;19.0;14.5;13388;111;0;0;256
2022:08:21:18:03:00,006;4;141;120.6;131.5;132.9;0.69;125;130;18.6;18.4;14.5;13388;111;0;0;256
2022:08:21:18:04:00,454;4;128;111.4;131.5;132.5;0.59;88;93;18.5;18.6;14.5;13388;111;0;0;256
2022:08:21:18:05:00,483;4;130;112.5;131.2;132.1;0.6;92;96;18.5;18.7;14.5;13388;111;0;0;256
2022:08:21:18:06:17,133;4;156;133.9;131.2;132.7;0.9;188;190;18.5;18.7;14.4;13388;111;0;0;256
2022:08:21:18:07:00,880;4;149;127.9;131.5;132.9;0.81;167;163;18.5;18.4;14.4;13388;111;0;0;256
2022:08:21:18:08:00,928;4;138;118.8;131.7;133.0;0.68;124;127;18.6;18.6;14.4;13388;111;0;0;256
2022:08:21:18:09:01,017;4;136;117.2;131.9;132.8;0.66;115;117;18.5;18.7;14.4;13388;111;0;0;256
2022:08:21:18:10:01,125;3;117;101.5;132.1;132.1;0.56;55;56;18.4;18.6;14.4;13388;111;0;0;256
2022:08:21:18:11:01,174;4;144;123.1;131.9;132.8;0.74;142;144;18.4;18.2;14.3;13388;111;0;0;256
2022:08:21:18:12:00,363;3;117;101.2;131.9;132.5;0.56;54;56;18.4;18.5;14.3;13388;111;0;0;256
2022:08:21:18:13:00,431;3;103;90.0;131.9;132.5;0.56;20;21;18.4;18.5;14.3;13388;111;0;0;256
2022:08:21:18:14:00,480;3;102;90.0;131.7;132.3;0.53;3;19;18.3;18.1;14.3;13388;111;0;0;256
2022:08:21:18:15:00,528;4;135;115.8;132.1;133.1;0.64;112;115;18.3;18.1;14.3;13388;111;0;0;256
2022:08:21:18:16:00,277;3;117;100.6;131.7;132.7;0.56;52;52;18.4;18.5;14.3;13388;111;0;0;256
2022:08:21:18:17:01,045;4;141;121.0;131.9;133.3;0.71;134;134;18.3;18.5;14.3;13388;111;0;0;256
2022:08:21:18:18:01,054;4;127;109.2;131.9;133.1;0.59;86;87;18.3;18.2;14.3;13388;111;0;0;256
2022:08:21:18:19:01,163;3;103;89.9;131.9;132.3;0.58;33;23;18.2;18.0;14.3;13388;111;0;0;256
2022:08:21:18:20:01,271;4;123;106.7;131.7;132.7;0.58;71;73;18.2;18.3;14.2;13388;111;0;0;256
2022:08:21:18:21:01,340;4;129;111.0;131.9;132.5;0.59;91;93;18.2;18.4;14.2;13388;111;0;0;256
2022:08:21:18:22:00,528;3;92;83.2;131.7;132.5;0.56;6;8;18.2;17.9;14.2;13388;111;0;0;256
2022:08:21:18:23:00,577;3;85;77.1;131.9;132.8;0.56;6;5;18.2;18.1;14.2;13388;111;0;0;256
2022:08:21:18:24:00,605;3;99;87.4;131.7;132.7;0.57;7;17;18.1;18.3;14.2;13388;111;0;0;256
2022:08:21:18:25:00,654;2;56;54.8;131.5;132.7;0.13;0;0;18.1;18.1;14.2;13388;111;1;0;0
2022:08:21:18:26:00,647;4;126;109.6;132.4;132.8;0.59;86;84;17.8;17.7;14.2;13388;111;0;0;256
2022:08:21:18:27:01,721;3;107;92.7;131.7;133.0;0.55;32;33;18.0;17.9;14.2;13388;111;0;0;256
2022:08:21:18:28:01,536;3;101;88.2;131.9;132.8;0.55;17;19;18.0;18.2;14.2;13388;111;0;0;256
2022:08:21:18:29:00,010;3;100;87.0;131.7;132.5;0.56;13;9;18.0;17.7;14.2;13388;111;8;0;256
2022:08:21:18:30:00,045;2;81;70.4;131.9;132.5;0.57;4;1;18.0;17.9;14.2;13388;111;8;0;256
2022:08:21:18:31:00,475;3;96;84.0;131.9;132.8;0.57;6;6;18.0;18.1;14.2;13388;111;8;0;256
2022:08:21:18:32:00,624;4;169;147.1;132.1;133.6;0.66;117;117;18.0;18.1;14.2;13388;111;0;0;256
2022:08:21:18:33:00,713;3;123;107.6;132.1;132.9;0.55;35;35;18.0;17.8;14.2;13388;111;0;0;256
2022:08:21:18:34:00,681;3;119;104.9;131.7;132.3;0.55;26;28;18.0;17.8;14.2;13388;111;0;0;256
2022:08:21:18:35:01,470;2;68;59.3;131.7;132.3;0.57;3;0;18.0;18.0;14.2;13388;111;8;0;256
2022:08:21:18:36:01,538;2;87;81.3;131.5;133.5;0.12;0;5;17.8;17.9;14.2;13388;111;1;0;0
2022:08:21:18:37:01,487;4;143;124.1;132.1;133.4;0.72;139;143;17.8;17.7;14.2;13388;111;0;0;256
2022:08:21:18:38:01,515;3;119;102.9;131.7;132.7;0.56;57;62;17.9;17.7;14.2;13388;111;0;0;256
2022:08:21:18:39:00,044;3;112;97.6;131.9;132.8;0.55;38;41;17.9;18.0;14.1;13388;111;0;0;256
2022:08:21:18:40:00,073;4;142;122.7;131.9;133.6;0.72;138;138;17.9;17.8;14.2;13388;111;0;0;256
2022:08:21:18:41:00,241;3;113;97.6;132.1;132.9;0.56;44;44;17.9;17.7;14.1;13388;111;0;0;256
2022:08:21:18:42:00,250;4;127;110.5;131.9;133.1;0.59;83;87;17.8;18.0;14.1;13388;111;0;0;256
2022:08:21:18:43:00,378;3;114;98.4;132.4;132.8;0.56;48;47;17.9;17.9;14.1;13388;111;0;0;256
2022:08:21:18:44:00,407;3;122;106.1;132.4;132.0;0.57;69;71;17.8;17.6;14.0;13388;111;0;0;256
2022:08:21:18:45:00,435;3;97;84.7;131.9;133.1;0.55;12;14;17.8;17.7;14.0;13388;111;0;0;256
2022:08:21:18:46:00,484;3;87;75.2;131.9;132.5;0.57;4;5;17.8;18.0;14.0;13388;111;0;0;256
2022:08:21:18:47:00,533;2;82;74.1;132.1;133.1;0.57;0;1;17.8;17.6;14.0;13388;111;8;0;256
2022:08:21:18:48:00,581;3;93;82.4;131.9;133.1;0.57;4;4;17.7;17.5;14.0;13388;111;8;0;256
2022:08:21:18:49:00,630;2;77;70.9;131.9;133.1;0.56;0;0;17.7;17.8;14.0;13388;111;8;0;256
2022:08:21:18:50:00,598;2;60;56.3;131.7;133.0;0.13;0;0;17.8;17.7;14.0;13388;111;1;0;0
2022:08:21:18:51:00,947;2;53;49.3;131.7;133.0;0.12;0;0;17.5;17.5;14.0;13388;111;1;0;0
2022:08:21:18:52:00,295;3;88;86.6;131.2;132.4;0.12;0;6;17.3;17.4;14.0;13388;111;1;0;0
2022:08:21:18:53:00,324;2;49;52.5;131.5;132.5;0.12;0;0;17.4;17.4;13.9;13388;111;1;0;0
2022:08:21:18:54:00,353;1;39;42.0;131.5;132.7;0.13;0;0;17.2;17.2;13.9;13388;111;1;0;0
2022:08:21:18:55:00,401;4;122;105.7;131.9;132.8;0.58;74;73;17.0;16.8;14.0;13388;111;0;0;256
2022:08:21:18:56:00,450;3;119;103.5;131.9;132.5;0.56;21;28;17.2;17.2;13.9;13388;111;8;0;256
2022:08:21:18:57:00,238;3;134;117.0;131.9;132.5;0.56;55;57;17.4;17.5;13.9;13388;111;0;0;256
2022:08:21:18:58:00,267;3;115;100.8;131.7;132.5;0.55;23;25;17.5;17.3;13.9;13388;111;0;0;256
2022:08:21:18:59:00,275;3;90;79.3;131.9;133.1;0.55;0;3;17.5;17.1;13.9;13388;111;0;0;256
2022:08:21:19:00:00,404;3;123;108.5;131.9;132.8;0.55;34;37;17.4;17.5;13.8;13388;111;0;0;256
2022:08:21:19:01:00,432;3;109;95.5;132.4;132.8;0.55;20;17;17.5;17.5;13.8;13388;111;0;0;256
2022:08:21:19:02:00,541;3;93;81.7;132.1;132.9;0.57;5;4;17.5;17.1;13.8;13388;111;0;0;256
2022:08:21:19:03:00,590;2;73;65.7;132.4;133.0;0.57;6;0;17.5;17.4;13.8;13388;111;8;0;256
2022:08:21:19:04:00,638;2;85;78.4;132.1;132.9;0.56;0;2;17.4;17.5;13.8;13388;111;8;0;256
2022:08:21:19:05:00,687;3;113;100.0;132.1;133.1;0.55;20;20;17.4;17.1;13.8;13388;111;8;0;256
2022:08:21:19:06:00,775;3;96;83.0;132.1;132.9;0.57;5;6;17.4;17.3;13.8;13388;111;8;0;256
2022:08:21:19:07:00,804;3;140;122.4;132.1;133.4;0.56;60;60;17.4;17.5;13.8;13388;111;8;0;256
2022:08:21:19:08:00,872;3;127;111.1;132.1;132.9;0.56;38;41;17.4;17.3;13.8;13388;111;8;0;256
2022:08:21:19:09:00,941;2;81;71.6;132.1;133.1;0.56;0;1;17.5;17.1;13.8;13388;111;8;0;256
2022:08:21:19:10:00,910;3;120;103.8;132.1;133.1;0.58;69;65;17.2;17.3;13.8;13388;111;0;0;256
2022:08:21:19:11:00,978;3;115;99.9;132.1;133.1;0.56;50;51;17.3;17.3;13.8;13388;111;0;0;256
2022:08:21:19:12:00,947;4;132;113.5;132.1;133.6;0.62;103;105;17.3;17.0;13.8;13388;111;0;0;256
2022:08:21:19:13:01,015;2;83;71.6;132.4;132.2;0.56;0;1;17.4;17.3;13.7;13388;111;8;0;256
2022:08:21:19:14:01,044;3;112;98.0;132.1;133.1;0.56;19;17;17.3;17.4;13.7;13388;111;8;0;256
2022:08:21:19:15:01,132;2;69;60.1;131.9;133.1;0.57;1;0;17.4;16.9;13.7;13388;111;8;0;256
2022:08:21:19:16:01,141;4;124;110.6;131.9;133.3;0.1;0;77;17.1;17.0;13.7;13388;111;0;0;0
2022:08:21:19:17:01,130;4;130;112.1;132.4;133.6;0.61;94;97;17.1;17.1;13.7;13388;111;0;0;256
2022:08:21:19:18:00,298;3;87;79.9;132.1;133.1;0.57;0;5;17.2;16.8;13.6;13388;111;0;0;256
2022:08:21:19:19:00,427;3;118;103.5;132.1;133.4;0.55;27;27;17.2;17.2;13.6;13388;111;8;0;256
2022:08:21:19:20:00,435;4;127;109.2;132.4;133.0;0.6;88;87;17.1;17.2;13.6;13388;111;0;0;256
2022:08:21:19:21:00,484;4;125;108.1;132.6;133.0;0.58;78;81;17.2;16.9;13.6;13388;111;0;0;256
2022:08:21:19:22:00,472;3;88;77.4;132.1;133.1;0.57;4;5;17.2;17.3;13.6;13388;111;0;0;256
2022:08:21:19:23:00,521;3;143;125.5;132.4;133.0;0.57;65;64;17.2;17.2;13.6;13388;111;8;0;256
2022:08:21:19:24:00,570;2;79;74.6;132.1;133.4;0.13;0;2;17.1;17.1;13.5;13388;111;1;0;0
2022:08:21:19:25:00,998;3;120;87.5;132.4;133.2;0.55;14;87;17.1;17.1;13.5;13388;111;0;0;256
2022:08:21:19:26:00,207;2;74;68.5;132.1;132.6;0.57;0;0;17.1;17.0;13.5;13388;111;8;0;256
2022:08:21:19:27:00,215;3;139;122.2;132.1;133.1;0.56;57;60;17.1;16.9;13.5;13388;111;8;0;256
2022:08:21:19:28:01,284;2;57;54.3;131.7;132.7;0.1;0;0;17.2;17.1;13.5;13388;111;1;0;0
2022:08:21:19:29:01,212;4;127;109.7;132.1;133.6;0.59;88;87;17.0;17.0;13.5;13388;111;0;0;256
2022:08:21:19:30:01,301;3;110;95.6;132.1;132.9;0.56;53;42;17.1;16.8;13.5;13388;111;0;0;256
2022:08:21:19:31:01,330;4;123;107.2;132.6;133.4;0.57;73;74;17.1;17.0;13.5;13388;111;0;0;256
2022:08:21:19:32:01,418;4;133;115.0;132.4;133.6;0.62;107;108;17.1;17.1;13.5;13388;111;0;0;256
2022:08:21:19:33:01,407;4;133;114.0;133.0;133.0;0.62;103;108;17.1;16.9;13.5;13388;111;0;0;256
2022:08:21:19:34:01,035;4;133;114.4;132.6;133.4;0.64;105;108;17.1;17.2;13.5;13388;111;0;0;256
2022:08:21:19:35:00,224;4;133;114.1;132.4;133.6;0.62;106;108;17.1;16.9;13.5;13388;111;0;0;256
2022:08:21:19:36:00,292;3;107;93.1;132.6;133.0;0.55;29;29;17.1;16.9;13.4;13388;111;0;0;256
2022:08:21:19:37:00,341;3;101;89.2;132.4;132.8;0.56;17;19;17.1;17.1;13.4;13388;111;0;0;256
2022:08:21:19:38:01,070;4;123;106.4;132.4;133.2;0.58;70;74;17.1;16.9;13.4;13388;111;0;0;256
2022:08:21:19:39:00,318;3;105;92.7;132.1;133.1;0.55;26;29;17.1;17.0;13.4;13388;111;0;0;256
2022:08:21:19:40:00,367;3;104;90.3;131.7;133.5;0.57;8;11;17.0;17.1;13.4;13388;111;8;0;256
2022:08:21:19:41:00,415;3;143;124.9;132.4;133.0;0.57;65;64;17.0;16.6;13.4;13388;111;8;0;256
2022:08:21:19:42:00,404;3;157;137.9;132.4;133.2;0.6;86;88;17.0;17.0;13.5;13388;111;8;0;256
2022:08:21:19:43:00,452;3;109;96.1;132.4;133.0;0.56;12;15;17.0;17.0;13.4;13388;111;8;0;256
2022:08:21:19:44:00,481;2;57;54.6;132.4;133.2;0.1;0;0;17.1;16.9;13.4;13388;111;1;0;0
2022:08:21:19:45:00,510;2;81;77.5;132.1;133.6;0.12;0;2;16.8;16.8;13.4;13388;111;1;0;0
2022:08:21:19:46:01,238;3;116;100.7;132.6;133.4;0.56;51;51;16.7;16.8;13.4;13388;111;0;0;256
2022:08:21:19:47:01,267;3;115;100.2;133.0;133.0;0.56;53;53;16.8;16.5;13.4;13388;111;0;0;256
2022:08:21:19:48:01,315;2;82;74.4;132.4;133.0;0.56;0;2;16.9;16.8;13.4;13388;111;0;0;256
2022:08:21:19:49:01,344;4;123;107.4;132.1;133.9;0.58;75;74;16.9;17.0;13.4;13388;111;0;0;256
2022:08:21:19:50:01,452;3;120;104.2;133.0;133.0;0.56;62;63;17.0;16.7;13.4;13388;111;0;0;256
2022:08:21:19:51:01,481;4;122;105.8;132.8;133.7;0.58;72;71;17.0;16.9;13.4;13388;111;0;0;256
2022:08:21:19:52:00,729;4;125;108.2;132.6;133.0;0.58;79;81;17.0;17.0;13.4;13388;111;0;0;256
2022:08:21:19:53:00,238;4;147;127.5;132.8;134.2;0.79;157;160;16.9;16.8;13.4;13388;111;0;0;256
2022:08:21:19:54:00,947;3;107;93.5;132.4;133.0;0.55;29;30;17.0;17.1;13.4;13388;111;0;0;256
2022:08:21:19:55:01,035;3;114;99.0;132.4;133.2;0.55;42;48;17.0;17.0;13.4;13388;111;0;0;256
2022:08:21:19:56:01,084;3;114;99.4;132.6;133.4;0.55;46;48;17.0;16.7;13.4;13388;111;0;0;256
2022:08:21:19:57:01,192;2;71;62.8;132.1;133.1;0.56;0;0;17.0;17.0;13.4;13388;111;8;0;256
2022:08:21:19:58:01,201;2;79;68.7;132.4;132.8;0.58;0;1;17.0;16.7;13.4;13388;111;8;0;256
2022:08:21:19:59:01,349;2;83;72.6;132.1;132.9;0.58;2;1;16.9;16.8;13.4;13388;111;8;0;256
2022:08:21:20:00:00,498;2;62;53.4;132.4;132.6;0.56;0;0;17.0;17.0;13.4;13388;111;8;0;256
2022:08:21:20:01:01,267;3;95;82.4;132.1;133.4;0.58;2;6;16.9;16.7;13.4;13388;111;8;0;256
2022:08:21:20:02:01,355;3;114;100.6;132.1;133.1;0.56;22;21;16.9;16.9;13.4;13388;111;8;0;256
2022:08:21:20:03:01,404;3;101;88.9;132.4;132.8;0.58;24;9;17.0;17.1;13.4;13388;111;8;0;256
2022:08:21:20:04:01,472;2;81;73.2;132.1;132.9;0.56;0;1;17.0;16.7;13.4;13388;111;8;0;256
2022:08:21:20:05:00,981;4;173;151.0;132.4;133.2;0.66;118;120;16.9;16.9;13.4;13388;111;8;0;256
2022:08:21:20:06:01,069;3;141;123.4;132.1;132.9;0.57;60;63;17.0;17.0;13.4;13388;111;8;0;256
2022:08:21:20:07:00,998;3;87;81.5;132.1;133.1;0.57;0;2;17.0;16.6;13.4;13388;111;8;0;256
2022:08:21:20:08:00,988;3;142;124.3;132.4;133.2;0.56;63;64;16.9;17.0;13.4;13388;111;8;0;256
2022:08:21:20:09:01,102;3;130;113.8;132.1;133.1;0.55;44;46;16.9;17.0;13.4;13388;111;8;0;256
2022:08:21:20:10:01,177;2;67;58.2;131.9;132.5;0.57;0;0;17.0;16.5;13.4;13388;111;8;0;256
2022:08:21:20:11:01,291;2;58;54.7;131.9;133.1;0.1;0;0;17.0;16.8;13.4;13388;111;1;0;0
2022:08:21:20:12:01,306;4;137;117.8;132.1;133.9;0.67;119;118;16.7;16.6;13.4;13388;111;0;0;256
2022:08:21:20:13:01,399;3;96;84.1;132.1;133.4;0.56;13;13;16.8;16.6;13.4;13388;111;0;0;256
2022:08:21:20:14:01,388;3;101;88.4;132.4;132.8;0.57;9;9;16.8;17.0;13.4;13388;111;8;0;256
2022:08:21:20:15:00,297;2;66;58.6;132.1;133.4;0.56;0;0;16.9;16.5;13.4;13388;111;8;0;256
2022:08:21:20:16:00,225;1;21;40.8;131.9;133.1;0.12;0;0;16.7;16.7;13.4;13388;111;1;0;0
2022:08:21:20:17:00,214;0;0;31.6;132.1;133.4;0.12;0;0;16.5;16.5;13.4;13388;111;1;0;0
2022:08:21:20:18:00,182;0;0;28.0;132.1;133.4;0.13;0;0;16.5;16.4;13.4;13388;111;1;0;0
2022:08:21:20:19:00,171;1;21;29.0;132.1;133.1;0.13;0;0;16.4;16.3;13.4;13388;111;1;0;0
2022:08:21:20:20:00,179;0;0;29.7;132.1;133.1;0.12;0;0;16.3;16.3;13.4;13388;111;1;0;0
2022:08:21:20:21:00,168;0;0;27.0;132.4;133.8;0.12;0;0;16.2;16.2;13.4;13388;111;1;0;0
2022:08:21:20:22:00,117;0;0;24.4;132.4;133.2;0.13;0;0;16.2;16.2;13.4;13388;111;1;0;0
2022:08:21:20:23:00,105;0;0;23.6;132.4;133.6;0.13;0;0;16.2;16.1;13.4;13388;111;1;0;0
2022:08:21:20:24:00,094;0;0;23.9;132.1;133.4;0.13;0;0;16.2;16.1;13.4;13388;111;1;0;0
2022:08:21:20:25:00,082;0;5;25.1;132.1;133.4;0.12;0;0;16.1;16.1;13.4;13388;111;1;0;0
2022:08:21:20:26:00,111;0;0;25.7;132.1;133.4;0.12;0;0;16.1;16.0;13.4;13388;111;1;0;0
2022:08:21:20:27:00,039;0;0;24.4;132.1;132.9;0.12;0;0;16.1;16.0;13.4;13388;111;1;0;0
2022:08:21:20:28:00,008;0;0;23.5;132.1;133.6;0.12;0;0;16.1;16.0;13.4;13388;111;1;0;0
2022:08:21:20:29:00,037;0;0;23.3;131.9;133.1;0.13;0;0;16.1;16.0;13.4;13388;111;1;0;0
2022:08:21:20:30:00,085;0;0;23.9;131.9;133.3;0.12;0;0;16.0;16.0;13.4;13388;111;1;0;0
2022:08:21:20:31:00,094;0;0;24.1;132.1;133.1;0.12;0;0;16.0;15.9;13.4;13388;111;1;0;0
2022:08:21:20:32:00,082;0;0;23.5;131.9;133.3;0.12;0;0;16.0;15.9;13.3;13388;111;1;0;0
2022:08:21:20:33:00,091;0;0;23.2;131.9;133.3;0.12;0;0;16.0;15.9;13.3;13388;111;1;0;0
2022:08:21:20:34:00,039;0;0;23.2;131.9;132.8;0.13;0;0;16.0;15.9;13.3;13388;111;1;0;0
2022:08:21:20:35:00,028;0;0;23.1;132.1;133.1;0.12;0;0;16.0;15.9;13.3;13388;111;1;0;0
2022:08:21:20:36:00,017;0;0;23.1;131.9;133.1;0.12;0;0;16.0;15.9;13.3;13388;111;1;0;0
2022:08:21:20:37:00,065;0;0;23.1;132.1;133.1;0.12;0;0;16.0;15.9;13.3;13388;111;1;0;0
2022:08:21:20:38:01,514;0;0;24.6;132.1;133.4;0.12;0;0;15.9;15.8;13.3;13388;111;1;0;0
2022:08:21:20:39:01,482;1;31;29.0;132.1;133.6;0.12;0;0;15.9;15.8;13.3;13388;111;1;0;0
2022:08:21:20:40:01,431;2;71;66.6;132.1;133.4;0.12;0;0;15.8;15.8;13.2;13388;111;1;0;0
2022:08:21:20:41:01,519;3;91;83.1;132.4;133.2;0.56;4;3;16.0;16.0;13.3;13388;111;8;0;256
2022:08:21:20:42:00,028;3;130;113.9;132.8;133.4;0.56;44;44;16.2;16.0;13.3;13388;111;8;0;256
2022:08:21:20:43:00,057;4;167;145.7;132.6;133.9;0.69;131;131;16.4;16.2;13.3;13388;111;0;0;256
2022:08:21:20:44:00,105;2;80;70.1;132.6;133.0;0.58;0;1;16.5;16.6;13.2;13388;111;0;0;256
2022:08:21:20:45:00,094;3;159;139.7;132.4;133.0;0.59;83;92;16.5;16.2;13.3;13388;111;8;0;256
2022:08:21:20:46:00,482;4;172;150.8;132.8;134.0;0.66;120;120;16.5;16.3;13.3;13388;111;8;0;256
2022:08:21:20:47:00,471;3;130;114.6;132.6;133.0;0.56;45;44;16.5;16.7;13.2;13388;111;8;0;256
2022:08:21:20:48:00,499;3;91;79.6;132.4;133.0;0.58;13;3;16.5;16.3;13.2;13388;111;8;0;256
2022:08:21:20:49:01,228;4;209;182.3;133.0;134.3;0.99;215;221;16.4;16.3;13.3;13388;111;0;0;256
2022:08:21:20:50:00,756;3;123;107.4;132.6;133.4;0.56;53;55;16.6;16.6;13.3;13388;111;0;0;256
2022:08:21:20:51:00,845;3;115;100.5;132.1;133.1;0.56;39;38;16.6;16.3;13.3;13388;111;0;0;256
2022:08:21:20:52:00,914;3;91;82.9;132.4;133.0;0.56;4;6;16.6;16.6;13.2;13388;111;0;0;256
2022:08:21:20:53:00,882;4;125;107.7;132.6;133.4;0.59;81;81;16.5;16.3;13.3;13388;111;0;0;256
2022:08:21:20:54:00,891;4;135;117.7;132.6;133.6;0.65;114;116;16.5;16.4;13.3;13388;111;0;0;256
2022:08:21:20:55:00,939;4;153;129.8;132.8;134.2;0.87;179;180;16.5;16.8;13.3;13388;111;0;0;256
2022:08:21:20:56:01,368;4;143;123.1;132.6;133.9;0.72;139;138;16.7;16.6;13.3;13388;111;0;0;256
2022:08:21:20:57:00,496;4;148;127.7;132.6;133.9;0.79;158;161;16.7;16.8;13.3;13388;111;0;0;256
2022:08:21:20:58:00,565;4;129;111.8;132.6;133.6;0.6;93;93;16.7;16.8;13.4;13388;111;0;0;256
2022:08:21:20:59:00,654;3;91;80.1;132.1;132.9;0.56;2;6;16.7;16.4;13.3;13388;111;0;0;256
2022:08:21:21:00:00,762;3;110;96.3;132.1;133.4;0.55;15;16;16.6;16.8;13.3;13388;111;8;0;256
2022:08:21:21:01:00,811;3;144;126.5;132.4;133.0;0.57;68;68;16.6;16.5;13.4;13388;111;8;0;256
2022:08:21:21:02:00,119;3;121;106.8;132.1;132.9;0.56;29;31;16.6;16.6;13.3;13388;111;8;0;256
2022:08:21:21:03:00,848;3;110;96.8;132.1;132.9;0.58;22;16;16.6;16.7;13.4;13388;111;8;0;256
2022:08:21:21:04:00,136;3;121;106.3;132.4;133.0;0.56;31;31;16.6;16.3;13.3;13388;111;8;0;256
2022:08:21:21:05:01,445;3;126;107.8;132.1;133.4;0.56;43;39;16.7;16.5;13.4;13388;111;8;0;256
2022:08:21:21:06:01,514;2;69;64.2;132.4;133.0;0.57;0;0;16.7;16.8;13.4;13388;111;8;0;256
2022:08:21:21:07:00,022;3;117;104.4;132.4;133.0;0.56;24;24;16.6;16.5;13.4;13388;111;8;0;256
2022:08:21:21:08:01,491;2;79;74.4;131.9;133.3;0.13;0;2;16.6;16.6;13.4;13388;111;1;0;0
2022:08:21:21:09:00,679;3;85;74.5;132.1;133.1;0.57;4;5;16.6;16.4;13.4;13388;111;0;0;256
2022:08:21:21:10:00,648;3;112;105.2;131.9;133.1;0.12;0;42;16.5;16.5;13.4;13388;111;1;0;0
2022:08:21:21:11:00,656;3;116;101.4;132.4;133.0;0.56;55;56;16.5;16.5;13.4;13388;111;0;0;256
2022:08:21:21:12:00,745;3;134;117.5;132.4;133.0;0.56;48;49;16.5;16.3;13.4;13388;111;8;0;256
2022:08:21:21:13:00,794;3;132;115.2;132.1;132.9;0.56;45;48;16.6;16.7;13.4;13388;111;8;0;256
2022:08:21:21:14:00,902;3;86;74.2;132.4;132.6;0.59;0;2;16.7;16.7;13.4;13388;111;8;0;256
2022:08:21:21:15:00,951;2;65;60.6;131.9;133.3;0.12;0;0;16.6;16.6;13.4;13388;111;1;0;0
2022:08:21:21:16:00,979;3;92;88.4;131.9;133.3;0.12;0;8;16.4;16.5;13.4;13388;111;1;0;0
2022:08:21:21:17:01,054;3;104;97.9;131.9;133.1;0.12;0;24;16.3;16.4;13.4;13388;111;1;0;0
2022:08:21:21:18:01,128;3;107;94.2;132.4;132.8;0.56;29;30;16.3;16.1;13.4;13388;111;0;0;256
2022:08:21:21:19:01,263;2;69;61.9;132.4;133.0;0.57;0;0;16.5;16.5;13.4;13388;111;8;0;256
2022:08:21:21:20:00,978;3;107;93.6;132.4;133.0;0.56;31;30;16.4;16.2;13.4;13388;111;0;0;256
2022:08:21:21:21:01,072;3;102;90.1;132.6;133.6;0.55;20;21;16.5;16.4;13.4;13388;111;0;0;256
2022:08:21:21:22:01,121;3;92;80.4;132.4;133.0;0.57;8;8;16.6;16.7;13.4;13388;111;0;0;256
2022:08:21:21:23:00,729;2;75;66.6;132.4;133.0;0.57;0;0;16.7;16.3;13.4;13388;111;8;0;256
2022:08:21:21:24:00,798;3;96;83.1;132.4;132.8;0.57;4;6;16.7;16.7;13.4;13388;111;8;0;256
2022:08:21:21:25:00,726;3;130;113.8;132.8;133.2;0.56;39;42;16.7;16.7;13.4;13388;111;8;0;256
2022:08:21:21:26:00,775;3;130;114.5;132.8;133.7;0.56;44;46;16.7;16.5;13.4;13388;111;8;0;256
2022:08:21:21:27:00,744;2;56;54.0;132.4;133.8;0.13;0;0;16.8;16.7;13.4;13388;111;1;0;0
2022:08:21:21:28:00,572;3;115;99.4;132.8;133.7;0.56;49;51;16.6;16.4;13.5;13388;111;0;0;256
2022:08:21:21:29:00,561;3;104;95.2;132.6;133.6;0.57;7;12;16.6;16.4;13.4;13388;111;8;0;256
2022:08:21:21:30:00,649;3;124;109.6;132.8;133.4;0.55;32;35;16.7;16.8;13.5;13388;111;8;0;256
2022:08:21:21:31:01,378;4;165;142.9;133.0;134.0;0.79;159;160;16.8;16.9;13.5;13388;111;0;0;256
2022:08:21:21:32:01,446;3;98;85.8;132.8;133.4;0.57;6;9;16.8;16.5;13.5;13388;111;0;0;256
2022:08:21:21:33:01,495;3;121;105.4;132.8;134.0;0.55;46;48;16.8;16.8;13.5;13388;111;0;0;256
2022:08:21:21:34:01,463;3;115;100.4;132.8;133.7;0.56;36;35;16.8;16.7;13.4;13388;111;0;0;256
2022:08:21:21:35:01,532;3;101;88.8;133.0;133.5;0.59;24;13;16.8;16.5;13.4;13388;111;0;0;256
2022:08:21:21:36:00,081;3;133;116.1;133.0;134.0;0.58;74;76;16.8;16.8;13.5;13388;111;0;0;256
2022:08:21:21:37:00,129;3;143;124.2;133.3;134.2;0.61;98;100;16.8;16.5;13.5;13388;111;0;0;256
2022:08:21:21:38:00,198;3;119;103.8;133.0;133.8;0.57;46;44;16.8;16.9;13.4;13388;111;0;0;256
2022:08:21:21:39:00,286;3;106;88.1;133.0;133.8;0.55;35;20;16.8;16.6;13.4;13388;111;0;0;256
2022:08:21:21:40:00,315;3;94;83.0;133.0;134.0;0.57;9;7;16.8;16.7;13.4;13388;111;0;0;256
2022:08:21:21:41:00,383;3;130;113.9;133.3;134.0;0.57;68;68;16.8;16.8;13.5;13388;111;0;0;256
2022:08:21:21:42:00,392;4;152;131.1;133.3;134.0;0.68;123;124;16.8;16.6;13.5;13388;111;0;0;256
2022:08:21:21:43:00,301;3;100;87.4;133.0;134.0;0.56;8;12;16.9;16.9;13.5;13388;111;0;0;256
2022:08:21:21:44:00,389;3;106;93.0;133.3;134.0;0.57;17;20;16.8;16.8;13.5;13388;111;0;0;256
2022:08:21:21:45:00,418;3;123;107.4;133.3;134.2;0.56;52;52;16.9;16.6;13.5;13388;111;0;0;256
2022:08:21:21:46:00,446;3;101;91.2;133.0;134.3;0.56;8;9;16.9;17.1;13.5;13388;111;8;0;256
2022:08:21:21:47:00,515;3;143;124.2;133.5;134.0;0.57;68;63;16.9;16.6;13.5;13388;111;8;0;256
2022:08:21:21:48:00,583;3;131;114.4;133.3;134.2;0.57;44;46;16.9;16.7;13.5;13388;111;8;0;256
2022:08:21:21:49:00,612;3;109;95.3;133.5;134.4;0.56;14;15;16.9;16.9;13.5;13388;111;8;0;256
2022:08:21:21:50:00,721;3;116;101.8;133.3;134.0;0.56;23;24;16.9;16.6;13.5;13388;111;8;0;256
2022:08:21:21:51:00,769;3;86;77.7;133.5;134.0;0.57;0;2;16.9;16.8;13.5;13388;111;8;0;256
2022:08:21:21:52:00,818;2;56;52.8;133.0;134.3;0.12;0;0;16.9;16.8;13.5;13388;111;1;0;0
2022:08:21:21:53:00,806;3;89;77.5;133.3;134.0;0.58;4;6;16.7;16.4;13.5;13388;111;0;0;256
2022:08:21:21:54:00,895;1;39;46.0;133.0;134.3;0.13;0;0;16.7;16.6;13.5;13388;111;1;0;0
2022:08:21:21:55:00,863;1;22;37.4;133.3;134.0;0.13;0;0;16.5;16.5;13.5;13388;111;1;0;0
2022:08:21:21:56:00,812;1;28;34.0;133.0;134.3;0.12;0;0;16.4;16.4;13.5;13388;111;1;0;0
2022:08:21:21:57:00,781;1;31;33.9;133.0;134.3;0.12;0;0;16.3;16.2;13.5;13388;111;1;0;0
2022:08:21:21:58:00,789;3;106;100.0;133.3;134.2;0.13;0;29;16.1;16.2;13.4;13388;111;1;0;0
2022:08:21:21:59:00,798;3;158;138.7;131.9;133.1;0.6;90;92;16.3;16.4;13.5;13388;111;8;0;256
2022:08:21:22:00:00,906;3;131;115.4;131.9;133.1;0.55;44;46;16.5;16.6;13.4;13388;111;8;0;256
2022:08:21:22:01:00,935;3;147;128.6;131.9;132.8;0.57;71;72;16.6;16.3;13.5;13388;111;8;0;256
2022:08:21:22:02:01,003;4;161;141.3;132.1;132.9;0.6;92;94;16.6;16.6;13.4;13388;111;8;0;256
2022:08:21:22:03:01,052;3;166;145.2;131.9;132.8;0.61;100;103;16.6;16.7;13.5;13388;111;8;0;256
2022:08:21:22:04:01,061;3;161;142.1;131.7;132.7;0.6;96;96;16.7;16.5;13.4;13388;111;8;0;256
2022:08:21:22:05:01,109;3;139;121.2;131.7;132.5;0.56;57;58;16.7;16.6;13.4;13388;111;8;0;256
2022:08:21:22:06:01,178;3;155;136.8;131.2;132.7;0.59;83;85;16.6;16.8;13.4;13388;111;8;0;256
2022:08:21:22:07:01,266;5;195;169.1;131.5;132.9;1.04;222;218;16.6;16.5;13.4;13388;111;0;0;256
2022:08:21:22:08:01,255;3;143;125.1;131.2;132.1;0.57;79;81;16.7;16.7;13.4;13388;111;0;0;256
2022:08:21:22:09:01,323;3;115;100.5;131.0;131.9;0.55;27;29;16.7;16.7;13.4;13388;111;0;0;256
2022:08:21:22:10:01,332;3;135;118.7;131.2;132.1;0.56;52;52;16.7;16.5;13.4;13388;111;8;0;256
2022:08:21:22:11:01,420;3;129;113.6;131.2;132.4;0.55;40;42;16.7;16.9;13.4;13388;111;8;0;256
2022:08:21:22:12:01,489;2;74;65.6;131.0;132.1;0.57;0;0;16.8;16.5;13.4;13388;111;8;0;256
2022:08:21:22:13:01,018;4;150;129.5;131.5;132.9;0.82;167;169;16.6;16.7;13.4;13388;111;0;0;256
2022:08:21:22:14:01,046;4;139;119.6;131.7;132.3;0.69;129;128;16.7;16.8;13.4;13388;111;0;0;256
2022:08:21:22:15:00,234;4;115;100.2;131.0;132.9;0.56;55;51;16.8;16.6;13.4;13388;111;0;0;256
2022:08:21:22:16:00,383;3;116;101.4;131.2;132.1;0.55;49;53;16.8;17.0;13.4;13388;111;0;0;256
2022:08:21:22:17:00,432;4;150;129.6;131.9;133.1;0.82;170;169;16.7;16.5;13.4;13388;111;0;0;256
2022:08:21:22:18:00,461;4;134;115.5;131.5;132.9;0.64;108;112;16.8;16.7;13.4;13388;111;0;0;256
2022:08:21:22:19:00,549;3;112;98.1;131.2;132.1;0.55;40;42;16.8;16.9;13.4;13388;111;0;0;256
2022:08:21:22:20:01,278;4;125;108.7;131.5;132.7;0.59;85;81;16.8;16.6;13.4;13388;111;0;0;256
2022:08:21:22:21:01,306;5;166;143.9;131.9;133.1;1.06;230;233;16.7;16.7;13.4;13388;111;0;0;256
2022:08:21:22:22:00,515;3;113;98.1;131.5;132.7;0.53;43;44;16.9;16.9;13.4;13388;111;0;0;256
2022:08:21:22:23:02,283;4;147;124.9;131.7;132.7;0.79;159;158;16.9;16.9;13.4;13388;111;0;0;256
2022:08:21:22:24:00,812;4;134;115.2;131.9;132.8;0.64;110;108;16.9;17.1;13.4;13388;111;0;0;256
2022:08:21:22:25:00,840;3;117;101.6;131.7;132.5;0.56;55;56;16.9;17.0;13.3;13388;111;0;0;256
2022:08:21:22:26:00,949;4;133;114.9;131.7;132.5;0.64;110;108;16.8;16.6;13.3;13388;111;0;0;256
2022:08:21:22:27:00,137;4;123;107.4;131.7;132.5;0.57;71;74;16.8;17.0;13.3;13388;111;0;0;256
2022:08:21:22:28:00,866;3;120;104.2;131.7;132.5;0.57;67;69;16.8;16.7;13.4;13388;111;0;0;256
2022:08:21:22:29:00,955;4;143;122.5;131.7;133.0;0.74;141;142;16.8;16.8;13.4;13388;111;0;0;256
2022:08:21:22:30:00,863;4;138;118.9;131.5;132.5;0.66;121;124;16.8;16.9;13.3;13388;111;0;0;256
2022:08:21:22:31:00,071;3;119;102.9;131.5;132.7;0.56;58;63;16.8;16.7;13.4;13388;111;0;0;256
2022:08:21:22:32:00,100;3;113;98.4;131.5;132.1;0.55;43;44;16.8;16.9;13.3;13388;111;0;0;256
2022:08:21:22:33:00,128;4;143;122.2;131.7;132.7;0.74;142;142;16.8;16.6;13.4;13388;111;0;0;256
2022:08:21:22:34:00,197;4;133;114.7;131.0;132.6;0.62;102;108;16.8;16.8;13.4;13388;111;0;0;256
2022:08:21:22:35:01,046;4;122;105.5;131.5;132.7;0.57;69;71;16.8;16.9;13.3;13388;111;0;0;256
2022:08:21:22:36:01,075;2;89;64.2;131.5;132.1;0.57;0;1;16.8;16.5;13.3;13388;111;8;0;256
2022:08:21:22:37:01,203;3;99;88.3;131.5;132.5;0.56;11;7;16.7;16.8;13.3;13388;111;8;0;256
2022:08:21:22:38:01,292;3;94;86.2;131.5;132.1;0.56;4;5;16.8;16.8;13.3;13388;111;8;0;256
2022:08:21:22:39:01,360;3;121;107.2;131.9;132.5;0.55;31;31;16.7;16.4;13.3;13388;111;8;0;256
2022:08:21:22:40:00,568;4;204;178.3;132.1;133.6;0.96;203;207;16.7;17.0;13.3;13388;111;0;0;256
2022:08:21:22:41:01,339;4;157;135.2;132.1;133.4;0.78;158;166;16.9;17.0;13.3;13388;111;0;0;256
2022:08:21:22:42:01,426;4;151;130.4;132.4;133.6;0.74;144;146;16.9;16.7;13.4;13388;111;0;0;256
2022:08:21:22:43:01,455;3;123;107.4;131.9;133.1;0.56;63;65;16.9;17.0;13.3;13388;111;0;0;256
2022:08:21:22:44:01,523;4;170;147.5;132.1;133.6;0.99;210;212;16.8;16.9;13.3;13388;111;0;0;256
2022:08:21:22:45:00,011;4;167;143.2;132.1;133.6;0.94;199;201;16.8;16.9;13.4;13388;111;0;0;256
2022:08:21:22:46:00,059;4;139;119.3;132.1;133.1;0.64;107;109;16.9;17.0;13.3;13388;111;0;0;256
2022:08:21:22:47:00,448;4;134;116.4;132.1;132.9;0.61;96;95;16.9;16.7;13.3;13388;111;0;0;256
2022:08:21:22:48:00,237;3;125;108.2;131.9;132.8;0.56;68;69;16.8;17.0;13.3;13388;111;0;0;256
2022:08:21:22:49:00,205;5;183;156.0;132.6;134.2;1.2;264;265;16.8;17.0;13.3;13388;111;0;0;256
2022:08:21:22:50:00,955;4;134;116.4;132.1;133.4;0.6;95;95;17.0;16.8;13.3;13388;111;0;0;256
2022:08:21:22:51:02,003;3;102;89.4;132.1;133.1;0.55;15;16;16.9;16.8;13.3;13388;111;0;0;256
2022:08:21:22:52:00,691;3;107;93.4;132.1;132.6;0.55;24;25;16.8;16.8;13.3;13388;111;0;0;256
2022:08:21:22:53:00,699;3;102;89.3;132.4;133.0;0.55;17;16;16.8;16.6;13.3;13388;111;0;0;256
2022:08:21:22:54:00,268;3;124;108.8;132.4;133.0;0.56;61;65;16.8;16.9;13.4;13388;111;0;0;256
2022:08:21:22:55:00,277;3;114;99.5;132.4;133.0;0.55;34;41;16.8;16.6;13.3;13388;111;0;0;256
2022:08:21:22:56:00,345;3;132;115.2;132.1;133.1;0.59;89;90;16.9;17.0;13.4;13388;111;0;0;256
2022:08:21:22:57:00,414;3;101;89.0;131.7;133.0;0.56;14;16;16.9;17.0;13.4;13388;111;0;0;256
2022:08:21:22:58:00,422;3;114;101.5;132.4;132.2;0.56;19;21;16.8;16.6;13.4;13388;111;8;0;256
2022:08:21:22:59:00,531;3;121;105.8;132.4;132.8;0.56;28;31;16.8;17.0;13.3;13388;111;8;0;256
2022:08:21:23:00:00,539;3;113;98.9;132.1;132.9;0.56;18;20;16.8;16.7;13.3;13388;111;8;0;256
2022:08:21:23:01:00,668;3;115;100.5;131.9;132.8;0.55;23;23;16.8;16.6;13.4;13388;111;8;0;256
2022:08:21:23:02:00,697;3;107;93.9;131.9;133.1;0.55;13;13;16.8;16.9;13.3;13388;111;8;0;256
2022:08:21:23:03:00,745;3;149;130.8;131.9;132.8;0.57;74;75;16.8;16.6;13.4;13388;111;8;0;256
2022:08:21:23:04:00,794;3;153;134.4;132.1;132.9;0.58;78;82;16.8;16.7;13.4;13388;111;8;0;256
2022:08:21:23:05:00,802;3;113;99.5;132.1;133.1;0.56;19;20;16.8;17.0;13.3;13388;111;8;0;256
2022:08:21:23:06:00,811;4;203;177.1;132.4;133.6;0.99;212;221;16.7;16.6;13.4;13388;111;0;0;256
2022:08:21:23:07:00,899;3;127;111.7;132.4;133.2;0.56;47;46;16.8;16.6;13.4;13388;111;0;0;256
2022:08:21:23:08:00,969;3;142;123.9;132.4;133.0;0.58;72;72;16.8;17.0;13.4;13388;111;0;0;256
2022:08:21:23:09:00,998;4;159;138.7;132.4;133.2;0.62;103;105;16.8;16.7;13.4;13388;111;0;0;256
2022:08:21:23:10:01,086;3;121;105.2;132.1;132.9;0.56;48;45;16.9;16.7;13.4;13388;111;0;0;256
2022:08:21:23:11:01,095;4;166;145.0;132.4;133.6;0.75;149;152;16.8;17.0;13.4;13388;111;0;0;256
2022:08:21:23:12:01,023;4;152;131.8;132.1;133.4;0.64;110;112;16.8;16.8;13.4;13388;111;0;0;256
2022:08:21:23:13:00,271;4;154;134.8;132.4;133.2;0.65;115;120;16.8;16.8;13.4;13388;111;0;0;256
2022:08:21:23:14:00,359;3;119;103.9;132.4;132.8;0.55;40;41;16.8;16.9;13.4;13388;111;0;0;256
2022:08:21:23:15:00,408;3;131;114.5;132.4;133.0;0.56;62;63;16.8;16.6;13.4;13388;111;0;0;256
2022:08:21:23:16:01,357;3;143;124.6;132.4;133.6;0.6;92;95;16.8;16.7;13.4;13388;111;0;0;256
2022:08:21:23:17:01,426;4;173;149.7;132.6;133.9;0.8;164;172;16.7;17.0;13.4;13388;111;0;0;256
2022:08:21:23:18:01,455;4;143;123.3;132.8;133.7;0.62;103;102;16.8;16.7;13.4;13388;111;0;0;256
2022:08:21:23:19:01,523;3;134;116.4;132.6;133.6;0.56;57;52;16.8;16.7;13.4;13388;111;8;0;256
2022:08:21:23:20:00,051;5;209;179.8;131.7;133.8;1.43;316;319;16.7;16.8;13.4;13388;111;0;0;256
2022:08:21:23:21:00,779;4;147;126.0;131.7;132.7;0.74;141;139;16.9;16.7;13.4;13388;111;0;0;256
2022:08:21:23:22:00,848;3;129;112.2;131.7;132.3;0.59;86;86;17.0;17.0;13.4;13388;111;0;0;256
2022:08:21:23:23:01,457;3;121;105.9;131.7;132.5;0.55;58;61;17.0;17.2;13.4;13388;111;0;0;256
2022:08:21:23:24:01,226;3;118;102.1;131.9;132.5;0.56;55;53;16.9;16.7;13.4;13388;111;0;0;256
2022:08:21:23:25:01,275;4;153;131.2;131.7;133.0;0.81;163;161;16.8;17.0;13.4;13388;111;0;0;256
2022:08:21:23:26:00,503;3;100;87.1;131.5;132.1;0.55;14;16;17.0;17.0;13.4;13388;111;0;0;256
2022:08:21:23:27:01,232;3;110;96.0;131.5;132.1;0.55;34;32;17.0;16.7;13.3;13388;111;0;0;256
2022:08:21:23:28:01,280;4;139;120.0;131.2;133.2;0.65;113;114;16.9;17.1;13.4;13388;111;0;0;256
2022:08:21:23:29:01,429;3;137;119.8;131.2;132.4;0.56;51;55;16.8;16.9;13.4;13388;111;8;0;256
2022:08:21:23:30:00,676;3;136;118.8;131.5;132.1;0.55;52;53;16.9;16.8;13.4;13388;111;8;0;256
2022:08:21:23:31:00,725;2;67;58.9;131.0;131.5;0.56;0;0;16.9;17.1;13.4;13388;111;8;0;256
2022:08:21:23:32:00,814;2;60;55.1;130.8;132.1;0.1;0;0;16.9;16.7;13.4;13388;111;1;4096;0
2022:08:21:23:33:00,863;3;104;97.6;130.8;132.1;0.1;0;24;16.6;16.7;13.4;13388;111;1;4096;0
2022:08:21:23:34:00,838;4;124;107.3;131.5;132.1;0.58;78;74;16.5;16.7;13.4;13388;111;0;0;256
2022:08:21:23:35:00,953;3;99;86.9;131.2;131.7;0.55;13;17;16.6;16.4;13.4;13388;111;0;0;256
2022:08:21:23:36:01,007;4;129;111.7;131.0;132.6;0.61;96;97;16.7;16.6;13.4;13388;111;0;0;256
2022:08:21:23:37:01,121;3;119;104.4;131.2;132.1;0.55;27;28;16.7;16.9;13.4;13388;111;8;0;256
2022:08:21:23:38:00,235;4;153;133.9;131.2;132.1;0.61;99;100;16.8;16.6;13.4;13388;111;0;0;256
2022:08:21:23:39:00,364;3;98;86.8;131.2;132.1;0.57;4;7;16.9;16.8;13.4;13388;111;0;0;256
2022:08:21:23:40:00,452;2;63;54.0;131.2;131.9;0.57;0;0;16.9;17.0;13.4;13388;111;8;0;256
2022:08:21:23:41:00,541;4;127;109.3;131.7;132.5;0.58;84;85;16.7;16.5;13.4;13388;111;0;0;256
2022:08:21:23:42:00,569;2;82;73.5;131.5;132.5;0.56;0;3;16.8;16.7;13.4;13388;111;0;0;256
2022:08:21:23:43:01,278;3;87;76.1;131.5;132.1;0.55;0;5;16.8;17.0;13.4;13388;111;0;0;256
2022:08:21:23:44:01,366;2;56;53.4;131.7;132.7;0.13;0;0;16.8;16.8;13.4;13388;111;1;0;0
2022:08:21:23:45:01,295;3;89;78.1;131.9;132.8;0.55;9;6;16.6;16.5;13.4;13388;111;0;0;256
2022:08:21:23:46:00,584;3;86;75.0;131.9;133.1;0.57;0;2;16.7;16.9;13.4;13388;111;8;0;256
2022:08:21:23:47:00,592;3;96;89.9;131.9;132.8;0.12;0;13;16.6;16.7;13.4;13388;111;1;0;0
2022:08:21:23:48:00,601;3;105;92.0;132.1;133.1;0.56;27;27;16.5;16.5;13.4;13388;111;0;0;256
2022:08:21:23:49:00,649;3;105;92.3;131.7;133.0;0.55;25;27;16.6;16.9;13.4;13388;111;0;0;256
2022:08:21:23:50:00,538;3;84;76.2;131.7;132.7;0.57;2;3;16.8;16.6;13.4;13388;111;0;0;256
2022:08:21:23:51:00,546;2;59;56.9;131.5;132.7;0.12;0;0;16.8;16.8;13.4;13388;111;1;0;0
2022:08:21:23:52:00,455;1;45;43.8;131.5;132.5;0.12;0;0;16.5;16.5;13.4;13388;111;1;0;0
2022:08:21:23:53:00,444;3;97;90.9;131.5;132.5;0.12;0;14;16.4;16.5;13.4;13388;111;1;0;0
2022:08:21:23:54:00,512;3;90;78.4;131.9;132.5;0.57;4;7;16.5;16.4;13.4;13388;111;0;0;256
2022:08:21:23:55:00,621;3;128;111.9;131.7;132.5;0.55;41;41;16.5;16.6;13.4;13388;111;8;0;256
2022:08:21:23:56:00,689;3;105;95.9;131.5;132.5;0.55;8;12;16.6;16.4;13.4;13388;111;8;0;256
2022:08:21:23:57:00,738;3;132;115.0;131.5;132.5;0.55;46;48;16.7;16.6;13.4;13388;111;8;0;256
2022:08:21:23:58:00,846;3;116;103.3;130.8;132.1;0.55;22;24;16.7;16.9;13.4;13388;111;8;0;256
2022:08:21:23:59:00,915;2;82;76.4;131.0;131.3;0.57;0;1;16.8;16.6;13.4;13388;111;8;0;256
2022:08:22:00:01:14,224;3;123;108.7;131.0;131.5;0.55;31;33;16.8;16.9;13.4;13389;107;8;0;256
2022:08:22:00:02:01,310;3;118;104.6;131.2;132.1;0.55;27;27;16.8;16.7;13.4;13389;107;8;0;256
2022:08:22:00:03:00,539;3;85;74.9;131.2;131.9;0.58;15;2;16.8;16.7;13.4;13389;107;8;0;256
2022:08:22:00:04:01,328;2;71;63.6;131.2;132.1;0.56;0;0;16.8;16.9;13.4;13389;107;8;0;256
2022:08:22:00:05:01,376;2;72;74.1;131.0;132.1;0.13;0;0;16.6;16.7;13.4;13389;107;1;0;0
2022:08:22:00:06:01,365;2;57;61.8;131.2;132.1;0.13;0;0;16.5;16.5;13.4;13389;107;1;0;0
2022:08:22:00:07:00,433;1;42;48.6;131.0;131.9;0.12;0;0;16.4;16.4;13.4;13389;107;1;0;0
2022:08:22:00:08:00,362;3;107;100.9;131.0;132.3;0.13;0;30;16.2;16.3;13.3;13389;107;1;0;0
2022:08:22:00:09:00,370;2;83;77.8;131.2;132.7;0.12;0;3;16.2;16.3;13.3;13389;107;1;0;0
2022:08:22:00:10:00,399;2;83;76.8;131.5;132.5;0.57;0;3;16.2;16.3;13.4;13389;107;0;0;256
2022:08:22:00:11:00,388;2;74;69.2;131.2;132.7;0.13;0;0;16.3;16.3;13.3;13389;107;1;0;0
2022:08:22:00:12:00,356;4;127;110.7;131.2;132.1;0.06;0;87;16.2;16.0;13.4;13389;107;0;0;0
2022:08:22:00:13:00,465;3;118;101.5;131.5;132.1;0.56;57;59;16.4;16.4;13.4;13389;107;0;0;256
2022:08:22:00:14:00,553;3;99;87.0;131.5;132.1;0.55;13;17;16.5;16.2;13.4;13389;107;0;0;256
2022:08:22:00:15:00,642;3;104;90.6;131.5;132.1;0.55;23;24;16.5;16.4;13.4;13389;107;0;0;256
2022:08:22:00:16:00,650;2;77;69.6;131.2;132.1;0.57;0;0;16.6;16.7;13.3;13389;107;8;0;256
2022:08:22:00:17:00,739;3;125;109.0;131.7;132.5;0.56;38;36;16.6;16.4;13.3;13389;107;8;0;256
2022:08:22:00:18:01,207;3;138;120.9;131.7;132.5;0.56;55;56;16.6;16.5;13.3;13389;107;8;0;256
2022:08:22:00:19:01,236;3;130;114.3;131.7;132.5;0.55;44;44;16.6;16.8;13.4;13389;107;8;0;256
2022:08:22:00:20:01,045;3;108;94.2;131.5;132.5;0.56;12;15;16.6;16.5;13.3;13389;107;8;0;256
2022:08:22:00:21:01,133;3;90;79.8;131.7;132.7;0.57;3;3;16.7;16.5;13.4;13389;107;8;0;256
2022:08:22:00:22:01,202;3;86;78.1;131.7;132.7;0.56;0;2;16.7;16.8;13.4;13389;107;8;0;256
2022:08:22:00:23:01,310;3;99;89.0;131.7;132.5;0.56;7;8;16.7;16.4;13.3;13389;107;8;0;256
2022:08:22:00:24:01,359;3;129;112.9;131.9;132.5;0.55;40;42;16.7;16.6;13.3;13389;107;8;0;256
2022:08:22:00:25:01,487;3;103;89.9;131.5;132.9;0.56;10;10;16.7;16.7;13.4;13389;107;8;0;256
2022:08:22:00:26:00,036;1;41;47.9;131.2;132.7;0.13;0;0;16.6;16.6;13.4;13389;107;1;0;0
2022:08:22:00:27:24,088;3;103;90.8;131.7;132.5;0.55;20;23;16.5;16.1;13.3;13389;107;0;0;256
2022:08:22:00:28:00,453;4;143;123.3;131.9;132.8;0.72;139;142;16.5;16.5;13.4;13389;107;0;0;256
2022:08:22:00:29:00,902;4;129;110.7;131.7;132.7;0.6;91;93;16.6;16.3;13.3;13389;107;0;0;256
2022:08:22:00:30:00,930;5;162;139.7;131.9;133.6;0.98;211;215;16.6;16.7;13.3;13389;107;0;0;256
2022:08:22:00:31:03,000;4;125;108.0;131.7;132.5;0.58;80;81;16.8;16.9;13.4;13389;107;0;0;256
2022:08:22:00:32:00,987;4;126;109.9;131.7;132.5;0.58;80;81;16.7;16.5;13.3;13389;107;0;0;256
2022:08:22:00:33:01,496;3;104;91.3;131.7;132.7;0.55;23;24;16.7;16.8;13.3;13389;107;0;0;256
2022:08:22:00:34:00,005;2;83;71.1;131.5;132.1;0.56;0;1;16.7;16.5;13.3;13389;107;8;0;256
2022:08:22:00:35:00,113;3;105;93.1;131.7;132.5;0.56;10;11;16.7;16.6;13.3;13389;107;8;0;256
2022:08:22:00:36:00,142;3;149;129.0;131.7;132.7;0.58;75;75;16.6;16.8;13.3;13389;107;8;0;256
2022:08:22:00:37:01,230;3;120;105.9;131.5;131.9;0.58;38;29;16.6;16.5;13.2;13389;107;8;0;256
2022:08:22:00:38:00,979;2;56;53.0;131.0;132.1;0.12;0;0;16.7;16.6;13.2;13389;107;1;0;0
2022:08:22:00:39:00,987;3;93;86.1;131.2;132.1;0.55;8;11;16.5;16.6;13.2;13389;107;0;0;256
2022:08:22:00:40:01,056;3;119;104.2;131.5;132.7;0.55;27;28;16.5;16.2;13.2;13389;107;8;0;256
2022:08:22:00:41:01,066;3;100;93.7;131.5;132.5;0.55;7;8;16.5;16.5;13.2;13389;107;8;0;256
2022:08:22:00:42:01,100;3;96;83.2;131.5;132.1;0.57;7;6;16.6;16.6;13.3;13389;107;8;0;256
2022:08:22:00:43:01,135;3;123;109.0;131.5;132.5;0.55;31;35;16.6;16.2;13.2;13389;107;8;0;256
2022:08:22:00:44:01,189;3;112;99.3;131.5;132.7;0.56;18;19;16.6;16.7;13.3;13389;107;8;0;256
2022:08:22:00:45:01,244;2;74;65.7;131.5;132.7;0.56;0;0;16.7;16.6;13.3;13389;107;8;0;256
2022:08:22:00:46:01,317;4;127;109.9;132.1;132.6;0.59;85;87;16.5;16.2;13.3;13389;107;0;0;256
2022:08:22:00:47:01,326;3;120;104.3;131.7;132.3;0.57;68;69;16.5;16.7;13.3;13389;107;0;0;256
2022:08:22:00:48:00,555;4;122;106.0;132.1;132.6;0.57;69;71;16.6;16.4;13.3;13389;107;0;0;256
2022:08:22:00:49:00,623;2;74;66.0;131.7;132.7;0.57;0;0;16.6;16.5;13.3;13389;107;8;0;256
2022:08:22:00:50:00,592;2;74;78.2;131.5;132.7;0.12;0;0;16.5;16.5;13.2;13389;107;1;0;0
2022:08:22:00:51:00,620;2;71;61.1;131.9;132.5;0.57;0;0;16.4;16.1;13.3;13389;107;8;0;256
2022:08:22:00:52:00,749;2;65;60.8;131.7;132.5;0.13;0;0;16.4;16.4;13.2;13389;107;1;0;0
2022:08:22:00:53:00,617;3;119;103.2;132.1;132.6;0.57;64;63;16.2;16.3;13.2;13389;107;0;0;256
2022:08:22:00:54:00,686;2;66;61.7;131.7;132.7;0.12;0;0;16.3;16.3;13.2;13389;107;1;0;0
2022:08:22:00:55:00,635;3;107;103.1;131.7;132.7;0.12;0;30;16.1;16.2;13.2;13389;107;1;0;0
2022:08:22:00:56:00,763;3;96;84.1;132.1;132.9;0.55;13;13;16.2;16.3;13.3;13389;107;0;0;256
2022:08:22:00:57:00,772;3;94;88.1;131.7;133.3;0.13;0;11;16.2;16.3;13.2;13389;107;1;0;0
2022:08:22:00:58:00,780;3;115;100.3;132.1;132.9;0.52;36;51;16.1;16.1;13.2;13389;107;0;0;256
2022:08:22:00:59:00,909;2;57;54.2;131.7;132.7;0.1;0;0;16.3;16.2;13.2;13389;107;1;0;0
2022:08:22:01:00:00,937;2;80;78.1;131.7;133.0;0.12;0;2;16.1;16.2;13.2;13389;107;1;0;0
2022:08:22:01:01:00,966;1;36;52.4;131.5;133.2;0.12;0;0;16.0;16.0;13.2;13389;107;1;0;0
2022:08:22:01:02:00,935;0;0;36.8;131.7;132.7;0.13;0;0;15.9;15.9;13.2;13389;107;1;0;0
2022:08:22:01:03:00,943;0;5;29.0;131.5;132.5;0.12;0;0;15.9;15.8;13.2;13389;107;1;0;0
2022:08:22:01:04:00,932;0;5;29.0;131.5;132.5;0.12;0;0;15.8;15.8;13.2;13389;107;1;0;0
2022:08:22:01:05:00,940;0;5;28.5;131.7;133.3;0.12;0;0;15.8;15.7;13.2;13389;107;1;0;0
2022:08:22:01:06:00,909;0;5;27.6;131.7;132.5;0.12;0;0;15.7;15.7;13.2;13389;107;1;0;0
2022:08:22:01:07:00,997;0;0;25.8;131.7;133.0;0.12;0;0;15.7;15.6;13.1;13389;107;1;0;0
2022:08:22:01:08:01,046;0;0;24.5;131.9;133.3;0.12;0;0;15.6;15.6;13.1;13389;107;1;0;0
2022:08:22:01:09:01,075;0;0;23.8;131.9;133.3;0.12;0;0;15.6;15.6;13.1;13389;107;1;0;0
2022:08:22:01:10:01,043;0;0;23.3;131.7;132.7;0.12;0;0;15.6;15.6;13.1;13389;107;1;0;0
2022:08:22:01:11:01,052;0;0;23.2;131.9;133.1;0.12;0;0;15.6;15.6;13.1;13389;107;1;0;0
2022:08:22:01:12:01,080;0;0;24.8;131.9;133.3;0.13;0;0;15.6;15.6;13.1;13389;107;1;0;0
2022:08:22:01:13:01,069;1;32;30.0;131.9;133.6;0.13;0;0;15.6;15.6;13.0;13389;107;1;0;0
2022:08:22:01:14:01,037;1;28;32.7;131.9;133.1;0.13;0;0;15.6;15.5;13.0;13389;107;1;0;0
2022:08:22:01:15:01,066;1;45;42.2;132.1;133.1;0.12;0;0;15.6;15.5;13.0;13389;107;1;0;0
2022:08:22:01:16:01,074;3;93;86.7;132.1;133.1;0.56;7;9;15.6;15.3;13.0;13389;107;0;0;256
2022:08:22:01:17:01,063;3;111;97.2;132.4;133.0;0.55;36;38;15.8;15.9;13.0;13389;107;0;0;256
2022:08:22:01:18:00,252;3;121;105.4;132.4;132.8;0.56;65;69;16.0;15.7;13.0;13389;107;0;0;256
2022:08:22:01:19:00,280;2;77;67.8;132.1;132.9;0.58;0;0;16.1;16.2;13.0;13389;107;8;0;256
2022:08:22:01:20:00,309;3;100;92.3;131.9;133.1;0.55;6;8;16.2;15.9;13.0;13389;107;8;0;256
2022:08:22:01:21:00,437;3;97;87.4;131.9;132.5;0.56;6;6;16.2;16.1;13.0;13389;107;8;0;256
2022:08:22:01:22:00,486;3;142;124.9;132.1;133.1;0.57;60;64;16.3;16.3;13.0;13389;107;8;0;256
2022:08:22:01:23:00,535;3;133;117.6;132.4;133.0;0.56;50;51;16.3;15.9;13.0;13389;107;8;0;256
2022:08:22:01:24:00,583;3;144;126.0;132.4;133.2;0.57;64;66;16.3;16.3;13.0;13389;107;8;0;256
2022:08:22:01:25:00,652;3;121;106.4;132.1;133.4;0.56;28;31;16.3;16.1;13.0;13389;107;8;0;256
2022:08:22:01:26:00,580;3;137;120.5;132.1;133.4;0.56;53;55;16.3;16.1;13.0;13389;107;8;0;256
2022:08:22:01:27:00,629;3;102;90.1;132.4;133.0;0.58;22;9;16.3;16.4;13.0;13389;107;8;0;256
2022:08:22:01:28:00,717;3;114;100.8;132.1;133.4;0.53;10;21;16.3;15.9;13.0;13389;107;8;0;256
2022:08:22:01:29:00,826;3;134;118.2;132.4;133.0;0.56;48;52;16.3;16.4;13.0;13389;107;8;0;256
2022:08:22:01:30:00,914;3;83;72.0;132.4;133.2;0.57;1;2;16.4;16.1;13.1;13389;107;8;0;256
2022:08:22:01:31:00,923;3;115;101.0;132.4;133.6;0.56;51;51;16.2;16.0;13.1;13389;107;0;0;256
2022:08:22:01:32:00,952;4;137;118.2;132.6;133.9;0.67;119;124;16.3;16.3;13.1;13389;107;0;0;256
2022:08:22:01:33:00,980;3;118;102.8;132.6;133.4;0.57;61;63;16.3;16.0;13.1;13389;107;0;0;256
2022:08:22:01:34:01,069;4;122;105.8;132.8;133.7;0.57;69;71;16.4;16.4;13.1;13389;107;0;0;256
2022:08:22:01:35:00,777;4;141;121.4;132.8;134.0;0.7;133;135;16.4;16.3;13.1;13389;107;0;0;256
2022:08:22:01:36:00,886;3;94;84.7;132.4;133.6;0.56;6;9;16.4;16.2;13.1;13389;107;0;0;256
2022:08:22:01:37:00,934;3;108;94.9;132.6;133.6;0.56;29;30;16.5;16.5;13.1;13389;107;0;0;256
2022:08:22:01:38:00,943;3;101;88.4;132.6;133.0;0.56;15;19;16.5;16.1;13.1;13389;107;0;0;256
2022:08:22:01:39:01,372;3;92;81.9;132.4;133.0;0.55;0;3;16.4;16.4;13.1;13389;107;8;0;256
2022:08:22:01:40:01,380;2;69;60.1;132.4;133.2;0.56;0;0;16.5;16.4;13.2;13389;107;8;0;256
2022:08:22:01:41:01,509;3;106;93.3;132.6;133.4;0.55;12;13;16.5;16.1;13.1;13389;107;8;0;256
2022:08:22:01:42:00,057;3;107;95.4;132.6;133.6;0.56;15;13;16.5;16.5;13.2;13389;107;8;0;256
2022:08:22:01:43:00,146;3;121;106.6;132.8;133.7;0.56;28;29;16.5;16.1;13.2;13389;107;8;0;256
2022:08:22:01:44:00,894;3;87;75.4;132.4;132.8;0.56;0;2;16.5;16.3;13.2;13389;107;8;0;256
2022:08:22:01:45:01,003;2;69;62.2;132.4;133.2;0.57;0;0;16.5;16.6;13.2;13389;107;8;0;256
2022:08:22:01:46:01,012;3;117;102.8;132.6;133.4;0.56;24;25;16.5;16.2;13.2;13389;107;8;0;256
2022:08:22:01:47:01,093;3;111;96.7;132.6;133.4;0.56;21;17;16.5;16.5;13.2;13389;107;8;0;256
2022:08:22:01:48:01,129;3;90;81.2;132.1;133.1;0.57;4;3;16.5;16.5;13.3;13389;107;8;0;256
2022:08:22:01:49:00,417;4;178;154.9;133.0;134.0;0.9;188;183;16.5;16.4;13.3;13389;107;0;0;256
2022:08:22:01:50:01,190;3;131;113.8;132.6;133.9;0.57;64;65;16.6;16.7;13.2;13389;107;0;0;256
2022:08:22:01:51:01,264;3;137;119.6;132.6;133.4;0.58;76;78;16.6;16.5;13.3;13389;107;0;0;256
2022:08:22:01:52:00,519;4;154;133.1;132.8;134.0;0.66;115;118;16.5;16.5;13.2;13389;107;0;0;256
2022:08:22:01:53:13,257;3;139;120.6;132.8;134.0;0.58;83;82;16.5;16.5;13.3;13389;107;0;0;256
2022:08:22:01:54:00,968;3;139;109.3;132.6;133.9;0.58;69;115;16.5;16.3;13.3;13389;107;0;0;256
2022:08:22:01:55:00,959;3;103;91.0;132.4;133.6;0.57;16;15;16.5;16.6;13.2;13389;107;0;0;256
2022:08:22:01:56:01,027;3;87;76.8;132.4;133.2;0.56;2;2;16.6;16.5;13.3;13389;107;8;0;256
2022:08:22:01:57:01,036;3;157;137.7;132.4;133.6;0.58;84;88;16.5;16.4;13.3;13389;107;8;0;256
2022:08:22:01:58:01,144;3;119;105.0;132.6;133.0;0.56;27;28;16.5;16.6;13.3;13389;107;8;0;256
2022:08:22:01:59:01,193;2;71;62.8;132.6;133.4;0.57;0;0;16.6;16.3;13.3;13389;107;8;0;256
2022:08:22:02:00:01,242;2;67;58.0;132.4;133.2;0.57;0;0;16.5;16.4;13.3;13389;107;8;0;256
2022:08:22:02:01:01,270;4;165;145.0;132.6;133.4;0.61;101;106;16.5;16.6;13.4;13389;107;8;0;256
2022:08:22:08:19:59,525;4;149;127.2;131.7;133.3;0.79;160;165;17.5;17.4;13.5;13391;107;0;0;256
2022:08:22:08:20:00,766;4;145;124.4;131.7;133.3;0.76;147;150;17.5;17.4;13.5;13391;107;0;0;256
2022:08:22:08:21:00,815;6;192;162.2;132.4;134.1;1.62;362;359;17.4;17.5;13.5;13391;107;0;0;256
2022:08:22:08:22:01,103;5;156;132.8;131.9;133.6;0.93;194;191;17.5;17.8;13.5;13391;107;0;0;256
2022:08:22:08:23:00,272;5;175;150.4;132.4;134.4;1.21;266;268;17.5;17.5;13.5;13391;107;0;0;256
2022:08:22:08:24:01,220;3;115;100.6;131.7;132.7;0.55;50;51;17.5;17.4;13.5;13391;107;0;0;256
2022:08:22:08:25:01,389;6;190;159.1;132.1;134.4;1.57;349;341;17.5;17.8;13.5;13391;107;0;0;256
2022:08:22:08:26:01,137;5;184;155.1;132.1;133.6;1.43;318;317;17.5;17.7;13.6;13391;107;0;0;256
2022:08:22:08:27:00,546;6;229;192.0;132.6;135.2;2.72;616;629;17.9;18.0;13.6;13391;107;0;0;256
2022:08:22:08:28:00,995;6;199;167.2;132.4;134.4;1.81;406;408;18.2;18.4;13.6;13391;107;0;0;256
2022:08:22:08:29:00,383;5;187;157.5;131.9;134.1;1.48;330;332;18.1;18.5;13.6;13391;107;0;0;256
2022:08:22:08:30:01,312;4;125;108.1;131.7;133.0;0.57;79;81;18.0;18.0;13.7;13391;107;0;0;256
2022:08:22:08:31:01,520;5;162;139.2;131.9;133.3;0.98;210;216;17.8;17.9;13.7;13391;107;0;0;256
2022:08:22:08:32:01,169;4;124;107.0;131.9;133.8;0.58;75;77;17.7;18.2;13.7;13391;107;0;0;256
2022:08:22:08:33:00,637;6;208;176.9;132.1;134.7;2.08;468;470;17.6;17.7;13.8;13391;107;0;0;256
2022:08:22:08:34:01,446;3;124;107.8;131.9;132.5;0.57;73;77;17.7;17.7;13.8;13391;107;0;0;256
2022:08:22:08:35:01,035;6;225;188.3;132.6;134.9;2.64;597;594;17.6;18.2;13.9;13391;107;0;0;256
2022:08:22:08:36:00,123;4;152;130.2;131.9;133.3;0.85;174;176;18.0;18.0;13.9;13391;107;0;0;256
2022:08:22:08:37:01,052;7;236;197.2;132.6;135.5;3.05;690;683;18.3;18.4;14.0;13391;107;0;0;256
2022:08:22:08:38:00,520;4;136;116.8;131.9;133.1;0.65;115;117;18.4;18.6;14.0;13391;107;0;0;256
2022:08:22:08:39:00,088;4;156;135.6;132.1;133.4;0.9;187;193;18.1;18.4;14.1;13391;107;0;0;256
2022:08:22:08:40:00,877;5;184;158.0;131.9;133.8;1.43;314;320;18.2;18.3;14.1;13391;107;0;0;256
2022:08:22:08:41:01,206;3;113;98.7;131.9;133.3;0.55;41;44;18.2;18.1;14.2;13391;107;0;0;256
2022:08:22:08:42:00,515;3;90;80.0;131.7;132.5;0.55;0;6;18.1;18.4;14.2;13391;107;0;0;256
2022:08:22:08:43:00,147;4;141;121.4;132.1;133.6;0.7;131;134;18.0;18.2;14.3;13391;107;0;0;256
2022:08:22:08:44:00,702;4;134;114.8;131.7;133.0;0.64;109;111;18.1;18.1;14.4;13391;107;0;0;256
2022:08:22:08:45:01,156;3;103;90.5;131.5;132.7;0.55;20;23;18.1;18.1;14.4;13391;107;0;0;256
2022:08:22:08:46:00,091;2;55;54.2;131.5;132.7;0.1;0;0;18.0;18.3;14.4;13391;107;1;4096;0
2022:08:22:08:47:00,385;3;119;103.6;131.5;132.9;0.55;58;62;17.8;17.8;14.5;13391;107;0;0;256
2022:08:22:08:48:01,396;4;146;124.1;131.7;133.0;0.76;149;150;17.9;17.9;14.6;13391;107;0;0;256
2022:08:22:08:49:00,605;3;111;96.2;131.5;132.7;0.56;44;41;18.1;18.3;14.7;13391;107;0;0;256
2022:08:22:08:50:00,833;4;138;118.1;131.7;133.5;0.67;122;123;18.1;18.4;14.7;13391;107;0;0;256
2022:08:22:08:51:01,262;4;146;125.0;131.7;133.0;0.77;154;157;18.1;18.4;14.7;13391;107;0;0;256
2022:08:22:08:52:00,330;4;127;109.4;131.9;133.3;0.59;85;87;18.3;18.1;14.8;13391;107;0;0;256
2022:08:22:08:53:00,519;3;120;103.7;131.5;132.9;0.56;64;65;18.3;18.3;14.9;13391;107;0;0;256
2022:08:22:08:54:00,647;3;101;88.5;131.2;132.4;0.55;19;19;18.3;18.5;14.9;13391;107;0;0;256
2022:08:22:08:55:01,036;2;73;67.1;131.5;132.7;0.57;0;0;18.3;18.5;15.0;13391;107;8;0;256
2022:08:22:08:56:01,864;3;95;86.3;131.5;132.5;0.56;4;5;18.4;18.5;15.1;13391;107;8;0;256
2022:08:22:08:57:01,293;4;197;171.2;131.5;132.7;0.84;172;178;18.3;18.2;15.2;13391;107;8;0;256
2022:08:22:08:58:01,062;3;125;107.8;131.5;132.7;0.56;51;51;18.5;18.6;15.2;13391;107;0;0;256
2022:08:22:08:59:00,810;5;199;168.3;131.9;133.6;1.66;369;374;18.5;18.9;15.3;13391;107;0;0;256
2022:08:22:09:00:00,038;5;192;162.7;131.7;133.3;1.63;362;364;18.7;19.1;15.3;13391;107;0;0;256
2022:08:22:09:01:00,226;4;122;106.1;131.5;132.7;0.56;72;71;18.8;18.9;15.4;13391;107;0;0;256
2022:08:22:09:02:01,336;3;116;100.9;131.5;132.5;0.55;52;52;18.8;18.7;15.4;13391;107;0;0;256
2022:08:22:09:03:00,584;3;105;92.0;131.2;132.7;0.55;28;27;18.7;18.8;15.3;13391;107;0;0;256
2022:08:22:09:04:00,693;3;131;117.1;131.0;132.3;0.1;0;96;18.5;18.7;15.4;13391;107;0;0;0
2022:08:22:09:05:00,962;4;131;112.5;131.5;132.5;0.61;100;101;18.6;18.9;15.5;13391;107;0;0;256
2022:08:22:09:06:01,510;3;115;99.5;131.2;132.4;0.55;50;52;18.7;19.0;15.6;13391;107;0;0;256
2022:08:22:09:07:00,358;2;83;72.5;131.2;132.4;0.57;0;1;18.8;18.6;15.6;13391;107;8;0;256
2022:08:22:09:08:00,707;4;175;152.8;131.5;132.5;0.68;124;123;18.8;18.9;15.6;13391;107;8;0;256
2022:08:22:09:09:01,096;3;95;88.6;130.6;132.3;0.12;0;12;18.9;19.0;15.6;13391;107;1;0;0
2022:08:22:09:10:00,744;3;100;87.4;131.2;132.4;0.56;11;17;18.8;19.2;15.7;13391;107;0;0;256
2022:08:22:09:11:00,793;3;107;93.4;130.8;131.7;0.57;10;13;18.9;19.1;15.8;13391;107;8;0;256
2022:08:22:09:12:01,322;3;106;93.2;131.0;132.1;0.55;12;13;19.0;19.1;16.0;13391;107;8;0;256
2022:08:22:09:13:00,009;3;113;98.7;130.8;132.3;0.55;20;19;19.1;19.0;16.0;13391;107;8;0;256
2022:08:22:09:14:00,538;3;121;106.1;130.6;131.7;0.53;29;30;19.2;19.1;16.0;13391;107;8;0;256
2022:08:22:09:15:00,947;4;165;143.9;130.8;132.3;0.61;101;102;19.1;19.2;16.1;13391;107;8;0;256
2022:08:22:09:16:01,176;4;171;147.2;130.8;132.5;0.95;198;201;19.2;19.4;16.1;13391;107;0;0;256
2022:08:22:09:17:01,484;3;116;101.0;130.8;131.7;0.58;52;42;19.2;19.4;16.0;13391;107;0;0;256
2022:08:22:09:18:01,353;2;67;62.1;130.6;131.9;0.13;0;0;19.2;19.3;15.9;13391;107;1;0;0
2022:08:22:09:19:01,402;3;87;81.7;130.1;131.4;0.12;0;5;18.9;19.2;15.9;13391;107;1;0;0
2022:08:22:09:20:01,470;4;124;106.5;130.6;131.2;0.56;72;73;19.0;18.9;16.1;13391;107;0;0;256
2022:08:22:09:21:01,099;3;111;96.5;130.4;131.4;0.53;41;37;19.1;19.0;16.1;13391;107;0;0;256
2022:08:22:09:22:01,447;5;190;160.8;130.8;132.8;1.58;349;342;19.1;19.2;16.1;13391;107;0;0;256
2022:08:22:09:23:00,896;4;155;132.9;130.6;131.9;0.87;181;186;19.4;19.6;16.1;13391;107;0;0;256
2022:08:22:09:24:00,203;4;131;113.2;130.6;131.7;0.61;100;101;19.4;19.7;16.1;13391;107;0;0;256
2022:08:22:09:25:00,953;4;159;135.6;130.8;132.3;0.94;195;196;19.3;19.6;16.0;13391;107;0;0;256
2022:08:22:09:26:01,162;5;167;141.9;131.0;132.6;1.07;230;233;19.4;19.6;16.0;13391;107;0;0;256
2022:08:22:09:27:01,350;5;170;144.7;130.6;132.3;1.08;234;246;19.5;19.6;16.0;13391;107;0;0;256
2022:08:22:09:28:00,378;4;151;128.1;130.6;132.5;0.82;168;168;19.4;19.5;15.9;13391;107;0;0;256
2022:08:22:09:29:02,187;3;113;97.8;130.6;131.5;0.53;44;44;19.5;19.6;15.9;13391;107;0;0;256
2022:08:22:09:30:00,635;4;161;139.3;130.8;131.7;0.59;90;94;19.3;19.6;15.9;13391;107;8;0;256
2022:08:22:09:31:00,143;5;183;153.8;130.6;132.5;1.24;270;278;19.3;19.6;15.8;13391;107;0;0;256
2022:08:22:09:32:02,113;3;111;95.9;130.6;131.2;0.55;41;35;19.4;19.8;15.8;13391;107;0;0;256
2022:08:22:09:33:00,301;3;108;95.5;130.6;131.7;0.52;16;30;19.3;19.2;15.8;13391;107;0;0;256
2022:08:22:09:34:01,170;4;161;138.3;130.4;131.7;0.9;187;188;19.3;19.3;15.8;13391;107;0;0;256
2022:08:22:09:35:00,178;3;108;93.8;130.4;131.1;0.55;29;30;19.3;19.5;15.7;13391;107;0;0;256
2022:08:22:09:36:00,806;2;72;66.5;130.6;130.9;0.53;0;0;19.3;19.5;15.7;13391;107;8;0;256
2022:08:22:09:37:01,236;5;231;200.3;131.0;132.6;1.67;369;366;19.1;19.5;15.8;13391;107;0;0;256
2022:08:22:09:38:00,363;3;130;112.3;130.6;131.9;0.58;83;78;19.3;19.2;15.8;13391;107;0;0;256
2022:08:22:09:39:00,852;6;224;187.4;131.0;133.4;2.57;576;583;19.3;19.3;15.9;13391;107;0;0;256
2022:08:22:09:40:00,681;6;216;180.7;130.8;132.5;2.35;524;524;19.5;19.6;15.9;13391;107;0;0;256
2022:08:22:09:41:00,809;6;196;166.2;130.6;132.5;1.75;385;384;19.8;20.0;15.9;13391;107;0;0;256
2022:08:22:09:42:00,598;5;187;156.1;130.8;132.5;1.45;320;329;19.9;20.3;15.9;13391;107;0;0;256
2022:08:22:09:43:00,826;4;149;127.1;130.4;131.7;0.8;161;163;20.0;20.4;16.0;13391;107;0;0;256
2022:08:22:09:44:01,416;4;138;118.6;130.6;131.5;0.67;122;123;19.9;20.3;16.0;13391;107;0;0;256
2022:08:22:09:45:02,224;6;214;179.8;131.5;133.2;2.31;515;515;19.6;20.1;16.1;13391;107;0;0;256
2022:08:22:09:46:00,112;4;153;130.3;131.2;132.7;0.85;174;177;19.8;19.9;16.1;13391;107;0;0;256
2022:08:22:09:47:00,781;4;137;117.5;131.0;132.1;0.66;118;120;20.0;20.0;16.2;13391;107;0;0;256
2022:08:22:09:48:00,949;5;187;160.0;131.5;133.2;1.46;323;328;19.8;20.2;16.2;13391;107;0;0;256
2022:08:22:09:49:00,518;5;192;162.5;131.2;133.2;1.62;360;356;20.1;20.6;16.3;13391;107;0;0;256
2022:08:22:09:50:01,367;4;159;135.4;131.2;132.9;0.94;198;202;20.0;20.4;16.3;13391;107;0;0;256
2022:08:22:09:51:01,279;4;147;124.9;131.2;132.9;0.76;150;153;20.0;20.3;16.3;13391;107;0;0;256
2022:08:22:09:52:00,952;4;133;114.3;131.2;132.4;0.62;106;107;19.9;20.0;16.4;13391;107;0;0;256
2022:08:22:09:53:01,368;5;175;148.7;131.2;132.9;1.21;266;268;19.9;19.9;16.4;13391;107;0;0;256
2022:08:22:09:54:00,282;6;211;176.2;131.7;133.5;2.15;481;484;20.0;20.2;16.5;13391;107;0;0;256
2022:08:22:09:55:00,336;5;175;146.9;131.0;132.9;1.19;259;270;20.4;20.5;16.6;13391;107;0;0;256
2022:08:22:09:56:00,448;3;105;91.3;130.6;131.5;0.55;24;26;20.3;20.5;16.6;13391;107;0;0;256
2022:08:22:09:57:00,536;4;142;121.9;130.8;132.1;0.71;136;136;20.2;20.5;16.7;13391;107;0;0;256
2022:08:22:09:58:01,486;5;193;164.2;131.5;133.2;1.6;355;370;20.2;20.6;16.7;13391;107;0;0;256
2022:08:22:09:59:00,053;4;157;133.2;131.2;132.4;0.9;187;192;20.3;20.6;16.7;13391;107;0;0;256
2022:08:22:10:00:00,842;4;148;125.6;131.2;132.9;0.81;163;159;20.4;20.9;16.8;13391;107;0;0;256
2022:08:22:10:01:00,610;3;102;87.5;131.0;131.9;0.55;19;19;20.4;20.7;16.7;13391;107;0;0;256
2022:08:22:10:02:00,679;4;150;128.3;131.0;132.3;0.71;136;139;20.4;20.5;16.8;13391;107;0;0;256
2022:08:22:10:03:00,868;4;152;129.1;131.2;132.7;0.81;166;170;20.5;20.6;16.9;13391;107;0;0;256
2022:08:22:10:04:00,056;3;120;104.0;130.8;131.7;0.55;60;61;20.4;20.4;17.1;13391;107;0;0;256
2022:08:22:10:05:00,465;5;159;137.5;131.0;132.9;0.96;202;199;20.4;20.5;17.2;13391;107;0;0;256
2022:08:22:10:06:00,513;4;151;126.9;131.0;132.6;0.81;165;169;20.5;20.7;17.3;13391;107;0;0;256
2022:08:22:10:07:01,022;4;200;175.1;130.8;131.7;0.88;180;188;20.4;20.7;17.3;13391;107;0;0;256
2022:08:22:10:08:01,411;4;143;121.2;130.6;132.3;0.72;138;136;20.8;20.9;17.3;13391;107;0;0;256
2022:08:22:10:09:00,379;5;178;149.9;130.8;132.8;1.29;282;283;20.8;21.2;17.3;13391;107;0;0;256
2022:08:22:10:10:00,148;4;148;125.2;130.8;132.1;0.78;154;158;21.0;21.4;17.3;13391;107;0;0;256
2022:08:22:10:11:00,616;5;159;137.2;130.8;132.5;0.97;206;208;20.9;21.3;17.2;13391;107;0;0;256
2022:08:22:10:12:01,085;4;134;115.1;130.8;132.3;0.62;107;110;20.8;21.2;17.2;13391;107;0;0;256
2022:08:22:10:13:00,673;4;158;135.4;130.6;132.3;0.93;192;193;20.7;21.2;17.2;13391;107;0;0;256
2022:08:22:10:14:00,962;5;186;157.3;131.0;132.9;1.38;306;320;20.6;21.2;17.2;13391;107;0;0;256
2022:08:22:10:15:00,050;4;165;143.2;130.8;132.5;1.03;218;224;20.7;21.0;17.2;13391;107;0;0;256
2022:08:22:10:16:00,559;4;151;129.7;130.8;132.3;0.82;168;169;20.9;21.2;17.2;13391;107;0;0;256
2022:08:22:10:17:00,488;5;195;163.3;131.0;133.1;1.68;371;374;20.7;21.1;17.2;13391;107;0;0;256
2022:08:22:10:18:00,756;5;172;147.5;130.8;132.8;1.15;248;249;20.8;21.1;17.2;13391;107;0;0;256
2022:08:22:10:19:03,866;3;108;93.8;130.4;131.4;0.52;16;32;20.9;21.1;17.2;13391;107;0;0;256
2022:08:22:10:20:02,514;4;139;117.9;130.6;131.9;0.68;125;125;20.8;21.1;17.2;13391;107;0;0;256
2022:08:22:10:21:01,142;5;171;146.7;130.6;132.3;1.11;241;250;20.7;20.8;17.2;13391;107;0;0;256
2022:08:22:10:22:00,850;3;126;108.2;130.6;131.7;0.57;75;83;20.8;20.7;17.2;13391;107;0;0;256
2022:08:22:10:23:00,739;3;103;89.7;130.4;131.1;0.56;19;23;20.7;20.6;17.2;13391;107;0;0;256
2022:08:22:10:24:01,128;4;149;126.9;130.4;131.9;0.79;159;162;20.7;20.7;17.2;13391;107;0;0;256
2022:08:22:10:25:01,477;5;161;135.1;130.8;132.5;0.96;204;208;20.8;20.8;17.2;13391;107;0;0;256
2022:08:22:10:26:00,645;4;150;128.6;130.8;132.3;0.87;174;165;20.8;21.0;17.3;13391;107;0;0;256
2022:08:22:10:27:00,053;4;148;125.5;130.6;132.3;0.79;159;158;20.9;21.3;17.5;13391;107;0;0;256
2022:08:22:10:28:00,262;4;138;117.4;130.6;132.3;0.68;123;122;21.1;21.4;17.7;13391;107;0;0;256
2022:08:22:10:29:01,190;4;121;104.3;130.6;131.9;0.56;69;67;21.1;21.3;17.8;13391;107;0;0;256
2022:08:22:10:30:00,179;4;141;120.1;130.6;131.9;0.7;130;133;21.2;21.6;17.9;13391;107;0;0;256
2022:08:22:10:31:00,288;4;123;105.8;130.6;131.5;0.56;69;72;21.2;21.6;17.9;13391;107;0;0;256
2022:08:22:10:32:00,876;3;119;102.7;130.8;131.7;0.55;62;61;21.2;21.5;17.9;13391;107;0;0;256
2022:08:22:10:33:00,465;3;120;102.6;130.4;131.7;0.56;62;64;21.3;21.6;17.9;13391;107;0;0;256
2022:08:22:10:34:01,093;5;187;157.4;131.0;132.6;1.47;323;330;21.3;21.7;18.0;13391;107;0;0;256
2022:08:22:10:35:01,202;5;182;156.5;130.8;132.5;1.34;293;300;21.4;21.7;18.0;13391;107;0;0;256
2022:08:22:10:36:00,350;4;145;123.1;130.4;131.9;0.72;141;141;21.5;21.9;18.0;13391;107;0;0;256
2022:08:22:10:37:01,099;4;147;123.9;130.8;132.3;0.78;155;155;21.4;21.8;18.0;13391;107;0;0;256
2022:08:22:10:38:00,508;3;113;97.8;130.4;131.7;0.53;42;43;21.4;21.8;18.0;13391;107;0;0;256
2022:08:22:10:39:01,556;3;129;112.0;130.4;131.1;0.53;41;42;21.4;21.6;18.0;13391;107;8;0;256
2022:08:22:10:40:00,085;4;203;176.1;130.6;131.9;0.95;200;203;21.3;21.8;18.1;13391;107;0;0;256
2022:08:22:10:41:00,453;5;198;171.6;130.6;131.9;1.0;213;217;21.4;21.8;18.2;13391;107;0;0;256
2022:08:22:10:42:01,202;5;201;169.0;131.0;132.9;1.67;371;366;21.4;21.7;18.2;13391;107;0;0;256
2022:08:22:10:43:01,590;3;83;72.0;130.1;131.2;0.57;0;3;21.7;21.8;18.3;13391;107;0;0;256
2022:08:22:10:44:00,259;5;198;167.9;130.8;132.8;1.4;308;302;21.6;22.0;18.5;13391;107;0;0;256
2022:08:22:10:45:00,547;5;164;140.3;130.8;132.5;1.04;221;219;22.0;22.2;18.8;13391;107;0;0;256
2022:08:22:10:46:01,116;7;236;196.0;131.0;133.6;3.01;671;672;22.3;22.5;19.0;13391;107;0;0;256
2022:08:22:10:47:01,385;4;140;121.0;130.4;131.4;0.68;126;132;22.5;22.6;19.0;13391;107;0;0;256
2022:08:22:10:48:01,213;6;204;170.6;131.0;132.9;2.02;449;433;22.3;22.5;19.0;13391;107;0;0;256
2022:08:22:10:49:01,382;3;102;88.4;130.6;131.2;0.55;20;20;22.4;22.5;18.9;13391;107;0;0;256
2022:08:22:10:50:01,510;4;156;130.5;130.6;131.9;0.9;188;187;22.2;22.5;19.0;13391;107;0;0;256
2022:08:22:10:51:01,559;5;191;161.3;130.8;132.5;1.55;340;345;22.2;22.5;19.0;13391;107;0;0;256
2022:08:22:10:52:00,587;5;176;151.3;130.4;132.1;1.2;261;264;22.2;22.4;19.1;13391;107;0;0;256
2022:08:22:10:53:01,116;5;187;156.9;130.6;132.3;1.48;325;328;22.5;23.0;19.1;13391;107;0;0;256
2022:08:22:10:54:00,145;5;169;144.3;130.4;131.9;1.08;233;234;22.4;22.8;19.0;13391;107;0;0;256
2022:08:22:10:55:00,233;2;73;67.0;130.1;131.0;0.56;1;0;22.3;22.6;19.0;13391;107;8;0;256
2022:08:22:10:56:00,442;3;137;119.4;130.4;131.4;0.55;51;52;22.2;22.6;19.0;13391;107;8;0;256
2022:08:22:10:57:01,090;4;183;158.5;130.4;131.9;0.85;175;178;22.1;22.6;19.1;13391;107;0;0;256
2022:08:22:10:58:01,399;5;181;152.4;130.6;131.9;1.16;252;255;22.3;22.6;19.1;13391;107;0;0;256
2022:08:22:10:59:00,408;4;142;123.0;130.4;131.9;0.65;116;119;22.4;22.6;19.2;13391;107;0;0;256
2022:08:22:11:00:00,263;2;75;63.9;130.1;131.4;0.56;0;0;22.5;22.6;19.2;13391;107;8;0;256
2022:08:22:11:01:01,219;3;134;116.1;130.1;131.8;0.57;74;76;22.5;22.5;19.4;13391;107;0;0;256
2022:08:22:11:02:00,012;4;145;123.5;130.6;131.9;0.69;128;129;22.6;22.8;19.5;13391;107;0;0;256
2022:08:22:11:03:01,048;4;157;134.8;130.4;131.9;0.82;166;166;22.6;22.8;19.6;13391;107;0;0;256
2022:08:22:11:04:00,180;3;99;85.7;130.4;131.1;0.56;18;14;22.7;22.8;19.7;13391;107;0;0;256
2022:08:22:11:05:00,349;3;122;106.6;130.4;131.1;0.55;32;31;22.7;22.9;19.8;13391;107;8;0;256
2022:08:22:11:06:00,957;4;155;133.1;130.1;131.2;0.7;130;131;22.8;23.2;19.9;13391;107;0;0;256
2022:08:22:11:07:00,426;4;127;112.5;129.7;131.1;0.08;1;86;22.8;23.1;20.0;13391;107;0;4096;0
2022:08:22:11:08:00,355;3;103;90.1;130.4;131.4;0.55;17;24;22.9;23.4;20.1;13391;107;0;0;256
2022:08:22:11:09:00,723;4;143;121.5;130.4;131.4;0.72;140;138;23.0;23.4;20.1;13391;107;0;0;256
2022:08:22:11:10:01,012;3;109;94.2;130.1;131.4;0.53;30;33;23.1;23.3;20.1;13391;107;0;0;256
2022:08:22:11:11:01,080;2;82;71.9;129.9;131.2;0.55;2;3;23.1;23.2;20.2;13391;107;0;0;256
2022:08:22:11:12:01,549;1;48;48.5;129.5;131.3;0.12;0;0;23.0;23.4;20.2;13391;107;1;0;0
2022:08:22:11:13:00,017;2;88;82.7;129.7;131.1;0.12;0;4;22.8;23.2;20.3;13391;107;1;0;0
2022:08:22:11:14:00,586;5;160;135.5;130.4;131.7;0.99;208;207;22.9;23.4;20.5;13391;107;0;0;256
2022:08:22:11:15:00,275;5;168;141.5;130.1;132.2;1.1;237;238;23.4;23.9;20.6;13391;107;0;0;256
2022:08:22:11:16:01,343;4;122;104.6;130.1;131.4;0.61;82;69;23.5;23.7;20.7;13391;107;0;0;256
2022:08:22:11:17:00,172;3;111;95.5;130.1;131.2;0.55;36;37;23.5;23.7;20.8;13391;107;0;0;256
2022:08:22:11:18:01,180;4;140;120.0;130.4;131.4;0.68;123;128;23.5;23.9;20.9;13391;107;0;0;256
2022:08:22:11:19:01,309;6;194;162.8;130.8;132.1;1.63;360;362;23.6;24.4;21.0;13391;107;0;0;256
2022:08:22:11:20:01,437;3;93;80.3;130.1;131.4;0.55;8;9;23.9;24.2;21.0;13391;107;0;0;256
2022:08:22:11:21:00,386;5;182;151.8;130.6;131.9;1.37;298;293;23.9;24.3;21.1;13391;107;0;0;256
2022:08:22:11:22:00,615;4;134;115.1;130.1;131.4;0.65;108;108;24.0;24.1;21.0;13391;107;0;0;256
2022:08:22:11:23:00,783;5;177;148.2;130.1;131.8;1.27;275;274;23.8;24.2;20.9;13391;107;0;0;256
2022:08:22:11:24:00,932;4;147;125.5;130.4;131.9;0.77;151;154;23.9;24.5;20.8;13391;107;0;0;256
2022:08:22:11:25:00,680;4;149;126.5;131.0;131.9;0.78;154;161;23.7;24.2;20.8;13391;107;0;0;256
2022:08:22:11:26:00,769;5;176;147.1;130.8;132.8;1.23;266;269;23.6;23.9;20.8;13391;107;0;0;256
2022:08:22:11:27:00,957;4;139;118.8;131.0;132.1;0.65;113;125;23.7;23.9;20.7;13391;107;0;0;256
2022:08:22:11:28:01,266;5;166;140.5;131.2;132.9;1.03;220;227;23.8;24.3;20.6;13391;107;0;0;256
2022:08:22:11:29:00,035;4;151;128.4;130.8;132.5;0.84;167;172;23.8;24.2;20.6;13391;107;0;0;256
2022:08:22:11:30:00,063;4;137;116.0;131.0;131.9;0.71;125;115;23.8;24.3;20.6;13391;107;0;0;256
2022:08:22:11:31:01,492;3;125;108.5;130.8;131.7;0.57;69;79;23.8;23.9;20.7;13391;107;0;0;256
2022:08:22:11:32:00,040;4;120;103.7;130.6;131.7;0.57;63;63;23.8;23.9;20.8;13391;107;0;0;256
2022:08:22:11:33:00,289;3;114;98.2;130.6;131.7;0.55;46;46;23.8;24.0;20.8;13391;107;0;0;256
2022:08:22:11:34:01,177;4;126;107.4;130.6;131.7;0.59;86;82;23.9;24.4;20.9;13391;107;0;0;256
2022:08:22:11:35:00,386;3;114;98.6;130.6;131.7;0.55;42;46;23.9;24.5;20.9;13391;107;0;0;256
2022:08:22:11:36:00,535;4;129;111.0;130.8;132.1;0.59;89;91;23.9;24.2;20.9;13391;107;0;0;256
2022:08:22:11:37:00,723;3;93;81.9;130.4;131.7;0.56;8;10;23.9;23.9;20.8;13391;107;0;0;256
2022:08:22:11:38:20,634;2;81;73.3;130.6;131.5;0.56;0;1;23.9;24.1;20.9;13391;107;8;0;256
2022:08:22:11:39:00,220;5;171;145.4;130.8;132.5;1.04;221;218;23.9;24.3;20.9;13391;107;0;0;256
2022:08:22:11:40:00,809;4;159;135.0;130.6;132.3;0.81;163;173;24.1;24.5;21.0;13391;107;0;0;256
2022:08:22:11:41:00,697;4;139;119.4;130.6;132.3;0.65;110;112;24.3;24.4;21.1;13391;107;0;0;256
2022:08:22:11:42:01,406;5;183;156.7;131.0;132.3;1.24;269;265;24.2;24.6;21.1;13391;107;0;0;256
2022:08:22:11:43:00,374;4;137;117.2;130.6;132.3;0.57;86;104;24.3;24.6;21.1;13391;107;0;0;256
2022:08:22:11:44:00,783;4;141;121.3;131.0;132.6;0.65;115;115;24.2;24.6;21.2;13391;107;0;0;256
2022:08:22:11:45:00,332;3;102;88.1;130.6;131.7;0.56;17;18;24.3;24.4;21.2;13391;107;0;0;256
2022:08:22:11:46:01,460;3;106;92.7;130.6;131.9;0.56;21;23;24.3;24.6;21.2;13391;107;0;0;256
2022:08:22:11:47:00,429;3;112;96.3;130.8;132.3;0.55;35;35;24.4;24.7;21.3;13391;107;0;0;256
2022:08:22:11:48:01,077;4;137;117.1;130.8;132.1;0.62;102;104;24.5;24.9;21.4;13391;107;0;0;256
2022:08:22:11:49:00,806;2;75;66.2;130.6;131.7;0.56;0;0;24.5;24.7;21.5;13391;107;8;0;256
2022:08:22:11:50:01,314;3;127;110.8;130.8;131.7;0.55;34;38;24.5;24.9;21.6;13391;107;8;0;256
2022:08:22:11:51:01,523;4;169;145.2;131.0;132.3;0.7;131;141;24.7;25.3;21.6;13391;107;0;0;256
2022:08:22:11:52:00,432;3;127;109.0;131.0;132.1;0.56;50;49;24.8;25.2;21.5;13391;107;0;0;256
2022:08:22:11:53:00,640;3;95;81.4;130.8;132.1;0.57;4;6;24.8;24.9;21.5;13391;107;0;0;256
2022:08:22:11:54:00,809;3;133;116.1;131.2;132.4;0.59;60;48;24.8;25.3;21.6;13391;107;8;0;256
2022:08:22:11:55:01,217;3;117;101.7;131.0;131.9;0.56;26;24;24.8;25.2;21.7;13391;107;8;0;256
2022:08:22:11:56:01,106;3;129;111.3;130.8;132.3;0.55;39;41;24.9;25.0;21.7;13391;107;8;0;256
2022:08:22:11:57:00,194;5;187;159.5;131.2;132.7;0.91;189;191;25.0;25.2;21.9;13391;107;0;0;256
2022:08:22:11:58:00,583;5;167;141.0;131.2;132.7;1.06;226;229;25.3;25.9;21.9;13391;107;0;0;256
2022:08:22:11:59:00,692;5;174;146.4;131.2;132.7;1.19;259;260;25.7;25.9;21.8;13391;107;0;0;256
2022:08:22:12:00:00,520;5;183;152.6;131.5;132.7;1.39;306;301;25.5;26.0;21.7;13391;107;0;0;256
2022:08:22:12:01:00,849;4;134;113.4;131.0;132.3;0.64;107;108;25.5;26.0;21.6;13391;107;0;0;256
2022:08:22:12:02:01,117;4;129;110.5;131.2;132.1;0.59;89;90;25.2;25.4;21.5;13391;107;0;0;256
2022:08:22:12:03:01,466;4;121;103.8;131.2;132.4;0.56;69;69;25.1;25.5;21.5;13391;107;0;0;256
2022:08:22:12:04:00,254;4;153;130.1;131.5;132.7;0.78;159;174;25.0;25.5;21.4;13391;107;0;0;256
2022:08:22:12:05:00,723;4;142;121.6;131.5;132.5;0.69;131;134;25.0;25.4;21.4;13391;107;0;0;256
2022:08:22:12:06:00,972;4;126;107.4;131.2;132.1;0.59;82;78;25.0;25.1;21.3;13391;107;0;0;256
2022:08:22:12:07:01,240;4;144;122.3;131.2;132.1;0.74;140;138;25.0;25.5;21.3;13391;107;0;0;256
2022:08:22:12:08:01,389;5;173;147.1;131.2;132.9;1.17;253;254;25.0;25.4;21.3;13391;107;0;0;256
2022:08:22:12:09:00,197;2;62;53.9;130.6;131.5;0.57;0;0;25.0;25.2;21.2;13391;107;8;0;256
2022:08:22:12:10:00,366;0;0;45.3;130.8;132.3;0.12;0;0;24.7;25.1;21.2;13391;107;1;0;0
2022:08:22:12:11:00,414;0;0;30.4;130.8;132.3;0.12;0;0;24.6;24.9;21.2;13391;107;1;0;0
2022:08:22:12:12:00,443;0;0;25.4;130.8;132.3;0.13;0;0;24.5;24.9;21.3;13391;107;1;0;0
2022:08:22:12:13:00,912;0;5;25.9;130.8;132.1;0.13;0;0;24.5;24.9;21.3;13391;107;1;0;0
2022:08:22:12:14:01,120;3;117;100.0;131.5;132.1;0.56;53;54;24.5;24.9;21.3;13391;107;0;0;256
2022:08:22:12:15:01,369;2;58;53.8;131.0;132.3;0.12;0;0;24.7;25.1;21.3;13391;107;1;0;0
2022:08:22:12:16:01,497;4;146;123.4;131.5;132.7;0.76;147;150;24.7;25.3;21.4;13391;107;0;0;256
2022:08:22:12:17:00,166;2;81;70.5;131.0;132.1;0.56;1;2;25.0;25.3;21.4;13391;107;0;0;256
2022:08:22:12:18:00,214;3;115;98.9;131.2;132.4;0.55;49;50;24.8;25.0;21.5;13391;107;0;0;256
2022:08:22:12:19:00,343;5;177;147.8;131.5;133.2;1.24;270;273;24.8;25.5;21.5;13391;107;0;0;256
2022:08:22:12:20:00,372;5;174;147.9;131.7;133.0;1.16;250;260;25.1;25.4;21.5;13391;107;0;0;256
2022:08:22:12:21:01,840;4;129;110.2;131.2;132.7;0.58;91;94;25.2;25.7;21.5;13391;107;0;0;256
2022:08:22:12:22:00,729;3;95;85.1;131.0;131.9;0.56;4;5;25.2;25.6;21.5;13391;107;8;0;256
2022:08:22:12:23:01,057;3;104;90.1;131.0;132.1;0.56;9;10;25.2;25.3;21.4;13391;107;8;0;256
2022:08:22:12:24:00,786;3;110;94.9;131.0;132.1;0.56;15;15;25.1;25.4;21.4;13391;107;8;0;256
2022:08:22:12:25:00,294;4;137;116.8;131.5;132.5;0.64;109;117;25.3;25.8;21.4;13391;107;0;0;256
2022:08:22:12:26:00,683;4;152;128.6;131.7;133.3;0.82;167;168;25.2;25.4;21.5;13391;107;0;0;256
2022:08:22:12:27:01,271;5;169;143.2;131.5;133.5;1.08;233;235;25.4;25.8;21.5;13391;107;0;0;256
2022:08:22:12:28:00,040;4;137;117.3;131.5;133.2;0.61;105;118;25.4;25.8;21.6;13391;107;0;0;256
2022:08:22:12:29:00,689;4;135;115.2;131.5;132.7;0.64;107;112;25.3;25.6;21.6;13391;107;0;0;256
2022:08:22:12:30:00,817;4;159;133.0;131.5;132.9;0.91;190;197;25.3;25.5;21.6;13391;107;0;0;256
2022:08:22:12:31:00,706;3;103;89.2;131.5;132.9;0.55;20;22;25.2;25.7;21.5;13391;107;0;0;256
2022:08:22:12:32:00,454;5;166;139.5;131.5;132.9;1.06;228;229;25.1;25.7;21.6;13391;107;0;0;256
2022:08:22:12:33:00,663;4;131;112.3;131.5;132.7;0.6;93;98;25.4;25.6;21.6;13391;107;0;0;256
2022:08:22:12:34:01,111;3;94;80.5;131.5;132.5;0.56;6;10;25.4;25.8;21.6;13391;107;0;0;256
2022:08:22:12:35:00,740;3;123;107.1;131.5;132.5;0.55;30;32;25.3;25.7;21.7;13391;107;8;0;256
2022:08:22:12:36:01,049;3;115;100.0;131.5;132.9;0.56;20;22;25.3;25.4;21.8;13391;107;8;0;256
2022:08:22:12:37:01,337;3;116;101.6;131.5;132.7;0.55;20;23;25.4;25.9;21.8;13391;107;8;0;256
2022:08:22:12:38:00,866;3;126;109.9;131.5;132.7;0.55;36;37;25.4;25.9;21.9;13391;107;8;0;256
2022:08:22:12:39:01,054;4;181;156.2;131.7;132.7;0.7;131;132;25.5;25.7;22.0;13391;107;8;0;256
2022:08:22:12:40:01,123;3;127;110.2;131.7;132.7;0.55;37;38;25.6;26.0;22.0;13391;107;8;0;256
2022:08:22:12:41:01,311;2;85;76.5;131.2;132.4;0.57;0;2;25.6;25.8;22.0;13391;107;8;0;256
2022:08:22:12:42:00,020;3;129;112.5;131.7;133.0;0.56;36;41;25.6;25.7;22.1;13391;107;8;0;256
2022:08:22:12:43:01,369;5;184;153.1;132.1;133.6;1.39;306;305;25.9;26.5;22.2;13391;107;0;0;256
2022:08:22:12:44:00,717;4;153;129.2;131.7;133.5;0.84;171;174;26.0;26.3;22.2;13391;107;0;0;256
2022:08:22:12:45:00,806;4;143;121.4;131.7;132.7;0.72;138;138;26.0;26.5;22.2;13391;107;0;0;256
2022:08:22:12:46:01,274;4;147;124.7;131.9;133.6;0.75;146;153;25.9;26.2;22.1;13391;107;0;0;256
2022:08:22:12:47:01,403;4;138;117.4;131.7;133.0;0.68;122;121;25.9;26.1;22.1;13391;107;0;0;256
2022:08:22:12:48:01,151;4;161;137.7;131.7;133.0;0.94;196;201;25.8;26.4;22.1;13391;107;0;0;256
2022:08:22:12:49:00,520;4;147;125.8;132.1;133.4;0.78;154;156;25.9;26.2;22.1;13391;107;0;0;256
2022:08:22:12:50:01,529;3;101;87.7;131.5;132.5;0.56;15;19;25.8;26.1;22.0;13391;107;0;0;256
2022:08:22:12:51:00,997;4;151;127.2;131.9;133.3;0.82;165;165;25.7;26.3;22.0;13391;107;0;0;256
2022:08:22:12:52:03,066;3;118;101.1;131.5;132.5;0.55;54;57;25.8;26.0;22.1;13391;107;0;0;256
2022:08:22:12:53:01,394;3;97;84.5;131.7;132.5;0.56;14;14;25.7;26.1;22.1;13391;107;0;0;256
2022:08:22:12:54:00,903;2;59;51.3;131.5;132.7;0.57;0;0;25.7;26.1;22.2;13391;107;9;0;256
2022:08:22:12:55:00,951;3;91;84.8;131.2;132.9;0.12;0;7;25.4;25.9;22.3;13391;107;1;0;0
2022:08:22:12:56:00,160;4;124;105.2;131.7;132.7;0.58;75;71;25.6;26.0;22.4;13391;107;0;0;256
2022:08:22:12:57:01,569;4;156;130.4;131.5;132.9;0.89;184;186;25.8;26.3;22.4;13391;107;0;0;256
2022:08:22:12:58:00,797;3;110;94.2;131.5;132.7;0.56;31;34;25.9;26.1;22.5;13391;107;0;0;256
2022:08:22:12:59:01,346;3;136;117.4;131.5;132.7;0.55;51;51;25.9;26.4;22.6;13391;107;8;0;256
2022:08:22:13:00:01,014;3;116;100.8;131.2;132.1;0.55;20;23;25.9;26.1;22.6;13391;107;8;0;256
2022:08:22:13:01:01,323;2;51;52.9;130.8;132.5;0.12;0;0;26.0;26.4;22.7;13391;107;1;0;0
2022:08:22:13:02:00,211;0;5;38.4;130.8;132.1;0.12;0;0;25.9;26.2;22.7;13391;107;1;0;0
2022:08:22:13:03:00,400;0;0;28.5;130.6;132.3;0.12;0;0;25.8;26.1;22.8;13391;107;1;0;0
2022:08:22:13:04:01,329;2;71;65.2;130.6;132.5;0.12;0;0;25.6;26.0;22.8;13391;107;1;0;0
2022:08:22:13:05:00,677;4;150;127.1;131.2;132.4;0.78;155;163;25.9;26.5;22.8;13391;107;0;0;256
2022:08:22:13:06:00,886;4;142;120.7;131.0;132.9;0.72;139;134;26.0;26.2;22.7;13391;107;0;0;256
2022:08:22:13:07:01,254;3;93;80.3;131.0;132.3;0.56;8;9;26.0;26.6;22.6;13391;107;0;0;256
2022:08:22:13:08:01,003;3;114;97.6;131.0;132.1;0.55;46;46;26.0;26.2;22.6;13391;107;0;0;256
2022:08:22:13:09:00,911;3;99;85.9;131.0;131.9;0.55;14;16;26.0;26.4;22.6;13391;107;0;0;256
2022:08:22:13:10:02,840;3;93;81.0;131.0;131.9;0.56;8;9;26.0;26.3;22.6;13391;107;0;0;256
2022:08:22:13:11:00,069;1;23;43.8;130.8;132.1;0.12;0;0;26.0;26.3;22.6;13391;107;1;0;0
2022:08:22:13:12:00,677;4;123;104.9;131.0;132.3;0.57;68;71;25.8;26.4;22.6;13391;107;0;0;256
2022:08:22:13:13:00,766;3;101;86.5;131.2;132.7;0.56;16;19;25.9;26.0;22.6;13391;107;0;0;256
2022:08:22:13:14:00,054;3;98;84.3;131.0;132.3;0.56;12;15;26.0;26.4;22.7;13391;107;0;0;256
2022:08:22:13:15:00,523;3;113;99.1;131.2;132.4;0.55;16;19;26.1;26.3;22.8;13391;107;8;0;256
2022:08:22:13:16:00,591;2;56;52.1;130.8;132.5;0.12;0;0;26.2;26.6;22.8;13391;107;1;0;0
2022:08:22:13:17:00,660;3;90;89.5;130.8;132.3;0.12;0;6;26.0;26.5;22.9;13391;107;1;0;0
2022:08:22:13:18:00,768;1;36;55.4;131.0;132.3;0.11;0;0;26.0;26.4;23.0;13391;107;1;0;0
2022:08:22:13:19:01,397;2;56;51.5;130.8;132.3;0.12;0;0;25.9;26.4;23.1;13391;107;1;0;0
2022:08:22:13:20:00,746;4;126;107.2;131.5;132.9;0.58;82;81;26.2;26.7;23.2;13391;107;0;0;256
2022:08:22:13:21:01,254;4;159;135.0;131.5;133.2;0.89;187;189;26.3;26.5;23.1;13391;107;0;0;256
2022:08:22:13:22:00,643;3;115;99.0;131.2;132.4;0.55;48;49;26.5;27.0;23.0;13391;107;0;0;256
2022:08:22:13:23:00,051;6;197;164.5;131.7;133.5;1.71;380;374;26.3;26.7;22.9;13391;107;0;0;256
2022:08:22:13:24:00,100;4;127;108.6;131.2;132.7;0.59;85;85;26.4;26.8;22.8;13391;107;0;0;256
2022:08:22:13:25:00,249;3;112;96.1;131.0;132.6;0.55;40;40;26.3;26.7;22.8;13391;107;0;0;256
2022:08:22:13:26:00,077;4;142;120.3;131.2;132.9;0.7;131;134;26.3;26.5;22.8;13391;107;0;0;256
2022:08:22:13:27:00,406;4;127;108.5;131.2;132.7;0.58;83;85;26.3;26.8;22.8;13391;107;0;0;256
2022:08:22:13:28:01,534;4;124;106.7;131.0;131.9;0.56;68;75;26.2;26.5;22.8;13391;107;0;0;256
2022:08:22:13:29:00,083;4;142;120.4;131.0;132.3;0.72;139;138;26.2;26.6;22.7;13391;107;0;0;256
2022:08:22:13:30:00,071;3;106;90.8;131.2;132.1;0.55;27;28;26.2;26.5;22.6;13391;107;0;0;256
2022:08:22:13:31:01,240;3;119;103.2;131.2;132.1;0.55;26;27;26.2;26.6;22.6;13391;107;8;0;256
2022:08:22:13:32:01,248;3;98;85.9;131.2;132.7;0.56;5;6;26.2;26.4;22.6;13391;107;8;0;256
2022:08:22:13:33:00,437;3;93;86.5;131.0;132.1;0.13;0;9;26.1;26.5;22.7;13391;107;1;0;0
2022:08:22:13:34:00,706;3;91;79.1;131.0;132.6;0.56;8;7;26.1;26.5;22.8;13391;107;0;0;256
2022:08:22:13:35:01,274;4;191;165.2;131.7;133.0;0.78;155;156;26.1;26.5;22.9;13391;107;8;0;256
2022:08:22:13:36:01,103;6;225;185.5;131.9;134.1;2.53;568;572;26.4;27.0;23.0;13391;107;0;0;256
2022:08:22:13:37:00,411;5;172;146.4;131.5;133.5;1.14;246;246;26.8;26.9;23.0;13391;107;0;0;256
2022:08:22:13:38:00,720;3;99;85.8;131.0;132.1;0.56;14;16;26.7;27.1;22.9;13391;107;0;0;256
2022:08:22:13:39:00,528;2;83;71.7;131.0;132.3;0.56;3;3;26.5;26.6;23.0;13391;107;0;0;256
2022:08:22:13:40:01,057;3;131;113.1;130.8;132.5;0.55;44;44;26.4;26.8;23.0;13391;107;8;0;256
2022:08:22:13:41:00,546;4;161;138.6;131.2;132.1;0.6;91;92;26.4;26.7;23.1;13391;107;8;0;256
2022:08:22:13:42:01,174;4;150;127.8;131.0;132.3;0.67;119;120;26.5;26.9;23.0;13391;107;0;0;256
2022:08:22:13:43:01,262;3;139;119.6;131.0;132.6;0.6;91;93;26.5;26.7;23.0;13391;107;0;0;256
2022:08:22:13:44:00,151;2;82;71.8;130.8;132.1;0.56;1;1;26.5;26.6;23.0;13391;107;8;0;256
2022:08:22:13:45:00,680;3;134;115.5;131.5;132.7;0.56;49;48;26.5;26.9;23.0;13391;107;8;0;256
2022:08:22:13:46:00,568;5;194;165.2;131.5;132.9;1.2;261;255;26.5;26.7;23.1;13391;107;0;0;256
2022:08:22:13:47:00,337;3;92;79.8;131.0;132.1;0.56;4;6;26.6;27.0;23.1;13391;107;0;0;256
2022:08:22:13:48:01,386;3;109;100.9;130.8;132.5;0.13;0;33;26.5;26.9;23.1;13391;107;1;0;0
2022:08:22:13:49:00,974;4;129;110.2;131.0;132.9;0.58;84;90;26.5;26.9;23.2;13391;107;0;0;256
2022:08:22:13:50:00,163;3;97;84.7;131.2;132.4;0.55;12;14;26.6;26.6;23.2;13391;107;0;0;256
2022:08:22:13:51:00,211;2;78;66.7;131.2;132.4;0.56;0;0;26.6;27.0;23.3;13391;107;8;0;256
2022:08:22:13:52:00,240;3;91;81.6;131.0;132.3;0.56;0;3;26.6;26.7;23.3;13391;107;8;0;256
2022:08:22:13:53:00,968;3;152;130.7;131.2;132.7;0.58;75;77;26.7;27.2;23.3;13391;107;8;0;256
2022:08:22:13:54:01,177;3;87;75.8;130.6;131.9;0.56;0;2;26.9;26.9;23.4;13391;107;0;0;256
2022:08:22:13:55:00,626;4;162;139.0;131.2;132.7;0.61;96;94;26.7;27.2;23.4;13391;107;8;0;256
2022:08:22:13:56:00,734;3;158;135.4;131.2;132.4;0.59;86;86;26.8;26.9;23.4;13391;107;8;0;256
2022:08:22:13:57:01,163;3;151;130.0;131.0;132.3;0.57;72;75;26.8;27.1;23.3;13391;107;8;0;256
2022:08:22:13:58:00,251;3;132;114.2;131.0;132.3;0.56;45;45;26.8;26.8;23.3;13391;107;8;0;256
2022:08:22:13:59:00,080;3;160;138.1;131.2;132.7;0.6;90;91;26.7;27.2;23.3;13391;107;8;0;256
2022:08:22:14:00:00,408;4;170;146.5;131.2;132.4;0.62;106;106;26.7;26.8;23.3;13391;107;8;0;256
2022:08:22:14:01:01,457;2;77;67.1;131.0;132.6;0.56;0;0;26.8;26.9;23.2;13391;107;8;0;256
2022:08:22:14:02:01,265;1;29;42.4;131.0;132.3;0.12;0;0;26.5;26.8;23.1;13391;107;1;0;0
2022:08:22:14:03:00,774;0;0;31.3;130.8;132.1;0.12;0;0;26.3;26.6;23.1;13391;107;1;0;0
2022:08:22:14:04:01,463;0;0;25.6;130.8;132.1;0.11;0;0;26.2;26.5;23.2;13391;107;1;0;0
2022:08:22:14:05:01,231;3;92;84.9;130.6;132.3;0.11;0;8;26.1;26.4;23.2;13391;107;1;0;0
2022:08:22:14:06:00,940;5;169;142.7;131.5;132.9;1.1;237;240;26.4;26.8;23.1;13391;107;0;0;256
2022:08:22:14:07:00,068;4;149;125.6;131.2;132.9;0.78;155;158;26.6;26.7;23.1;13391;107;0;0;256
2022:08:22:14:08:00,317;4;127;108.8;131.2;132.7;0.58;81;85;26.6;27.0;23.0;13391;107;0;0;256
2022:08:22:14:09:00,406;4;148;126.0;131.2;132.7;0.78;154;158;26.6;26.6;23.0;13391;107;0;0;256
2022:08:22:14:10:01,514;4;133;113.1;131.2;132.7;0.64;108;105;26.5;26.9;22.9;13391;107;0;0;256
2022:08:22:14:11:01,143;3;115;98.2;131.2;132.4;0.55;49;50;26.5;26.5;22.9;13391;107;0;0;256
2022:08:22:14:12:00,311;6;197;163.6;131.7;133.5;1.71;379;381;26.6;27.0;22.8;13391;107;0;0;256
2022:08:22:14:13:00,940;5;161;137.7;131.5;132.9;0.99;210;205;26.6;26.8;22.7;13391;107;0;0;256
2022:08:22:14:14:00,128;4;141;118.8;131.2;132.7;0.69;129;131;26.5;26.6;22.7;13391;107;0;0;256
2022:08:22:14:15:00,757;3;118;100.6;131.2;132.7;0.57;55;57;26.4;26.7;22.6;13391;107;0;0;256
2022:08:22:14:16:01,385;3;86;74.3;131.0;132.3;0.56;4;4;26.3;26.5;22.6;13391;107;0;0;256
2022:08:22:14:17:00,414;4;151;127.4;131.5;132.9;0.81;163;163;26.1;26.6;22.6;13391;107;0;0;256
2022:08:22:14:18:00,003;3;88;77.2;130.8;132.1;0.56;5;4;26.2;26.3;22.6;13391;107;0;0;256
2022:08:22:14:19:01,451;3;121;103.2;131.0;132.3;0.55;62;66;26.2;26.6;22.6;13391;107;0;0;256
2022:08:22:14:20:00,340;4;129;109.3;131.2;132.1;0.58;85;87;26.2;26.5;22.6;13391;107;0;0;256
2022:08:22:14:21:01,428;3;116;99.1;131.0;132.1;0.56;52;51;26.4;26.6;22.6;13391;107;0;0;256
2022:08:22:14:22:00,157;3;101;87.6;131.0;132.1;0.55;19;19;26.4;26.7;22.5;13391;107;0;0;256
2022:08:22:14:23:00,106;3;104;89.5;130.8;132.1;0.55;22;23;26.4;26.3;22.5;13391;107;0;0;256
2022:08:22:14:24:00,478;3;111;96.1;131.0;132.3;0.55;36;37;26.3;26.7;22.5;13391;107;0;0;256
2022:08:22:14:25:00,880;4;165;142.5;131.2;132.4;0.56;84;100;26.3;26.2;22.5;13391;107;8;0;256
2022:08:22:14:26:00,799;4;163;136.6;131.2;132.7;0.89;185;185;26.4;26.7;22.5;13391;107;0;0;256
2022:08:22:14:27:00,160;5;176;149.1;131.5;133.2;1.06;226;228;26.4;26.6;22.4;13391;107;0;0;256
2022:08:22:14:28:00,060;3;99;86.6;131.0;132.3;0.55;12;13;26.5;26.5;22.4;13391;107;0;0;256
2022:08:22:14:29:02,057;3;121;104.1;131.0;132.1;0.56;52;56;26.4;26.6;22.4;13391;107;0;0;256
2022:08:22:14:30:00,545;4;137;118.2;131.0;132.1;0.6;93;101;26.3;26.3;22.4;13391;107;0;0;256
2022:08:22:14:31:01,214;3;118;101.1;131.0;132.3;0.55;50;49;26.4;26.7;22.4;13391;107;0;0;256
2022:08:22:14:32:00,643;3;111;95.5;131.0;132.3;0.55;29;32;26.3;26.3;22.3;13391;107;0;0;256
2022:08:22:14:33:01,451;3;101;87.0;130.8;132.1;0.56;15;14;26.2;26.5;22.4;13391;107;0;0;256
2022:08:22:14:34:00,560;2;55;53.7;130.6;132.3;0.1;0;0;26.3;26.3;22.4;13391;107;1;0;0
2022:08:22:14:35:00,608;3;104;96.8;130.6;131.9;0.12;0;23;25.9;26.2;22.5;13391;107;1;0;0
2022:08:22:14:36:00,777;3;95;84.7;131.0;132.3;0.56;4;5;26.0;26.3;22.6;13391;107;8;0;256
2022:08:22:14:37:00,045;3;135;117.0;131.0;132.3;0.55;48;51;26.1;26.0;22.7;13391;107;8;0;256
2022:08:22:14:38:01,234;4;161;138.3;131.2;132.4;0.6;93;93;26.2;26.5;22.7;13391;107;8;0;256
2022:08:22:14:39:00,003;3;92;79.4;131.0;132.1;0.56;4;3;26.3;26.2;22.7;13391;107;8;0;256
2022:08:22:14:40:01,391;1;27;43.7;130.6;131.9;0.12;0;0;26.2;26.3;22.7;13391;107;1;0;0
2022:08:22:14:41:01,460;0;0;32.2;130.8;132.1;0.12;0;0;26.0;26.2;22.7;13391;107;1;0;0
2022:08:22:14:42:00,948;0;5;27.0;130.6;131.7;0.12;0;0;25.9;26.0;22.8;13391;107;1;0;0
2022:08:22:14:43:01,257;0;5;27.6;130.8;132.3;0.12;0;0;25.8;25.9;22.8;13391;107;1;0;0
2022:08:22:14:44:02,905;1;26;29.8;130.8;132.3;0.12;0;0;25.8;25.9;22.7;13391;107;1;0;0
2022:08:22:14:45:00,674;0;0;28.1;130.6;131.7;0.12;0;0;25.7;25.9;22.7;13391;107;1;0;0
2022:08:22:14:46:31,007;1;34;31.2;130.6;131.7;0.12;0;0;25.6;25.8;22.6;13391;107;1;0;0
2022:08:22:14:47:00,931;2;61;56.6;130.6;131.5;0.12;0;0;25.5;25.8;22.6;13391;107;1;0;0
2022:08:22:14:48:00,300;2;76;66.1;131.2;132.1;0.56;0;0;25.6;25.5;22.5;13391;107;8;0;256
2022:08:22:14:49:01,208;2;69;60.1;130.8;132.1;0.56;0;0;25.8;26.0;22.4;13391;107;8;0;256
2022:08:22:14:50:01,237;4;136;116.5;131.0;132.1;0.66;111;113;25.9;25.9;22.4;13391;107;0;0;256
2022:08:22:14:51:01,525;3;105;91.2;130.8;131.7;0.55;26;26;26.0;26.2;22.3;13391;107;0;0;256
2022:08:22:14:52:00,174;3;162;141.3;131.2;132.1;0.6;93;97;25.9;25.9;22.3;13391;107;8;0;256
2022:08:22:14:53:00,383;4;194;168.4;131.0;132.3;0.79;157;161;25.9;26.2;22.2;13391;107;8;0;256
2022:08:22:14:54:00,551;4;157;133.1;131.2;133.2;0.77;155;156;26.0;26.0;22.1;13391;107;0;0;256
2022:08:22:14:55:00,660;2;75;64.0;131.2;132.1;0.57;0;0;26.0;26.1;22.0;13391;107;8;0;256
2022:08:22:14:56:00,508;4;203;175.6;131.5;132.7;0.96;203;207;25.8;26.2;22.0;13391;107;0;0;256
2022:08:22:14:57:00,617;4;156;132.4;131.2;132.7;0.88;184;186;26.0;26.0;21.9;13391;107;0;0;256
2022:08:22:14:58:00,745;4;148;125.2;131.5;132.9;0.79;158;156;26.1;26.5;21.9;13391;107;0;0;256
2022:08:22:14:59:00,914;3;99;85.7;131.0;132.3;0.56;6;7;26.0;26.1;21.8;13391;107;8;0;256
2022:08:22:15:00:01,022;5;192;159.5;131.5;133.2;1.56;345;342;26.2;26.4;21.8;13391;107;0;0;256
2022:08:22:15:01:01,251;5;159;131.4;131.5;132.9;0.94;195;196;26.2;26.5;21.8;13391;107;0;0;256
2022:08:22:15:02:01,380;6;208;175.1;131.7;133.8;2.01;449;452;26.2;26.2;21.7;13391;107;0;0;256
2022:08:22:15:03:00,568;5;190;157.3;131.5;133.7;1.53;337;335;26.1;26.3;21.7;13391;107;0;0;256
2022:08:22:15:04:00,137;4;121;103.0;131.2;132.1;0.56;68;66;26.2;26.6;21.6;13391;107;0;0;256
2022:08:22:15:05:00,225;5;171;142.8;131.2;133.2;1.14;245;245;26.0;26.1;21.6;13391;107;0;0;256
2022:08:22:15:06:00,294;4;130;111.0;131.2;132.4;0.6;94;98;26.0;26.1;21.5;13391;107;0;0;256
2022:08:22:15:07:00,383;4;144;122.1;131.2;132.7;0.72;137;139;26.0;26.4;21.5;13391;107;0;0;256
2022:08:22:15:08:00,191;6;225;187.6;131.9;134.1;2.54;569;575;25.8;26.0;21.5;13391;107;0;0;256
2022:08:22:15:09:00,660;4;153;128.8;131.2;132.9;0.86;177;174;26.0;26.3;21.4;13391;107;0;0;256
2022:08:22:15:10:00,788;5;171;141.0;131.5;132.9;1.14;246;246;25.9;26.3;21.4;13391;107;0;0;256
2022:08:22:15:11:00,917;6;224;186.2;131.9;133.8;2.51;561;562;26.3;26.3;21.4;13391;107;0;0;256
2022:08:22:15:12:01,105;4;141;119.5;131.2;132.9;0.69;129;131;26.4;26.7;21.4;13391;107;0;0;256
2022:08:22:15:13:01,154;3;100;85.5;131.0;132.1;0.55;17;17;26.1;26.4;21.3;13391;107;0;0;256
2022:08:22:15:14:01,242;1;41;45.4;130.8;132.1;0.12;0;0;25.8;25.9;21.3;13391;107;1;0;0
2022:08:22:15:15:01,251;2;74;63.7;131.0;132.1;0.56;0;0;25.5;25.7;21.3;13391;107;8;0;256
2022:08:22:15:16:01,300;2;58;55.3;130.8;132.1;0.1;0;0;25.6;25.6;21.3;13391;107;1;0;0
2022:08:22:15:17:01,248;4;134;113.5;131.0;132.9;0.64;108;108;25.4;25.3;21.4;13391;107;0;0;256
2022:08:22:15:18:01,337;5;161;137.2;131.5;132.9;0.96;202;206;25.4;25.7;21.4;13391;107;0;0;256
2022:08:22:15:19:01,385;4;136;116.0;131.0;132.3;0.69;124;114;25.8;25.8;21.4;13391;107;0;0;256
2022:08:22:15:20:01,474;5;159;135.3;131.5;132.7;0.95;200;197;25.8;25.9;21.4;13391;107;0;0;256
2022:08:22:15:21:00,021;5;174;146.5;131.7;133.0;1.19;260;260;25.7;26.0;21.3;13391;107;0;0;256
2022:08:22:15:22:00,251;4;157;130.4;131.5;132.7;0.89;185;186;25.7;25.9;21.3;13391;107;0;0;256
2022:08:22:15:23:00,520;2;63;57.7;130.8;132.1;0.1;0;0;25.7;25.7;21.2;13391;107;1;0;0
2022:08:22:15:24:00,688;1;23;45.9;131.0;132.1;0.12;0;0;25.3;25.5;21.2;13391;107;1;0;0
2022:08:22:15:25:00,617;1;20;34.1;130.8;132.1;0.12;0;0;25.1;25.2;21.2;13391;107;1;0;0
2022:08:22:15:26:00,625;5;173;144.3;131.5;133.2;1.15;249;256;24.8;24.8;21.2;13391;107;0;0;256
2022:08:22:15:27:00,714;4;151;128.3;131.2;132.7;0.81;161;163;25.0;25.3;21.1;13391;107;0;0;256
2022:08:22:15:28:00,622;4;157;134.1;131.2;132.7;0.93;193;188;25.1;25.1;21.1;13391;107;0;0;256
2022:08:22:15:29:00,110;3;115;98.8;131.0;132.1;0.55;48;50;25.4;25.4;21.1;13391;107;0;0;256
2022:08:22:15:30:00,380;5;162;138.8;131.2;132.9;0.99;210;211;25.4;25.7;21.0;13391;107;0;0;256
2022:08:22:15:31:00,508;6;223;185.7;131.7;133.8;2.49;558;559;25.3;25.4;21.0;13391;107;0;0;256
2022:08:22:15:32:00,657;5;179;149.6;131.0;132.6;1.28;279;281;25.7;26.0;20.9;13391;107;0;0;256
2022:08:22:15:33:00,885;3;113;96.6;131.0;132.3;0.56;42;43;25.6;25.8;20.9;13391;107;0;0;256
2022:08:22:15:34:01,014;2;79;69.5;131.0;131.5;0.56;0;1;25.4;25.3;20.9;13391;107;8;0;256
2022:08:22:15:35:01,142;4;190;164.1;131.2;132.1;0.71;139;153;25.2;25.2;20.9;13391;107;8;0;256
2022:08:22:15:36:01,211;3;141;122.1;131.2;132.1;0.59;81;83;25.3;25.6;21.0;13391;107;0;0;256
2022:08:22:15:37:00,400;3;89;79.8;130.6;131.5;0.57;0;2;25.2;25.3;21.0;13391;107;8;0;256
2022:08:22:15:38:00,528;3;125;108.8;131.0;131.9;0.53;36;37;25.1;24.9;21.0;13391;107;8;0;256
2022:08:22:15:39:00,597;3;118;102.0;131.0;132.1;0.55;27;26;25.1;25.3;21.0;13391;107;8;0;256
2022:08:22:15:40:00,385;1;48;51.5;130.6;131.5;0.12;0;0;25.1;25.2;21.1;13391;107;1;0;0
2022:08:22:15:41:00,834;2;58;53.8;130.8;131.7;0.12;0;0;24.9;25.0;21.1;13391;107;1;0;0
2022:08:22:15:42:00,922;4;133;114.1;130.8;131.7;0.61;99;105;24.8;25.0;21.2;13391;107;0;0;256
2022:08:22:15:43:00,951;3;104;89.4;131.0;131.9;0.55;27;23;25.0;24.9;21.2;13391;107;0;0;256
2022:08:22:15:44:01,060;4;151;128.7;131.5;132.9;0.81;166;166;25.1;25.1;21.2;13391;107;0;0;256
2022:08:22:15:45:01,288;3;89;77.7;131.0;131.5;0.56;4;6;25.1;25.2;21.2;13391;107;0;0;256
2022:08:22:15:46:01,257;4;147;125.1;131.2;132.1;0.78;155;156;25.0;25.0;21.2;13391;107;0;0;256
2022:08:22:15:47:01,325;5;182;152.7;131.5;132.9;1.35;297;296;25.3;25.4;21.2;13391;107;0;0;256
2022:08:22:15:48:01,414;3;99;86.8;130.8;131.7;0.56;6;7;25.2;25.4;21.1;13391;107;8;0;256
2022:08:22:15:49:01,502;3;133;114.7;131.2;131.7;0.56;51;48;25.1;25.0;21.1;13391;107;8;0;256
2022:08:22:15:50:00,010;6;215;178.9;131.5;133.5;1.94;432;438;24.9;24.8;21.1;13391;107;0;0;256
2022:08:22:15:51:01,519;1;47;48.8;130.6;131.9;0.12;0;0;25.0;25.1;21.0;13391;107;1;0;0
2022:08:22:15:52:01,508;4;121;103.7;131.0;132.1;0.56;67;66;24.7;24.7;21.0;13391;107;0;0;256
2022:08:22:15:53:00,216;5;189;158.9;131.5;132.9;1.34;295;292;24.7;24.7;21.0;13391;107;0;0;256
2022:08:22:15:54:00,324;6;209;174.9;131.9;133.8;2.01;449;462;25.3;25.6;21.0;13391;107;0;0;256
2022:08:22:15:55:00,413;3;102;88.7;131.2;132.4;0.55;20;20;25.4;25.4;20.8;13391;107;0;0;256
2022:08:22:15:56:00,441;3;109;94.7;131.5;132.5;0.55;31;33;25.1;24.9;20.7;13391;107;0;0;256
2022:08:22:15:57:00,571;5;169;141.5;131.5;132.9;1.1;237;238;25.0;25.0;20.7;13391;107;0;0;256
2022:08:22:15:58:00,779;7;247;204.5;132.1;134.7;3.37;759;764;25.3;25.7;20.6;13391;107;0;0;256
2022:08:22:15:59:01,128;5;176;148.8;131.5;133.2;1.25;271;270;25.4;25.4;20.4;13391;107;0;0;256
2022:08:22:16:00:01,257;5;189;158.0;131.5;133.5;1.54;339;333;25.2;25.3;20.4;13391;107;0;0;256
2022:08:22:16:01:01,465;3;89;77.3;131.0;132.1;0.56;2;3;25.0;25.2;20.3;13391;107;8;0;256
2022:08:22:16:02:00,153;3;99;85.1;131.0;131.9;0.55;12;14;24.9;25.2;20.3;13391;107;0;0;256
2022:08:22:16:03:01,242;6;221;183.8;131.7;134.0;2.47;555;554;24.7;24.7;20.2;13391;107;0;0;256
2022:08:22:16:04:01,451;4;132;111.9;131.0;132.3;0.57;90;103;24.8;24.7;20.1;13391;107;0;0;256
2022:08:22:16:05:00,019;7;236;195.6;131.9;134.4;2.96;667;672;24.6;24.8;20.1;13391;107;0;0;256
2022:08:22:16:06:00,227;4;127;108.4;131.0;132.3;0.58;82;86;25.0;25.2;20.1;13391;107;0;0;256
2022:08:22:16:07:01,157;6;219;182.9;131.7;133.5;2.39;534;535;25.2;25.2;20.0;13391;107;0;0;256
2022:08:22:16:08:01,345;4;158;134.1;131.5;132.7;0.89;185;193;25.0;25.0;20.0;13391;107;0;0;256
2022:08:22:16:09:01,414;6;197;163.8;131.7;133.8;1.76;393;391;24.8;25.1;19.9;13391;107;0;0;256
2022:08:22:16:10:01,482;3;110;95.0;131.0;132.1;0.51;21;35;24.8;25.0;19.8;13391;107;0;0;256
2022:08:22:16:11:00,270;6;213;177.9;131.7;134.0;2.18;489;490;24.7;25.1;19.9;13391;107;0;0;256
2022:08:22:16:12:00,438;4;147;123.8;131.0;132.3;0.76;149;154;24.9;24.8;19.8;13391;107;0;0;256
2022:08:22:16:13:00,507;5;165;139.9;131.2;132.7;1.01;216;223;24.7;24.8;19.8;13391;107;0;0;256
2022:08:22:16:14:00,656;4;143;122.4;131.2;132.4;0.7;131;135;24.7;24.9;19.8;13391;107;0;0;256
2022:08:22:16:15:00,484;6;227;188.4;131.5;133.7;2.62;586;597;24.9;25.2;19.8;13391;107;0;0;256
2022:08:22:16:16:00,613;6;216;180.1;131.5;133.2;2.22;496;515;25.3;25.4;19.7;13391;107;0;0;256
2022:08:22:16:17:01,422;4;141;120.4;131.2;132.4;0.67;121;128;25.2;25.2;19.7;13391;107;0;0;256
2022:08:22:16:18:00,290;5;151;126.2;131.5;132.9;0.8;163;171;24.8;24.8;19.6;13391;107;0;0;256
2022:08:22:16:19:00,498;3;96;83.3;131.0;132.1;0.56;12;14;24.5;24.8;19.6;13391;107;0;0;256
2022:08:22:16:20:00,707;4;142;121.4;131.2;132.4;0.74;139;135;24.4;24.6;19.6;13391;107;0;0;256
2022:08:22:16:21:01,317;4;154;131.3;131.2;132.9;0.88;179;178;24.2;24.2;19.6;13391;107;0;0;256
2022:08:22:16:22:00,124;2;59;54.3;130.6;131.7;0.1;0;0;24.3;24.2;19.6;13391;107;1;0;0
2022:08:22:16:23:00,013;4;133;113.7;131.2;132.4;0.6;100;104;24.0;23.8;19.7;13391;107;0;0;256
2022:08:22:16:24:00,281;3;97;83.9;131.0;132.1;0.56;13;14;24.0;24.2;19.6;13391;107;0;0;256
2022:08:22:16:25:00,490;2;90;83.7;130.8;131.7;0.12;0;6;23.9;24.0;19.6;13391;107;1;0;0
2022:08:22:16:26:00,378;3;98;95.1;130.8;132.3;0.12;0;15;23.6;23.7;19.7;13391;107;1;0;0
2022:08:22:16:27:00,727;3;101;88.3;131.2;131.9;0.56;21;19;23.6;23.6;19.7;13391;107;0;0;256
2022:08:22:16:28:01,017;7;264;217.2;132.4;135.1;4.05;913;906;23.6;24.0;19.7;13391;107;0;0;256
2022:08:22:16:29:00,104;4;133;113.1;131.7;132.7;0.68;118;105;24.3;24.4;19.7;13391;107;0;0;256
2022:08:22:16:30:00,974;5;161;134.4;131.5;132.7;0.97;206;208;24.4;24.2;19.6;13391;107;0;0;256
2022:08:22:16:31:00,701;4;133;113.0;131.5;132.5;0.62;102;105;24.1;24.1;19.5;13391;107;0;0;256
2022:08:22:16:32:00,790;5;165;138.7;131.2;132.7;1.04;220;223;23.9;24.1;19.5;13391;107;0;0;256
2022:08:22:16:33:00,898;4;152;129.2;131.2;132.9;0.86;176;175;23.9;24.1;19.4;13391;107;0;0;256
2022:08:22:16:34:01,308;3;95;85.0;131.2;132.1;0.57;4;5;23.8;23.6;19.3;13391;107;8;0;256
2022:08:22:16:35:01,416;2;73;62.9;131.2;132.1;0.57;0;0;23.7;23.5;19.3;13391;107;8;0;256
2022:08:22:16:36:00,044;3;109;93.9;131.2;131.9;0.55;32;32;23.7;23.5;19.3;13391;107;0;0;256
2022:08:22:16:37:01,134;3;104;91.0;131.2;131.9;0.56;8;10;23.6;23.7;19.3;13391;107;8;0;256
2022:08:22:16:38:01,382;4;128;109.3;131.5;132.1;0.59;89;87;23.8;23.9;19.2;13391;107;0;0;256
2022:08:22:16:39:01,531;4;128;109.3;131.5;132.1;0.55;77;87;23.7;23.6;19.2;13391;107;0;0;256
2022:08:22:16:40:00,318;6;220;183.4;131.9;134.1;2.39;536;537;23.5;23.6;19.2;13391;107;0;0;256
2022:08:22:16:41:00,392;5;187;157.7;131.7;133.0;1.49;328;328;23.9;23.8;19.1;13391;107;0;0;256
2022:08:22:16:42:00,848;5;185;158.0;131.7;133.0;1.43;314;313;23.8;24.0;19.1;13391;107;0;0;256
2022:08:22:16:43:00,942;6;198;164.4;132.1;133.9;1.74;388;388;23.5;23.8;19.0;13391;107;0;0;256
2022:08:22:16:44:00,937;5;168;141.3;131.7;133.3;1.07;230;234;23.6;23.9;19.0;13391;107;0;0;256
2022:08:22:16:45:01,411;2;59;56.2;131.0;131.9;0.12;0;0;23.5;23.5;18.9;13391;107;1;0;0
2022:08:22:16:46:01,261;3;113;96.7;131.7;132.3;0.55;42;43;23.1;23.0;18.9;13391;107;0;0;256
2022:08:22:16:47:00,608;3;111;95.7;131.5;131.7;0.55;35;37;23.2;22.9;18.9;13391;107;0;0;256
2022:08:22:16:48:01,017;4;141;121.2;131.7;132.5;0.7;132;133;23.1;23.0;18.9;13391;107;0;0;256
2022:08:22:16:49:01,426;3;102;88.2;131.5;132.5;0.56;19;20;23.0;23.1;18.8;13391;107;0;0;256
2022:08:22:16:50:01,495;4;159;134.2;131.9;133.6;0.88;187;200;22.9;23.2;18.9;13391;107;0;0;256
2022:08:22:16:51:01,264;3;104;89.3;131.7;132.5;0.57;23;23;23.0;23.1;18.8;13391;107;0;0;256
2022:08:22:16:52:00,111;3;143;124.2;131.9;133.1;0.56;62;63;22.9;23.1;18.8;13391;107;8;0;256
2022:08:22:16:53:00,480;3;158;137.9;131.9;132.8;0.59;85;88;22.9;22.7;18.8;13391;107;8;0;256
2022:08:22:16:54:00,108;5;165;139.4;132.1;133.6;0.94;199;211;23.0;22.8;18.7;13391;107;0;0;256
2022:08:22:16:55:00,217;5;191;158.8;131.9;133.6;1.55;345;348;23.2;23.2;18.7;13391;107;0;0;256
2022:08:22:16:56:00,006;4;144;122.9;131.9;133.3;0.71;132;142;23.2;23.3;18.6;13391;107;0;0;256
2022:08:22:16:57:00,574;3;108;94.4;132.4;133.0;0.58;38;32;23.0;23.2;18.5;13391;107;0;0;256
2022:08:22:16:58:00,603;3;107;93.3;132.1;133.4;0.55;27;30;22.8;23.0;18.5;13391;107;0;0;256
2022:08:22:16:59:00,471;3;98;84.8;131.9;133.1;0.56;14;14;22.7;22.8;18.5;13391;107;0;0;256
2022:08:22:17:00:00,660;3;102;88.4;132.1;132.9;0.55;23;20;22.7;22.7;18.4;13391;107;0;0;256
2022:08:22:17:01:00,728;4;126;108.8;132.4;133.2;0.59;81;83;22.6;22.5;18.4;13391;107;0;0;256
2022:08:22:17:02:00,097;3;102;87.7;131.9;132.8;0.52;10;20;22.6;22.4;18.3;13391;107;0;0;256
2022:08:22:17:03:00,265;3;110;94.7;132.1;133.1;0.55;35;35;22.6;22.4;18.3;13391;107;0;0;256
2022:08:22:17:04:00,614;5;192;162.9;132.1;133.9;1.54;342;336;22.5;22.4;18.3;13391;107;0;0;256
2022:08:22:17:05:00,243;4;136;116.0;132.1;133.1;0.66;115;116;22.7;22.7;18.2;13391;107;0;0;256
2022:08:22:17:06:00,551;4;121;104.6;131.9;132.8;0.52;54;67;22.6;22.7;18.2;13391;107;0;0;256
2022:08:22:17:07:00,740;5;162;136.9;132.4;133.8;0.98;208;211;22.5;22.7;18.1;13391;107;0;0;256
2022:08:22:17:08:01,008;5;169;141.9;132.1;133.6;1.13;243;240;22.5;22.7;18.1;13391;107;0;0;256
2022:08:22:17:09:01,277;4;125;107.4;131.9;132.5;0.57;77;79;22.5;22.5;18.0;13391;107;0;0;256
2022:08:22:17:10:00,345;4;150;127.9;131.7;133.0;0.76;153;169;22.4;22.5;18.0;13391;107;0;0;256
2022:08:22:17:11:00,494;3;121;104.9;131.9;133.1;0.57;67;70;22.3;22.3;18.0;13391;107;0;0;256
2022:08:22:17:12:00,603;3;113;99.0;131.9;132.5;0.56;17;19;22.1;22.1;17.9;13391;107;8;0;256
2022:08:22:17:13:00,671;3;98;92.4;131.7;132.7;0.13;0;15;22.0;22.0;17.8;13391;107;1;0;0
2022:08:22:17:14:00,860;2;57;52.4;131.5;132.7;0.13;0;0;22.0;22.0;17.8;13391;107;1;0;0
2022:08:22:17:15:00,128;4;134;115.1;131.9;132.8;0.65;111;110;21.9;21.8;17.8;13391;107;0;0;256
2022:08:22:17:16:00,797;3;107;92.0;131.9;132.5;0.52;18;32;21.9;21.7;17.7;13391;107;0;0;256
2022:08:22:17:17:01,425;4;126;107.2;131.5;132.5;0.57;77;79;21.8;21.8;17.7;13391;107;0;0;256
2022:08:22:17:18:00,014;4;136;116.7;132.1;133.4;0.65;115;116;21.8;21.6;17.6;13391;107;0;0;256
2022:08:22:17:19:01,543;4;148;126.3;131.9;133.3;0.8;162;158;21.9;22.0;17.5;13391;107;0;0;256
2022:08:22:17:20:00,151;3;103;91.1;131.9;133.1;0.58;33;23;21.9;21.8;17.5;13391;107;0;0;256
2022:08:22:17:21:00,320;4;122;105.2;132.1;133.1;0.56;69;70;21.8;21.8;17.4;13391;107;0;0;256
2022:08:22:17:22:00,428;3;119;101.8;131.9;132.8;0.56;61;61;21.7;21.7;17.4;13391;107;0;0;256
2022:08:22:17:23:00,717;2;85;73.6;131.7;132.7;0.57;3;4;21.6;21.7;17.3;13391;107;0;0;256
2022:08:22:17:24:00,805;2;75;66.0;131.7;132.7;0.58;0;0;21.6;21.5;17.3;13391;107;8;0;256
2022:08:22:17:25:00,934;4;134;114.7;132.4;133.2;0.64;107;110;21.4;21.5;17.3;13391;107;0;0;256
2022:08:22:17:26:01,063;3;109;94.9;131.7;132.5;0.55;33;33;21.4;21.5;17.2;13391;107;0;0;256
2022:08:22:17:27:01,171;3;101;87.6;131.9;133.1;0.55;18;19;21.4;21.5;17.2;13391;107;0;0;256
2022:08:22:17:28:01,300;3;117;101.1;131.9;133.1;0.51;41;55;21.4;21.5;17.2;13391;107;0;0;256
2022:08:22:17:29:01,248;3;102;89.0;132.1;133.1;0.57;20;20;21.4;21.4;17.1;13391;107;0;0;256
2022:08:22:17:30:01,357;3;115;99.6;131.7;132.5;0.51;36;50;21.3;21.4;17.1;13391;107;0;0;256
2022:08:22:17:31:01,345;3;108;93.7;131.9;132.5;0.56;28;32;21.3;21.3;17.0;13391;107;0;0;256
2022:08:22:17:32:01,414;3;120;103.0;132.4;133.2;0.56;60;61;21.4;21.5;17.0;13391;107;0;0;256
2022:08:22:17:33:01,322;3;101;87.8;131.9;133.1;0.55;20;19;21.3;21.4;16.9;13391;107;0;0;256
2022:08:22:17:34:01,391;3;105;90.0;131.7;132.7;0.56;23;26;21.2;21.2;16.9;13391;107;0;0;256
2022:08:22:17:35:01,460;3;105;91.8;131.9;132.8;0.56;23;26;21.1;21.2;16.8;13391;107;0;0;256
2022:08:22:17:36:01,508;3;105;92.4;131.9;133.1;0.56;22;26;21.0;21.0;16.8;13391;107;0;0;256
2022:08:22:17:37:00,077;3;111;96.8;131.9;132.3;0.55;39;35;21.0;20.7;16.8;13391;107;0;0;256
2022:08:22:17:38:01,265;4;187;161.4;132.1;133.1;0.9;188;188;20.9;20.8;16.8;13391;107;0;0;256
2022:08:22:17:39:01,354;4;145;124.5;131.9;133.6;0.75;148;149;21.1;21.0;16.7;13391;107;0;0;256
2022:08:22:17:40:01,402;3;90;77.0;131.9;132.5;0.57;8;6;21.0;20.8;16.6;13391;107;0;0;256
2022:08:22:17:41:01,471;3;114;98.6;131.7;132.5;0.55;47;47;20.9;20.7;16.6;13391;107;0;0;256
2022:08:22:17:42:01,500;2;85;76.5;131.7;132.5;0.57;0;1;20.8;20.5;16.5;13391;107;8;0;256
2022:08:22:17:43:00,068;2;82;72.4;131.5;132.7;0.57;1;1;20.7;20.6;16.5;13391;107;8;0;256
2022:08:22:17:44:00,177;3;106;93.7;131.5;132.5;0.56;11;13;20.7;20.6;16.4;13391;107;8;0;256
2022:08:22:17:45:00,305;3;125;110.0;131.7;132.3;0.56;33;36;20.6;20.5;16.4;13391;107;8;0;256
2022:08:22:17:46:00,374;3;109;94.1;131.7;132.5;0.56;33;30;20.7;20.7;16.3;13391;107;0;0;256
2022:08:22:17:47:00,562;5;173;145.7;131.9;133.8;1.06;229;236;20.6;20.7;16.3;13391;107;0;0;256
2022:08:22:17:48:00,631;4;136;117.2;131.9;133.1;0.61;102;105;20.6;20.7;16.3;13391;107;0;0;256
2022:08:22:17:49:00,660;4;165;142.0;131.9;133.3;0.95;200;204;20.4;20.6;16.3;13391;107;0;0;256
2022:08:22:17:50:00,948;3;112;96.6;131.7;132.7;0.59;50;37;20.4;20.4;16.1;13391;107;0;0;256
2022:08:22:17:51:01,057;4;169;145.3;132.1;133.6;0.94;201;219;20.3;20.4;16.1;13391;107;0;0;256
2022:08:22:17:52:01,165;4;131;113.3;131.7;132.7;0.59;91;91;20.4;20.4;16.1;13391;107;0;0;256
2022:08:22:17:53:01,234;3;123;105.8;131.9;132.8;0.56;65;64;20.3;20.1;16.0;13391;107;0;0;256
2022:08:22:17:54:00,542;4;153;131.1;131.5;132.9;0.79;160;160;20.2;19.9;16.0;13391;107;0;0;256
2022:08:22:17:55:00,591;6;200;169.6;131.9;133.8;1.83;407;412;20.2;20.1;15.9;13391;107;0;0;256
2022:08:22:17:56:01,360;6;189;158.6;131.9;133.6;1.56;346;340;20.4;20.3;15.9;13391;107;0;0;256
2022:08:22:17:57:01,488;3;93;80.7;131.5;132.5;0.56;8;9;20.4;20.2;15.8;13391;107;0;0;256
2022:08:22:17:58:00,077;4;133;114.7;131.7;133.0;0.64;108;108;20.1;20.4;15.8;13391;107;0;0;256
2022:08:22:17:59:00,565;5;163;140.8;131.9;133.3;0.96;206;219;20.0;20.1;15.7;13391;107;0;0;256
2022:08:22:18:00:00,734;4;146;125.0;132.1;133.4;0.77;152;157;20.0;20.1;15.7;13391;107;0;0;256
2022:08:22:18:01:01,482;4;126;108.5;131.7;132.7;0.58;82;84;20.0;20.1;15.6;13391;107;0;0;256
2022:08:22:18:02:00,051;4;128;109.7;131.9;133.1;0.59;86;89;19.9;19.7;15.6;13391;107;0;0;256
2022:08:22:18:03:00,140;4;123;107.2;131.7;133.0;0.57;73;73;19.8;19.7;15.5;13391;107;0;0;256
2022:08:22:18:04:00,068;4;149;127.3;131.7;133.3;0.8;162;164;19.8;20.0;15.5;13391;107;0;0;256
2022:08:22:18:05:00,557;4;142;121.7;131.7;132.7;0.71;138;141;19.7;20.0;15.4;13391;107;0;0;256
2022:08:22:18:06:00,625;5;189;160.7;131.5;133.2;1.52;336;340;19.5;19.8;15.4;13391;107;0;0;256
2022:08:22:18:07:00,734;3;84;73.3;131.5;132.5;0.58;15;3;19.6;19.6;15.3;13391;107;0;0;256
2022:08:22:18:08:00,802;3;95;88.0;131.2;132.1;0.57;2;5;19.5;19.3;15.3;13391;107;8;0;256
2022:08:22:18:09:00,831;3;117;102.7;131.2;132.1;0.55;25;25;19.4;19.3;15.2;13391;107;8;0;256
2022:08:22:18:10:01,380;5;197;170.4;131.5;132.9;1.09;237;241;19.3;19.3;15.2;13391;107;0;0;256
2022:08:22:18:11:01,528;4;142;121.3;131.0;132.3;0.7;134;135;19.4;19.4;15.2;13391;107;0;0;256
2022:08:22:18:12:00,057;3;105;91.5;131.2;132.1;0.56;26;26;19.4;19.4;15.1;13391;107;0;0;256
2022:08:22:18:13:00,305;2;61;54.2;130.8;131.7;0.56;0;0;19.4;19.1;15.2;13391;107;8;0;256
2022:08:22:18:14:00,514;4;123;106.3;131.0;131.9;0.57;72;73;19.0;18.8;15.2;13391;107;0;0;256
2022:08:22:18:15:00,662;4;140;120.2;131.2;132.1;0.7;131;131;19.0;18.9;15.1;13391;107;0;0;256
2022:08:22:18:16:00,791;4;122;105.2;131.0;131.9;0.56;70;71;19.1;19.1;15.1;13391;107;0;0;256
2022:08:22:18:17:00,000;4;127;109.1;130.8;132.3;0.59;85;87;19.2;19.3;15.1;13391;107;0;0;256
2022:08:22:18:18:01,068;3;91;80.0;130.8;131.7;0.58;17;8;19.2;19.4;15.0;13391;107;0;0;256
2022:08:22:18:19:01,097;3;93;83.4;130.6;131.2;0.55;3;4;19.1;19.0;15.0;13391;107;8;0;256
2022:08:22:18:20:01,145;4;163;142.2;131.0;132.1;0.61;97;99;19.0;18.7;15.0;13391;107;8;0;256
2022:08:22:18:21:00,354;4;130;111.1;131.0;132.1;0.61;99;95;18.9;18.9;15.0;13391;107;0;0;256
2022:08:22:18:22:00,562;4;143;122.8;131.0;132.6;0.71;138;141;18.9;19.1;14.9;13391;107;0;0;256
2022:08:22:18:23:00,611;4;145;123.5;131.2;132.4;0.74;142;144;19.0;19.1;14.9;13391;107;0;0;256
2022:08:22:18:24:00,720;5;162;137.0;131.0;132.1;1.0;212;214;19.1;19.2;14.9;13391;107;0;0;256
2022:08:22:18:25:00,788;4;135;115.8;131.0;131.9;0.64;112;115;19.1;18.9;14.8;13391;107;0;0;256
2022:08:22:18:26:00,917;5;164;138.6;131.2;132.7;1.05;224;222;19.3;19.2;14.8;13391;107;0;0;256
2022:08:22:18:27:00,985;5;165;138.7;130.8;132.1;1.05;223;226;19.1;19.2;14.8;13391;107;0;0;256
2022:08:22:18:28:00,154;6;201;169.5;131.0;132.9;1.86;414;417;19.0;19.2;14.7;13391;107;0;0;256
2022:08:22:18:29:00,022;4;145;124.2;130.8;131.7;0.74;146;150;19.1;19.0;14.7;13391;107;0;0;256
2022:08:22:18:30:00,811;4;119;103.2;130.8;131.5;0.55;65;62;19.0;18.8;14.7;13391;107;0;0;256
2022:08:22:18:31:00,939;3;84;73.3;130.6;131.2;0.56;4;3;18.9;18.9;14.7;13391;107;0;0;256
2022:08:22:18:32:00,708;2;70;65.5;130.6;131.7;0.12;0;0;18.8;18.8;14.6;13391;107;1;0;0
2022:08:22:18:33:00,697;3;105;99.0;130.8;131.7;0.13;0;27;18.4;18.5;14.6;13391;107;1;0;0
2022:08:22:18:34:00,785;3;105;91.4;131.5;132.1;0.55;26;27;18.4;18.3;14.6;13391;107;0;0;256
2022:08:22:18:35:00,914;4;124;107.1;132.4;133.2;0.57;75;77;18.5;18.5;14.6;13391;107;0;0;256
2022:08:22:18:36:01,182;3;121;104.2;132.1;133.1;0.56;60;62;18.5;18.7;14.6;13391;107;0;0;256
2022:08:22:18:37:00,691;4;153;131.0;132.1;133.6;0.87;179;179;18.5;18.4;14.6;13391;107;0;0;256
2022:08:22:18:38:00,539;5;159;134.6;132.4;133.6;0.95;203;203;18.6;18.4;14.6;13391;107;0;0;256
2022:08:22:18:39:00,108;4;149;128.1;132.4;133.6;0.8;163;164;18.6;18.8;14.6;13391;107;0;0;256
2022:08:22:18:40:00,117;4;125;107.2;131.9;133.1;0.58;76;80;18.6;18.8;14.5;13391;107;0;0;256
2022:08:22:18:41:00,205;4;140;120.2;132.1;133.4;0.7;131;134;18.4;18.3;14.5;13391;107;0;0;256
2022:08:22:18:42:00,594;4;126;108.6;131.9;132.8;0.59;83;84;18.4;18.4;14.5;13391;107;0;0;256
2022:08:22:18:43:00,342;3;93;81.1;131.7;132.7;0.58;20;9;18.4;18.4;14.5;13391;107;0;0;256
2022:08:22:18:44:00,431;3;113;99.4;131.5;132.5;0.55;44;44;18.2;18.3;14.4;13391;107;0;0;256
2022:08:22:18:45:00,959;4;137;118.3;131.9;133.1;0.66;118;121;18.3;18.3;14.4;13391;107;0;0;256
2022:08:22:18:46:01,088;3;84;69.1;131.7;132.3;0.56;0;2;18.3;18.0;14.4;13391;107;8;0;256
2022:08:22:18:47:01,177;3;107;94.5;131.7;132.5;0.53;16;13;18.3;18.1;14.4;13391;107;8;0;256
2022:08:22:18:48:01,225;2;71;66.1;131.2;132.7;0.12;0;0;18.3;18.3;14.4;13391;107;1;0;0
2022:08:22:18:49:01,234;4;130;111.4;131.9;132.8;0.61;93;96;18.1;18.2;14.4;13391;107;0;0;256
2022:08:22:18:50:01,282;5;163;137.6;131.9;133.3;1.01;217;219;18.2;18.0;14.4;13391;107;0;0;256
2022:08:22:18:51:00,811;3;118;102.8;131.9;132.8;0.56;61;62;18.3;18.2;14.4;13391;107;0;0;256
2022:08:22:18:52:00,379;4;136;117.8;132.6;132.8;0.65;114;117;18.3;18.4;14.4;13391;107;0;0;256
2022:08:22:18:53:00,548;4;138;119.4;131.9;133.1;0.68;126;122;18.2;18.2;14.4;13391;107;0;0;256
2022:08:22:18:54:00,617;4;123;106.8;131.9;132.8;0.57;71;73;18.3;18.0;14.3;13391;107;0;0;256
2022:08:22:18:55:00,725;4;121;105.0;131.9;132.8;0.56;68;68;18.3;18.2;14.3;13391;107;0;0;256
2022:08:22:18:56:00,854;4;136;118.3;131.9;133.3;0.66;116;121;18.2;18.4;14.3;13391;107;0;0;256
2022:08:22:18:57:00,564;4;119;103.1;131.9;133.1;0.56;65;65;18.2;18.0;14.3;13391;107;0;0;256
2022:08:22:18:58:00,619;3;119;102.7;131.9;132.5;0.56;60;58;18.2;17.9;14.3;13391;107;0;0;256
2022:08:22:18:59:00,593;3;116;100.3;131.9;132.8;0.55;50;52;18.1;18.2;14.3;13391;107;0;0;256
2022:08:22:19:00:00,688;3;106;95.0;131.7;132.5;0.57;9;13;18.1;18.1;14.2;13391;107;8;0;256
2022:08:22:19:01:00,183;3;117;102.4;131.9;132.5;0.56;27;29;18.1;17.7;14.2;13391;107;0;0;256
2022:08:22:19:02:00,215;3;85;75.6;131.7;132.7;0.56;3;2;18.1;18.0;14.2;13391;107;8;0;256
2022:08:22:19:03:00,164;2;60;56.4;131.2;132.4;0.13;0;0;17.9;17.9;14.2;13391;107;1;0;0
2022:08:22:19:04:00,232;1;39;49.3;131.5;132.7;0.13;0;0;17.6;17.6;14.2;13391;107;1;0;0
2022:08:22:19:05:00,141;0;5;36.8;131.2;132.4;0.12;0;0;17.5;17.5;14.2;13391;107;1;0;0
2022:08:22:19:06:00,089;0;0;29.3;131.5;132.5;0.13;0;0;17.4;17.4;14.2;13391;107;1;0;0
2022:08:22:19:07:00,138;0;0;25.0;131.5;132.7;0.13;0;0;17.4;17.4;14.2;13391;107;1;0;0
2022:08:22:19:08:00,167;0;0;23.7;131.7;132.7;0.12;0;0;17.3;17.3;14.1;13391;107;1;0;0
2022:08:22:19:09:00,275;0;0;23.2;131.9;133.1;0.12;0;0;17.2;17.2;14.1;13391;107;1;0;0
2022:08:22:19:10:00,244;0;0;23.7;131.7;133.3;0.12;0;0;17.2;17.2;14.1;13391;107;1;0;0
2022:08:22:19:11:00,132;0;0;23.6;131.7;133.0;0.12;0;0;17.2;17.2;14.1;13391;107;1;0;0
2022:08:22:19:12:00,081;0;0;24.3;131.7;133.0;0.12;0;0;17.1;17.1;14.1;13391;107;1;0;0
2022:08:22:19:13:00,149;0;0;24.4;131.9;133.3;0.12;0;0;17.1;17.1;14.1;13391;107;1;0;0
2022:08:22:19:14:00,078;0;5;26.1;131.7;132.7;0.12;0;0;17.0;17.0;14.0;13391;107;1;0;0
2022:08:22:19:15:00,087;0;0;27.1;131.7;132.7;0.13;0;0;17.0;17.0;14.0;13391;107;1;0;0
2022:08:22:19:16:00,095;0;0;26.4;131.7;133.0;0.12;0;0;17.0;16.9;14.0;13391;107;1;0;0
2022:08:22:19:17:00,104;0;5;26.3;131.7;132.7;0.13;0;0;16.9;16.9;14.0;13391;107;1;0;0
2022:08:22:19:18:00,172;0;0;25.7;131.2;132.4;0.13;0;0;16.9;16.9;13.9;13391;107;1;0;0
2022:08:22:19:19:00,181;0;0;24.2;131.5;132.7;0.13;0;0;16.9;16.8;13.9;13391;107;1;0;0
2022:08:22:19:20:00,209;0;5;26.5;131.5;132.5;0.13;0;0;16.9;16.8;13.9;13391;107;1;0;0
2022:08:22:19:21:00,198;1;32;29.6;131.2;132.7;0.12;0;0;16.8;16.8;13.9;13391;107;1;0;0
2022:08:22:19:22:01,486;3;120;107.2;131.5;132.1;0.1;0;65;16.7;16.7;13.9;13391;107;0;0;0
2022:08:22:19:23:00,035;3;116;100.3;131.7;132.5;0.55;51;53;17.0;16.9;13.9;13391;107;0;0;256
2022:08:22:19:24:00,044;3;118;102.2;131.9;132.8;0.56;55;59;17.3;17.4;13.9;13391;107;0;0;256
2022:08:22:19:25:00,132;2;75;69.0;131.5;132.1;0.58;0;0;17.4;17.1;13.8;13391;107;8;0;256
2022:08:22:19:26:00,101;1;43;51.6;131.7;133.0;0.13;0;0;17.2;17.2;13.8;13391;107;1;0;0
2022:08:22:19:27:00,189;3;122;108.6;131.9;132.8;0.1;0;71;16.9;16.9;13.8;13391;107;0;0;0
2022:08:22:19:28:00,258;4;130;112.2;131.9;133.1;0.61;98;102;17.1;17.0;13.8;13391;107;0;0;256
2022:08:22:19:29:00,307;4;152;131.3;132.4;133.2;0.86;178;176;17.2;17.0;13.8;13391;107;0;0;256
2022:08:22:19:30:00,395;3;111;96.7;132.1;132.9;0.55;36;38;17.4;17.5;13.8;13391;107;0;0;256
2022:08:22:19:31:00,404;3;99;86.5;132.4;132.8;0.55;16;16;17.4;17.3;13.8;13391;107;0;0;256
2022:08:22:19:32:01,192;3;89;78.6;131.9;132.5;0.57;7;6;17.4;17.1;13.8;13391;107;0;0;256
2022:08:22:19:33:01,281;5;165;141.6;132.6;133.9;1.04;225;228;17.4;17.4;13.8;13391;107;0;0;256
2022:08:22:19:34:01,349;2;83;73.8;131.7;132.7;0.55;6;3;17.5;17.6;13.8;13391;107;0;0;256
2022:08:22:19:35:01,078;2;69;64.0;131.9;133.1;0.12;0;0;17.5;17.5;13.8;13391;107;1;0;0
2022:08:22:19:36:00,806;3;110;96.0;132.4;132.8;0.55;34;34;17.4;17.4;13.8;13391;107;0;0;256
2022:08:22:19:37:00,895;3;119;102.9;132.1;132.6;0.56;63;63;17.4;17.3;13.8;13391;107;0;0;256
2022:08:22:19:38:00,944;3;97;86.1;132.1;133.1;0.55;13;14;17.4;17.0;13.8;13391;107;0;0;256
2022:08:22:19:39:01,152;2;65;56.5;131.9;132.8;0.57;0;0;17.5;17.4;13.8;13391;107;8;0;256
2022:08:22:19:40:01,241;3;92;83.0;131.7;132.3;0.56;0;3;17.4;17.3;13.8;13391;107;8;0;256
2022:08:22:19:41:01,409;3;137;120.1;131.7;132.5;0.56;53;55;17.4;17.0;13.8;13391;107;8;0;256
2022:08:22:19:42:01,538;3;131;114.3;132.1;132.9;0.56;44;46;17.4;17.3;13.8;13391;107;8;0;256
2022:08:22:19:43:00,086;3;125;110.4;132.1;132.9;0.55;37;38;17.4;17.2;13.8;13391;107;8;0;256
2022:08:22:19:44:00,095;3;107;96.1;132.1;132.9;0.55;14;13;17.4;17.1;13.8;13391;107;8;0;256
2022:08:22:19:45:01,524;2;80;73.8;132.1;132.9;0.56;0;1;17.4;17.3;13.8;13391;107;8;0;256
2022:08:22:19:46:00,092;3;99;89.2;131.7;132.7;0.56;4;7;17.4;17.1;13.8;13391;107;8;0;256
2022:08:22:19:47:00,901;3;91;80.9;132.1;133.1;0.58;6;3;17.4;17.2;13.9;13391;107;8;0;256
2022:08:22:19:48:00,929;3;153;133.3;132.4;132.8;0.58;75;80;17.3;17.4;13.9;13391;107;8;0;256
2022:08:22:19:49:01,018;3;124;110.0;132.1;132.6;0.55;36;36;17.4;17.4;13.8;13391;107;8;0;256
2022:08:22:19:50:01,086;3;136;119.2;132.1;133.1;0.56;53;53;17.4;17.1;13.8;13391;107;8;0;256
2022:08:22:19:51:01,175;3;107;95.3;131.9;132.5;0.55;0;13;17.4;17.2;13.9;13391;107;8;0;256
2022:08:22:19:52:01,204;4;165;145.1;131.9;133.3;0.62;102;103;17.3;17.4;13.9;13391;107;8;0;256
2022:08:22:19:53:01,292;3;131;114.6;132.1;133.1;0.56;44;46;17.4;17.1;13.8;13391;107;8;0;256
2022:08:22:19:54:01,361;3;149;130.7;132.1;132.9;0.58;78;79;17.4;17.2;13.9;13391;107;0;0;256
2022:08:22:19:55:01,429;3;111;97.1;131.9;132.8;0.56;18;18;17.4;17.4;13.9;13391;107;0;0;256
2022:08:22:19:56:01,478;3;156;136.8;132.1;133.1;0.59;88;92;17.3;17.3;13.9;13391;107;0;0;256
2022:08:22:19:57:01,546;3;116;101.8;131.7;132.3;0.55;24;26;17.4;16.9;13.9;13391;107;0;0;256
2022:08:22:19:58:00,075;4;176;153.4;132.4;133.0;0.7;132;133;17.3;17.5;13.9;13391;107;0;0;256
2022:08:22:19:59:00,164;3;151;131.7;132.4;133.2;0.59;82;83;17.3;17.2;13.9;13391;107;0;0;256
2022:08:22:20:00:00,172;1;47;52.2;131.9;132.8;0.13;0;0;17.4;17.3;13.8;13391;107;1;0;0
2022:08:22:20:01:00,241;4;139;119.9;132.6;133.4;0.67;123;128;17.1;17.3;13.9;13391;107;0;0;256
2022:08:22:20:02:00,369;2;58;54.6;131.9;133.1;0.12;0;0;17.3;17.2;13.9;13391;107;1;0;0
2022:08:22:20:03:00,378;3;109;95.2;132.6;133.0;0.56;33;34;17.1;16.8;13.9;13391;107;0;0;256
2022:08:22:20:04:00,466;3;91;84.7;132.4;133.0;0.57;2;3;17.2;17.2;13.9;13391;107;8;0;256
2022:08:22:20:05:00,475;3;153;133.8;132.1;132.9;0.57;74;80;17.2;17.4;13.9;13391;107;8;0;256
2022:08:22:20:06:00,564;3;143;125.1;132.1;132.9;0.56;61;64;17.3;17.1;13.9;13391;107;8;0;256
2022:08:22:20:07:00,612;3;99;87.5;131.9;132.5;0.57;18;7;17.4;17.1;13.9;13391;107;8;0;256
2022:08:22:20:08:00,801;3;119;104.8;132.1;133.1;0.55;26;28;17.3;17.4;13.9;13391;107;8;0;256
2022:08:22:20:09:00,849;2;65;60.5;131.9;132.8;0.13;0;0;17.4;17.3;13.9;13391;107;1;0;0
2022:08:22:20:10:00,918;3;89;82.9;131.7;133.0;0.13;0;6;17.1;17.1;13.9;13391;107;1;0;0
2022:08:22:20:11:00,966;3;87;75.7;131.9;132.5;0.57;0;2;17.1;17.2;13.9;13391;107;8;0;256
2022:08:22:20:12:01,035;3;128;112.6;132.1;132.9;0.55;40;39;17.2;17.3;13.9;13391;107;8;0;256
2022:08:22:20:13:01,063;3;134;117.7;132.4;133.0;0.55;50;51;17.3;17.0;13.9;13391;107;8;0;256
2022:08:22:20:14:01,132;3;114;100.3;132.1;133.1;0.56;20;21;17.3;17.1;13.9;13391;107;8;0;256
2022:08:22:20:15:01,161;3;150;130.6;132.1;133.1;0.56;73;76;17.3;17.5;13.9;13391;107;8;0;256
2022:08:22:20:16:01,289;3;126;110.8;132.6;133.0;0.56;37;38;17.3;17.2;13.9;13391;107;8;0;256
2022:08:22:20:17:01,278;3;105;92.8;132.4;133.0;0.56;9;12;17.4;17.1;13.9;13391;107;8;0;256
2022:08:22:20:18:01,346;2;83;74.4;132.1;133.1;0.57;0;1;17.4;17.3;13.9;13391;107;8;0;256
2022:08:22:20:19:01,435;2;83;76.6;131.9;132.8;0.56;0;1;17.4;17.2;13.9;13391;107;8;0;256
2022:08:22:20:20:01,523;2;67;58.9;132.4;133.0;0.57;0;0;17.4;17.1;13.9;13391;107;8;0;256
2022:08:22:20:21:01,532;3;103;90.6;132.4;133.0;0.56;21;23;17.2;17.3;13.9;13391;107;0;0;256
2022:08:22:20:22:00,041;3;101;91.1;132.4;133.2;0.56;6;9;17.3;17.0;14.0;13391;107;8;0;256
2022:08:22:20:23:00,449;3;125;109.9;132.4;133.2;0.56;36;36;17.3;17.1;13.9;13391;107;8;0;256
2022:08:22:20:24:00,498;3;93;83.7;132.4;133.0;0.56;1;4;17.4;17.4;14.0;13391;107;8;0;256
2022:08:22:20:25:00,586;3;113;99.7;132.4;133.2;0.56;20;20;17.4;17.4;14.0;13391;107;8;0;256
2022:08:22:20:26:01,375;2;82;64.8;132.6;133.0;0.58;1;2;17.5;17.1;14.0;13391;107;8;0;256
2022:08:22:20:27:01,383;2;84;76.5;131.2;131.9;0.55;0;1;17.3;17.1;14.0;13391;107;8;0;256
2022:08:22:20:28:00,012;2;83;75.3;131.0;131.5;0.55;0;1;17.4;17.3;14.0;13391;107;8;0;256
2022:08:22:20:29:00,081;3;104;97.4;131.0;131.9;0.12;0;24;17.3;17.3;14.0;13391;107;1;0;0
2022:08:22:20:30:00,209;3;102;89.9;131.2;131.7;0.55;21;21;17.3;17.2;14.0;13391;107;0;0;256
2022:08:22:20:31:00,338;3;145;127.1;131.5;132.5;0.56;64;68;17.3;17.4;14.0;13391;107;8;0;256
2022:08:22:20:32:00,526;3;140;122.3;131.5;132.1;0.56;60;61;17.4;17.2;14.0;13391;107;8;0;256
2022:08:22:20:33:00,735;3;97;84.7;131.2;131.9;0.55;0;6;17.4;17.0;14.0;13391;107;8;0;256
2022:08:22:20:34:00,903;3;113;99.3;131.0;132.1;0.55;20;20;17.4;17.4;14.0;13391;107;8;0;256
2022:08:22:20:35:01,032;3;150;132.3;131.5;132.5;0.56;70;74;17.4;17.5;14.0;13391;107;8;0;256
2022:08:22:20:36:00,661;3;133;115.4;131.7;132.5;0.58;80;79;17.5;17.2;14.0;13391;107;0;0;256
2022:08:22:20:37:00,189;3;110;96.7;131.7;132.3;0.55;24;26;17.5;17.4;14.0;13391;107;0;0;256
2022:08:22:20:38:00,278;3;133;116.3;131.2;132.1;0.57;77;79;17.5;17.5;14.0;13391;107;0;0;256
2022:08:22:20:39:00,366;3;101;88.1;131.2;131.9;0.55;12;14;17.5;17.2;14.0;13391;107;0;0;256
2022:08:22:20:40:00,415;3;114;99.5;131.2;131.7;0.55;35;34;17.4;17.2;14.0;13391;107;0;0;256
2022:08:22:20:41:00,623;3;97;86.1;131.2;131.9;0.56;7;6;17.5;17.5;14.0;13391;107;8;0;256
2022:08:22:20:42:00,652;3;127;110.6;131.0;131.9;0.55;43;46;17.5;17.4;14.0;13391;107;0;0;256
2022:08:22:20:43:00,721;3;152;132.1;131.2;131.9;0.59;89;93;17.5;17.2;14.1;13391;107;0;0;256
2022:08:22:20:44:00,729;3;129;113.8;131.5;131.9;0.55;46;49;17.5;17.5;14.0;13391;107;0;0;256
2022:08:22:20:45:01,498;4;159;138.2;131.2;132.1;0.71;136;137;17.4;17.5;14.0;13391;107;0;0;256
2022:08:22:20:46:00,006;3;112;97.8;131.7;132.3;0.55;25;27;17.5;17.2;14.0;13391;107;0;0;256
2022:08:22:20:47:00,155;3;140;121.4;131.5;132.1;0.59;88;87;17.5;17.6;14.0;13391;107;0;0;256
2022:08:22:20:48:00,263;2;70;62.3;131.7;132.3;0.56;2;0;17.5;17.4;14.0;13391;107;8;0;256
2022:08:22:20:49:00,452;3;118;102.8;131.7;132.3;0.56;62;58;17.4;17.1;14.0;13391;107;0;0;256
2022:08:22:20:50:00,481;3;97;85.0;131.5;131.9;0.55;12;14;17.4;17.5;14.0;13391;107;0;0;256
2022:08:22:20:51:00,529;4;136;117.1;131.7;132.7;0.66;117;117;17.4;17.4;14.0;13391;107;0;0;256
2022:08:22:20:52:00,618;2;76;71.0;131.2;131.9;0.58;9;0;17.5;17.1;14.0;13391;107;8;0;256
2022:08:22:20:53:00,186;4;199;174.5;131.5;132.9;0.89;186;184;17.3;17.5;14.0;13391;107;8;0;256
2022:08:22:20:54:00,255;4;193;169.1;131.5;132.5;0.84;171;173;17.4;17.5;14.0;13391;107;0;0;256
2022:08:22:20:55:00,303;4;152;132.5;131.5;132.1;0.64;111;111;17.5;17.3;14.0;13391;107;0;0;256
2022:08:22:20:56:00,792;4;170;146.5;131.5;132.9;0.86;178;180;17.5;17.4;14.0;13391;107;0;0;256
2022:08:22:20:57:00,801;3;123;107.6;131.2;132.1;0.55;52;53;17.5;17.6;14.0;13391;107;0;0;256
2022:08:22:20:58:00,869;3;113;99.2;131.5;131.9;0.55;31;32;17.4;17.3;13.9;13391;107;0;0;256
2022:08:22:20:59:00,998;3;111;96.6;131.2;131.7;0.56;16;17;17.4;17.2;14.0;13391;107;8;0;256
2022:08:22:21:00:01,006;3;111;96.9;131.2;131.7;0.55;16;17;17.4;17.5;13.9;13391;107;8;0;256
2022:08:22:21:01:01,055;3;156;137.3;131.5;132.5;0.59;85;86;17.4;17.2;14.0;13391;107;8;0;256
2022:08:22:21:02:01,223;3;107;92.5;131.5;132.1;0.56;14;13;17.5;17.1;14.0;13391;107;8;0;256
2022:08:22:21:03:01,272;3;93;83.9;131.5;131.9;0.56;4;4;17.4;17.5;14.0;13391;107;8;0;256
2022:08:22:21:04:01,320;3;102;89.8;131.2;131.9;0.56;18;21;17.3;17.2;14.0;13391;107;0;0;256
2022:08:22:21:05:01,309;3;108;93.7;131.5;132.1;0.55;28;30;17.4;17.1;13.9;13391;107;0;0;256
2022:08:22:21:06:01,338;3;112;97.8;131.5;132.1;0.55;42;41;17.4;17.5;14.0;13391;107;0;0;256
2022:08:22:21:07:01,446;3;110;96.2;131.5;132.1;0.55;34;35;17.4;17.3;13.9;13391;107;0;0;256
2022:08:22:21:08:00,015;3;112;98.2;131.5;132.5;0.55;39;41;17.4;17.3;13.9;13391;107;0;0;256
2022:08:22:21:09:00,123;3;107;93.6;131.7;132.7;0.55;28;30;17.4;17.5;13.9;13391;107;0;0;256
2022:08:22:21:10:00,152;3;112;98.0;131.7;132.7;0.55;41;41;17.4;17.2;13.9;13391;107;0;0;256
2022:08:22:21:11:00,241;3;105;92.1;131.7;132.5;0.55;26;27;17.4;17.3;13.9;13391;107;0;0;256
2022:08:22:21:12:00,309;4;128;111.2;131.7;132.3;0.59;89;89;17.4;17.5;13.9;13391;107;0;0;256
2022:08:22:21:13:00,398;3;113;98.4;131.5;132.5;0.55;40;44;17.4;17.2;13.9;13391;107;0;0;256
2022:08:22:21:14:00,450;3;86;78.7;131.0;131.9;0.56;4;5;17.4;17.2;13.9;13391;107;0;0;256
2022:08:22:21:15:00,565;2;66;61.8;130.8;131.7;0.12;0;0;17.5;17.4;13.9;13391;107;1;0;0
2022:08:22:21:16:00,659;4;126;109.0;131.2;132.4;0.58;85;87;17.2;17.0;13.9;13391;107;0;0;256
2022:08:22:21:17:00,834;2;67;59.4;130.6;131.2;0.57;0;0;17.3;17.1;13.9;13391;107;8;0;256
2022:08:22:21:18:00,768;4;163;143.2;131.0;131.5;0.61;100;100;17.2;17.4;13.9;13391;107;8;0;256
2022:08:22:21:19:00,879;2;68;59.2;130.8;131.3;0.57;0;0;17.4;17.3;13.9;13391;107;8;0;256
2022:08:22:21:20:00,908;3;152;133.6;131.0;131.9;0.57;77;80;17.3;17.0;13.9;13391;107;8;0;256
2022:08:22:21:21:01,116;3;131;115.1;131.2;131.7;0.55;44;46;17.3;17.2;13.8;13391;107;8;0;256
2022:08:22:21:22:00,445;3;117;103.5;131.2;130.9;0.53;27;25;17.3;17.3;13.8;13391;107;8;0;256
2022:08:22:21:23:00,473;4;170;147.8;131.2;132.1;0.64;111;113;17.2;16.9;13.8;13391;107;8;0;256
2022:08:22:21:24:00,722;3;158;138.8;131.5;131.9;0.58;88;90;17.3;17.2;13.8;13391;107;8;0;256
2022:08:22:21:25:00,770;3;115;101.2;131.2;131.9;0.55;22;23;17.3;17.3;13.8;13391;107;8;0;256
2022:08:22:21:26:00,899;3;100;88.3;131.5;132.5;0.58;19;8;17.2;17.0;13.8;13391;107;8;0;256
2022:08:22:21:27:00,988;4;173;151.7;131.7;132.7;0.67;120;119;17.2;17.0;13.8;13391;107;8;0;256
2022:08:22:21:28:01,036;3;124;109.2;131.7;132.3;0.55;32;35;17.2;17.2;13.7;13391;107;8;0;256
2022:08:22:21:29:01,465;4;166;143.8;131.9;133.1;0.78;157;162;17.2;17.1;13.8;13391;107;0;0;256
2022:08:22:21:30:00,013;4;148;128.2;131.2;132.4;0.65;109;112;17.2;17.2;13.7;13391;107;0;0;256
2022:08:22:21:31:00,182;4;184;158.9;131.7;132.7;1.03;219;219;17.2;17.3;13.7;13391;107;0;0;256
2022:08:22:21:32:00,210;3;109;95.2;131.5;132.5;0.55;21;23;17.2;17.0;13.7;13391;107;0;0;256
2022:08:22:21:33:00,299;3;120;104.7;131.7;132.5;0.55;43;45;17.2;17.2;13.7;13391;107;0;0;256
2022:08:22:21:34:00,428;3;142;124.3;131.9;132.5;0.56;62;63;17.2;17.3;13.7;13391;107;8;0;256
2022:08:22:21:35:00,616;3;135;119.1;131.9;132.8;0.56;52;52;17.2;16.9;13.7;13391;107;8;0;256
2022:08:22:21:36:00,625;4;161;140.7;131.7;132.5;0.59;94;96;17.1;17.1;13.7;13391;107;8;0;256
2022:08:22:21:37:00,693;3;121;106.2;131.9;132.5;0.56;29;31;17.1;17.2;13.6;13391;107;8;0;256
2022:08:22:21:38:00,722;4;163;143.5;131.9;133.1;0.6;98;100;17.1;16.8;13.7;13391;107;8;0;256
2022:08:22:21:39:00,370;3;117;102.8;131.7;131.9;0.55;25;25;17.1;17.0;13.6;13391;107;8;0;256
2022:08:22:21:40:01,059;3;123;107.7;131.9;132.5;0.56;35;33;17.1;17.2;13.6;13391;107;8;0;256
2022:08:22:21:41:01,108;2;58;54.7;131.7;132.7;0.11;0;0;17.1;17.0;13.6;13391;107;1;0;0
2022:08:22:21:42:01,136;3;98;91.8;131.9;132.8;0.13;0;16;16.8;16.9;13.6;13391;107;1;0;0
2022:08:22:21:43:01,245;3;95;83.0;131.9;132.5;0.56;15;12;16.9;17.1;13.6;13391;107;0;0;256
2022:08:22:21:44:01,313;3;118;103.4;132.1;133.1;0.55;28;27;16.9;16.8;13.6;13391;107;8;0;256
2022:08:22:21:45:00,562;2;77;70.8;132.1;132.6;0.57;0;0;17.0;16.9;13.6;13391;107;8;0;256
2022:08:22:21:46:00,610;3;124;109.1;132.4;132.8;0.55;32;33;17.0;17.1;13.6;13391;107;8;0;256
2022:08:22:21:47:01,239;3;98;86.4;132.4;132.8;0.56;6;7;17.1;16.8;13.6;13391;107;8;0;256
2022:08:22:21:48:01,308;2;65;61.4;131.9;133.1;0.13;0;0;17.0;17.0;13.5;13391;107;1;0;0
2022:08:22:21:49:01,276;3;115;108.4;132.1;132.9;0.12;0;51;16.7;16.8;13.5;13391;107;1;0;0
2022:08:22:21:50:01,325;2;85;79.2;132.1;132.9;0.13;0;5;16.6;16.6;13.5;13391;107;1;0;0
2022:08:22:21:51:01,373;3;105;91.9;132.6;133.0;0.56;26;27;16.6;16.4;13.5;13391;107;0;0;256
2022:08:22:21:52:01,462;3;98;86.8;132.6;133.0;0.56;16;16;16.7;16.8;13.5;13391;107;0;0;256
2022:08:22:21:53:00,190;3;105;91.8;132.6;132.8;0.56;26;27;16.8;16.5;13.5;13391;107;0;0;256
2022:08:22:21:54:00,339;4;126;109.4;132.8;133.2;0.58;80;85;16.9;16.8;13.5;13391;107;0;0;256
2022:08:22:21:55:00,468;4;134;115.8;133.0;133.8;0.64;113;112;16.9;17.0;13.5;13391;107;0;0;256
2022:08:22:21:56:00,456;3;113;98.0;133.0;133.8;0.56;43;44;17.0;16.7;13.4;13391;107;0;0;256
2022:08:22:21:57:00,525;3;105;91.2;132.8;133.4;0.56;25;24;16.9;16.8;13.4;13391;107;0;0;256
2022:08:22:21:58:00,613;2;69;62.7;132.6;133.4;0.57;0;0;17.0;17.0;13.4;13391;107;8;0;256
2022:08:22:21:59:00,702;3;102;89.5;132.8;133.7;0.56;12;9;16.9;16.6;13.4;13391;107;8;0;256
2022:08:22:22:00:00,770;3;145;126.4;131.7;132.5;0.56;67;68;16.9;16.7;13.4;13391;107;8;0;256
2022:08:22:22:01:00,599;3;114;99.7;131.5;131.7;0.55;20;21;16.9;16.9;13.4;13391;107;8;0;256
2022:08:22:22:02:00,668;3;100;90.3;131.2;131.9;0.55;8;9;16.8;16.5;13.4;13391;107;8;0;256
2022:08:22:22:03:00,696;3;108;95.7;131.7;132.5;0.55;16;15;16.8;16.7;13.4;13391;107;8;0;256
2022:08:22:22:04:00,845;2;87;81.7;131.2;132.4;0.13;0;5;16.8;16.7;13.4;13391;107;1;0;0
2022:08:22:22:05:00,853;3;107;93.1;131.7;132.5;0.53;28;30;16.7;16.4;13.3;13391;107;0;0;256
2022:08:22:22:06:00,862;2;77;69.6;131.5;132.1;0.56;0;0;16.8;16.7;13.3;13391;107;8;0;256
2022:08:22:22:07:00,049;3;96;85.5;131.7;132.5;0.56;4;6;16.7;16.6;13.3;13391;107;8;0;256
2022:08:22:22:08:00,119;3;117;103.1;131.9;132.8;0.55;24;25;16.7;16.5;13.3;13391;107;8;0;256
2022:08:22:22:09:00,168;3;128;112.7;131.7;132.7;0.55;37;39;16.7;16.8;13.3;13391;107;8;0;256
2022:08:22:22:10:00,296;3;95;85.1;131.7;132.3;0.56;3;5;16.8;16.6;13.3;13391;107;8;0;256
2022:08:22:22:11:00,265;3;87;81.6;131.5;132.7;0.13;0;5;16.6;16.6;13.3;13391;107;1;0;0
2022:08:22:22:12:00,253;2;85;79.7;131.0;132.1;0.12;0;5;16.5;16.5;13.2;13391;107;1;0;0
2022:08:22:22:13:00,522;2;53;71.1;131.2;132.1;0.13;0;0;16.3;16.3;13.3;13391;107;1;0;0
2022:08:22:22:14:01,010;1;35;47.0;131.5;132.5;0.13;0;0;16.2;16.1;13.3;13391;107;1;0;0
2022:08:22:22:15:01,499;0;0;34.6;131.5;132.1;0.12;0;0;16.1;16.0;13.3;13391;107;1;0;0
2022:08:22:22:16:01,367;0;0;27.0;131.7;132.7;0.12;0;0;16.0;15.9;13.2;13391;107;1;0;0
2022:08:22:22:17:01,296;0;0;24.3;131.7;132.5;0.12;0;0;16.0;15.9;13.2;13391;107;1;0;0
2022:08:22:22:18:00,725;0;0;23.7;131.7;132.7;0.12;0;0;15.9;15.8;13.2;13391;107;1;0;0
2022:08:22:22:19:00,172;0;5;27.3;131.9;132.8;0.12;0;0;15.8;15.8;13.2;13391;107;1;0;0
2022:08:22:22:20:00,402;0;5;27.2;131.7;132.7;0.12;0;0;15.8;15.7;13.1;13391;107;1;0;0
2022:08:22:22:21:01,030;0;5;27.0;131.9;132.8;0.12;0;0;15.8;15.7;13.1;13391;107;1;0;0
2022:08:22:22:22:01,439;1;25;29.9;131.5;132.7;0.13;0;0;15.7;15.6;13.1;13391;107;1;0;0
2022:08:22:22:23:00,066;0;5;29.5;131.0;131.9;0.12;0;0;15.7;15.6;13.0;13391;107;1;0;0
2022:08:22:22:24:00,796;0;0;28.1;130.8;131.5;0.12;0;0;15.6;15.6;13.0;13391;107;1;0;0
2022:08:22:22:25:00,945;0;0;25.2;130.4;131.1;0.12;0;0;15.6;15.6;13.0;13391;107;1;0;0
2022:08:22:22:26:01,433;0;0;24.7;130.1;131.2;0.12;0;0;15.6;15.6;13.0;13391;107;1;0;0
2022:08:22:22:27:00,802;0;0;23.7;131.7;132.7;0.13;0;0;15.6;15.5;12.9;13391;107;1;0;0
2022:08:22:22:28:00,149;0;0;23.4;131.7;133.0;0.12;0;0;15.6;15.5;12.9;13391;107;1;0;0
2022:08:22:22:29:00,939;0;0;24.5;131.7;133.3;0.13;0;0;15.6;15.5;12.9;13391;107;1;0;0
2022:08:22:22:30:00,787;0;0;23.7;131.9;133.1;0.12;0;0;15.5;15.4;12.9;13391;107;1;0;0
2022:08:22:22:31:00,375;0;0;23.5;131.9;132.8;0.13;0;0;15.5;15.4;12.8;13391;107;1;0;0
2022:08:22:22:32:00,324;0;0;24.3;132.1;133.1;0.12;0;0;15.5;15.4;12.8;13391;107;1;0;0
2022:08:22:22:33:00,292;0;0;23.5;132.1;133.6;0.13;0;0;15.5;15.3;12.8;13391;107;1;0;0
2022:08:22:22:34:00,401;0;0;23.7;131.9;132.8;0.13;0;0;15.5;15.3;12.8;13391;107;1;0;0
2022:08:22:22:35:00,510;0;0;25.7;132.1;133.6;0.13;0;0;15.4;15.3;12.7;13391;107;1;0;0
2022:08:22:22:36:00,719;1;37;34.7;131.9;133.3;0.12;0;0;15.4;15.3;12.7;13391;107;1;0;0
2022:08:22:22:37:00,867;2;50;46.9;132.4;133.0;0.12;0;0;15.4;15.3;12.7;13391;107;1;0;0
2022:08:22:22:38:00,896;4;119;102.8;132.6;133.4;0.57;65;63;15.5;15.5;12.7;13391;107;0;0;256
2022:08:22:22:39:00,685;4;131;113.5;132.6;133.4;0.6;94;102;15.7;15.7;12.7;13391;107;0;0;256
2022:08:22:22:40:01,373;4;129;111.9;132.4;133.2;0.6;92;93;15.9;15.5;12.7;13391;107;0;0;256
2022:08:22:22:41:00,301;3;109;95.6;132.1;133.1;0.52;23;36;15.9;16.0;12.6;13391;107;0;0;256
2022:08:22:22:42:00,389;3;97;85.2;132.1;133.1;0.56;15;14;16.0;15.6;12.7;13391;107;0;0;256
2022:08:22:22:43:00,498;4;150;129.8;132.6;133.4;0.81;163;169;15.9;15.9;12.7;13391;107;0;0;256
2022:08:22:22:44:00,607;2;83;72.0;132.1;133.1;0.56;3;3;16.0;15.8;12.7;13391;107;0;0;256
2022:08:22:22:45:00,616;3;151;132.8;132.4;133.6;0.58;75;78;15.9;15.8;12.7;13391;107;8;0;256
2022:08:22:22:46:01,025;2;85;78.8;132.1;133.1;0.57;0;2;16.0;16.1;12.7;13391;107;8;0;256
2022:08:22:22:47:01,153;3;95;83.9;132.1;132.9;0.57;3;5;16.0;15.7;12.7;13391;107;8;0;256
2022:08:22:22:48:01,482;3;101;88.9;132.1;132.9;0.55;8;9;16.1;16.0;12.7;13391;107;8;0;256
2022:08:22:22:49:00,049;3;129;112.5;132.4;132.8;0.55;41;42;16.0;15.7;12.7;13391;107;8;0;256
2022:08:22:22:50:00,038;1;48;50.1;131.9;133.1;0.13;0;0;16.1;16.0;12.7;13391;107;1;0;0
2022:08:22:22:51:00,546;4;131;113.5;132.8;133.7;0.62;100;102;15.9;15.9;12.8;13391;107;0;0;256
2022:08:22:22:52:00,615;3;102;88.8;132.6;133.4;0.56;15;19;16.0;15.6;12.7;13391;107;0;0;256
2022:08:22:22:53:00,705;2;72;63.1;132.4;133.0;0.57;0;0;16.1;16.1;12.7;13391;107;8;0;256
2022:08:22:22:54:00,673;2;54;51.5;132.1;133.1;0.13;0;0;16.1;16.0;12.7;13391;107;1;0;0
2022:08:22:22:55:00,702;2;85;74.3;132.6;133.0;0.56;3;5;15.9;15.8;12.7;13391;107;0;0;256
2022:08:22:22:56:01,070;3;156;137.0;132.4;133.0;0.6;86;87;15.9;16.0;12.8;13391;107;8;0;256
2022:08:22:22:57:01,099;3;101;88.5;132.1;132.6;0.57;9;9;16.0;15.6;12.8;13391;107;8;0;256
2022:08:22:22:58:01,107;1;49;46.0;132.1;133.1;0.13;0;0;15.9;15.8;12.7;13391;107;1;0;0
2022:08:22:22:59:01,116;3;108;93.9;132.6;133.4;0.53;18;33;15.8;15.6;12.8;13391;107;0;0;256
2022:08:22:23:00:01,204;2;78;70.0;132.6;133.0;0.57;0;0;15.9;15.8;12.8;13391;107;8;0;256
2022:08:22:23:01:01,253;3;91;80.4;132.4;133.2;0.56;2;3;16.0;16.0;12.8;13391;107;8;0;256
2022:08:22:23:02:01,342;3;127;111.5;132.6;133.4;0.57;36;39;16.0;15.6;12.8;13391;107;8;0;256
2022:08:22:23:03:01,450;3;105;94.2;132.4;133.2;0.56;10;12;16.1;16.0;12.8;13391;107;8;0;256
2022:08:22:23:04:01,559;3;145;127.0;132.8;133.7;0.57;69;68;16.0;15.9;12.8;13391;107;8;0;256
2022:08:22:23:05:00,106;3;116;102.4;132.8;133.4;0.56;24;24;16.0;16.0;12.8;13391;107;8;0;256
2022:08:22:23:06:00,876;2;84;76.3;132.6;133.0;0.57;0;1;16.1;16.0;12.8;13391;107;8;0;256
2022:08:22:23:07:00,884;3;135;118.3;133.0;133.8;0.56;52;52;16.0;15.6;12.8;13391;107;8;0;256
2022:08:22:23:08:01,033;3;97;85.2;132.8;133.4;0.57;8;6;16.0;16.1;12.8;13391;107;8;0;256
2022:08:22:23:09:01,042;3;129;112.0;133.0;133.8;0.56;43;41;16.0;15.8;12.7;13391;107;8;0;256
2022:08:22:23:10:01,090;3;89;77.4;133.0;133.5;0.56;3;3;16.1;15.9;12.8;13391;107;8;0;256
2022:08:22:23:11:01,119;3;121;105.9;133.0;133.5;0.56;28;31;16.0;16.0;12.7;13391;107;8;0;256
2022:08:22:23:12:01,087;2;60;56.5;133.0;134.3;0.11;0;0;16.1;15.8;12.7;13391;107;1;0;0
2022:08:22:23:13:01,136;3;99;87.6;133.0;134.0;0.56;17;17;16.0;16.0;12.8;13391;107;0;0;256
2022:08:22:23:14:00,904;3;104;91.5;133.3;133.8;0.55;2;11;16.0;15.7;12.8;13391;107;8;0;256
2022:08:22:23:15:00,933;3;106;92.3;132.8;133.4;0.56;14;12;16.0;16.0;12.8;13391;107;8;0;256
2022:08:22:23:16:01,022;3;115;99.6;133.0;133.5;0.56;51;51;15.9;15.9;12.8;13391;107;0;0;256
2022:08:22:23:17:00,209;2;73;64.0;132.8;133.7;0.58;0;0;16.0;15.8;12.8;13391;107;8;0;256
2022:08:22:23:18:00,278;2;77;71.8;132.8;133.7;0.12;0;1;15.8;15.8;12.7;13391;107;1;0;0
2022:08:22:23:19:00,346;3;86;81.5;132.6;133.9;0.12;0;5;15.6;15.6;12.7;13391;107;1;0;0
2022:08:22:23:20:00,395;2;53;52.6;132.6;133.6;0.12;0;0;15.6;15.6;12.7;13391;107;1;0;0
2022:08:22:23:21:00,403;3;106;92.2;133.0;133.5;0.55;28;29;15.6;15.4;12.8;13391;107;0;0;256
2022:08:22:23:22:00,512;3;95;83.3;133.0;133.8;0.58;25;12;15.7;15.6;12.8;13391;107;0;0;256
2022:08:22:23:23:00,521;2;67;62.9;132.8;133.4;0.12;0;0;15.8;15.7;12.7;13391;107;1;0;0
2022:08:22:23:24:00,589;3;95;85.8;133.3;134.0;0.57;11;12;15.7;15.4;12.8;13391;107;0;0;256
2022:08:22:23:25:00,678;2;77;71.2;133.0;133.8;0.57;0;0;15.8;15.9;12.8;13391;107;8;0;256
2022:08:22:23:26:00,746;2;76;67.3;133.0;133.5;0.58;8;0;15.9;15.7;12.8;13391;107;8;0;256
2022:08:22:23:27:00,795;2;75;66.1;133.0;133.8;0.57;0;0;16.0;15.8;12.8;13391;107;8;0;256
2022:08:22:23:28:00,803;2;63;60.0;132.8;133.7;0.13;0;0;15.8;15.8;12.7;13391;107;1;0;0
2022:08:22:23:29:00,812;2;62;58.0;133.0;134.0;0.12;0;0;15.6;15.6;12.7;13391;107;1;0;0
2022:08:22:23:30:00,824;3;95;83.9;133.3;133.8;0.59;23;12;15.6;15.7;12.8;13391;107;0;0;256
2022:08:22:23:31:00,884;3;99;93.4;132.8;133.7;0.12;0;17;15.6;15.6;12.8;13391;107;1;0;0
2022:08:22:23:32:00,925;3;108;101.7;132.8;134.0;0.13;0;33;15.5;15.6;12.8;13391;107;1;0;0
2022:08:22:23:33:06,107;2;58;78.3;133.0;134.0;0.13;0;0;15.5;15.5;12.8;13391;107;1;0;0
2022:08:22:23:34:00,806;3;99;93.0;133.0;134.3;0.12;0;17;15.4;15.4;12.8;13391;107;1;0;0
2022:08:22:23:35:00,845;3;102;90.2;133.3;133.8;0.56;20;23;15.5;15.6;12.8;13391;107;0;0;256
2022:08:22:23:36:00,000;3;101;88.9;133.5;134.0;0.56;19;19;15.6;15.3;12.8;13391;107;0;0;256
2022:08:22:23:37:00,095;3;113;98.9;133.5;133.8;0.56;43;44;15.8;15.8;12.8;13391;107;0;0;256
2022:08:22:23:38:00,529;2;78;67.8;133.3;134.0;0.59;0;0;15.9;15.8;12.8;13391;107;8;0;256
2022:08:22:23:39:00,584;3;100;86.7;133.5;134.4;0.58;9;8;15.9;15.6;12.8;13391;107;8;0;256
2022:08:22:23:40:00,656;3;89;77.9;133.5;134.0;0.59;1;3;16.0;16.0;12.8;13391;107;8;0;256
2022:08:22:23:41:00,785;2;67;58.6;133.5;134.0;0.58;0;0;16.1;15.7;12.8;13391;107;8;0;256
2022:08:22:23:42:00,853;3;104;97.7;133.3;134.6;0.13;0;24;15.8;15.8;12.8;13391;107;1;0;0
2022:08:22:23:43:00,882;3;85;74.2;133.0;133.8;0.56;6;5;15.9;15.8;12.8;13391;107;0;0;256
2022:08:22:23:44:00,970;3;87;75.7;132.6;133.6;0.6;12;2;15.9;15.6;12.8;13391;107;8;0;256
2022:08:22:23:45:00,959;3;127;111.9;133.0;133.8;0.56;38;39;16.0;16.1;12.8;13391;107;8;0;256
2022:08:22:23:46:01,068;3;116;102.3;133.0;134.3;0.56;23;24;16.0;15.7;12.8;13391;107;8;0;256
2022:08:22:23:47:01,156;3;117;103.0;133.5;134.0;0.56;24;25;16.1;16.0;12.8;13391;107;8;0;256
2022:08:22:23:48:01,205;3;122;106.9;133.0;133.8;0.56;30;32;16.1;16.1;12.8;13391;107;8;0;256
2022:08:22:23:49:01,253;3;91;80.3;133.0;133.8;0.57;1;3;16.1;15.8;12.8;13391;107;8;0;256
2022:08:22:23:50:01,422;2;55;51.7;133.0;134.0;0.13;0;0;16.0;15.9;12.8;13391;107;1;0;0
2022:08:22:23:51:01,491;4;141;121.3;133.3;134.2;0.69;130;132;15.8;15.5;12.9;13391;107;0;0;256
2022:08:22:23:52:01,560;3;111;96.6;133.3;133.8;0.56;38;38;15.9;15.9;12.9;13391;107;0;0;256
2022:08:22:23:53:00,048;3;118;102.7;134.2;134.1;0.57;60;59;16.0;15.7;12.9;13391;107;0;0;256
2022:08:22:23:54:00,796;4;139;119.4;133.3;134.2;0.68;123;124;16.1;15.9;12.9;13391;107;0;0;256
2022:08:22:23:55:00,825;3;108;94.0;133.3;134.0;0.56;31;33;16.1;16.2;12.9;13391;107;0;0;256
2022:08:22:23:56:00,933;2;66;57.3;133.0;134.3;0.57;0;0;16.2;15.8;12.9;13391;107;8;0;256
2022:08:22:23:57:01,002;3;95;83.7;133.0;133.8;0.55;0;5;16.2;16.2;12.9;13391;107;8;0;256
2022:08:22:23:58:01,190;2;60;53.9;133.0;134.0;0.57;0;0;16.2;15.9;12.9;13391;107;8;0;256
2022:08:22:23:59:00,039;2;65;66.5;131.5;132.7;0.12;0;0;15.9;15.9;12.9;13391;107;1;0;0
